feature_0,feature_1,feature_2,feature_3,feature_4,feature_5,feature_6,feature_7,feature_8,feature_9,transaction_amount,transaction_hour,is_international,fraud
0.16776928726282375,1.5473759401833351,-1.1263448312006994,-0.7565230733455232,-0.12761195969200023,1.7059893551091847,-2.902205069860087,-0.3976253518785835,2.257095491744455,-0.3062176199114996,64.57,12,0,0
1.7787524171690268,1.5990531094040459,-0.7993109676485716,-5.159150768533908,-1.1357479184313286,-2.2571946672146543,-1.3087612176507402,0.28248489506455676,2.6187499806572667,-0.30998448730443523,323.36,21,0,0
0.505875946703739,1.6610150404042903,-0.8742899143358059,-2.2524157154342603,-0.2987657475485158,-0.24581284013837013,-1.2604809517768754,0.3504250636792602,1.5955762586682396,1.4727972240789324,90.55,5,0,0
0.9266411631236976,0.8438212648431069,-1.409616062650578,-3.774731534543387,-1.838048106399456,-1.5055455193234575,-0.4341527599616322,1.506542495849617,-0.18814971297890004,0.06079072534737946,137.92,1,0,0
0.029106176090742855,-0.6103392273524921,-2.864737633191469,-5.500835810094418,1.1992971162046995,0.020249638304113082,-2.7451446854085866,3.5043824166140407,3.469982209845152,0.8538079976122384,56.21,13,1,0
-0.4964950212473154,1.8596814184553878,0.6853758438300319,1.1678250101991008,-1.406556902833734,1.6011387741380456,-2.8433817414193268,-0.9608711410748423,1.042506011438114,-0.821143021892283,33.23,6,0,0
-0.31408967221821693,2.769236496340425,-0.9398332478618047,-2.3516825656347486,-1.3436384897422617,-0.9167822092759609,-0.44574066012048996,-1.0595792620912505,0.8319679432106144,-0.7596551775402187,39.88,5,0,0
-0.4438708610613338,0.009288343502581897,-2.153479025038681,0.2886868569950445,2.0009758220775646,1.6655261789281068,0.2568836119972376,0.3997748761949872,0.30394978661859984,-1.8467567027830694,35.03,14,1,0
1.1277146915626994,-0.7413686092757727,-2.0669472122749566,-1.438812745026475,0.8763451608925269,2.9691468294637495,-4.780596452597499,0.2876121914641764,3.9545768183813514,0.14531527736462924,168.63,3,0,0
0.3982821042988582,2.3930557714529006,-0.4165669620449688,-2.857460064947955,-2.3043401140031268,-1.808722810687429,-0.3057881634148367,-1.5648162346377095,0.5852552271566573,0.539367096500596,81.31,22,0,0
-1.260408314602761,2.3899847909206864,-0.5837907148840626,-0.8400253471183428,2.971734809130064,-1.5935411032676556,3.536482446863438,-0.47427896162736394,0.6208813025683096,-1.0550275483061775,15.48,19,0,0
1.3038191243713537,1.4286548728798383,-0.7656919017844376,-2.8940632201507204,-1.9305136459822951,-1.0460267313457225,-1.0696444775841936,0.7007321382252885,0.33173692282244494,1.3603949534178836,201.1,2,0,0
-0.11909632923836583,0.9731836443975816,-0.8600527397544117,1.1837299728555275,2.0171435813514975,1.1159005344628958,1.1006245826089565,1.699935296101743,-0.6905373912467063,-0.3771662628657022,48.47,18,0,0
-3.402201123706043,0.38450906712718325,-0.9180691803132395,-5.031904382745053,0.16395481545242707,-1.0863768622220378,-2.74395526963666,1.8429737875901715,3.8810234471116356,-0.19368712908742566,1.82,15,0,0
2.1652515173308204,1.7070665896784556,-0.8872064308307867,-4.246856446832393,-2.537079183637668,-1.9546692651851065,-0.8549398372154081,2.0572455784073194,-0.12894429852332823,-0.8932658205233218,475.92,19,0,0
-0.31363242583449336,-0.4614339697778709,-2.213501224718507,-4.599325684937665,0.6787530916389657,-0.3721298822221364,-1.9712535578242714,1.899472727365433,2.884322912264288,-0.1990419659763111,39.9,18,0,0
0.24869217900616644,-3.4093066840692465,-3.0297579142493976,-2.150990328925247,0.9654887280646005,-0.39583009839669936,1.4706391710864342,-2.4086213786799875,0.3628179049091279,0.6401366786145135,70.01,5,0,1
0.35770071681983456,0.8269536887140294,-1.5468949654406305,-3.6484158079249775,0.002244761821675212,-0.3763381416672328,-1.7828559306881524,1.27334050258752,2.28992926705552,2.040549867811866,78.08,12,0,0
0.015545121904288245,2.052387168595384,0.30751426397732207,-2.927533908256766,-2.973780426992279,-1.787328377136347,-1.1862335422473302,0.8137527541289533,0.009086155385126915,0.5527987549615875,55.45,11,1,0
-3.277047582617936,1.6154088007618244,0.7127852847924192,-3.7441345444241554,-2.5072199099266497,-2.723192373020928,-0.7174740699959512,1.1069812394910932,0.5300392770629527,-0.8975602703564333,2.06,17,0,0
-0.07384488089222904,-1.9571741231775848,-1.752865459089727,-0.31633518229121965,1.0422128647148092,1.0284183397463813,-0.27821169486363306,-1.4386530905030752,0.9221069052037774,1.0965865249483584,50.71,17,0,1
1.330095018767949,2.4040548358715412,0.34020255201821104,0.5682109488749705,0.17413100187875652,1.556696284711725,-2.2573288679948553,2.2978250341020168,0.9080909279318319,-1.231599760467473,206.46,21,0,0
0.0031447315297101017,2.4601710837287243,-1.7767543070910363,-1.7035892275766233,-0.3791435988833577,1.0723592910962145,-1.6861454944549825,3.5807455588783395,-0.04573963623790123,0.4585364714875286,54.77,13,0,1
-2.7559579812845256,1.622359540901087,-2.089135473444749,-0.1638263762053932,2.315740314105452,0.2316515637673301,2.431662652821279,-0.2256409465484257,-0.3031644668300293,2.338488227450558,3.47,11,0,0
1.3741738089946551,0.49973026122893804,-0.3696039892340883,-3.3066641883775927,-2.011416534336423,-0.9871283295909232,-1.9298444766890281,2.9917281023721793,0.2726860971441303,-0.6808138626160672,215.76,12,0,0
-1.9194895628427024,1.7550738084294233,-1.3422263602805304,-4.302801776637425,-2.1003150553668393,-1.8390961702391853,-0.7319351733812255,0.027451926755095668,0.8079603777753607,-0.9119349462229781,8.01,19,1,0
-0.27582638532814757,4.503482941416001,0.46134488052875877,-1.2276133323718468,-2.7730613427827073,-1.8867791660114037,0.6299645218201142,-2.7644603223912414,-0.35954348982581097,0.5485675998464483,41.44,18,1,0
-0.91048799770149,-0.056263912743361955,-2.306447620582004,-1.5141495003778918,1.8167359068614655,1.5176033704197023,-1.3984620233236715,1.6090876103129654,1.8058526286019168,1.4056806186268038,21.97,1,0,0
-1.7841686746787173,3.081778102640083,2.3446274049611064,4.258579853074026,-2.365158997548739,2.5449482351593122,-2.988407719784159,-0.9018029154299307,-0.6340116079893752,0.17911969006672082,9.17,14,0,0
0.19131944046938348,2.0021354595008676,0.45769455359430244,-3.3829656001433452,-0.724450820861493,-1.9619503968332486,-0.6408493477924546,3.530629104487854,0.7413093383916523,-1.1567724396285102,66.11,17,0,1
-0.14966963357155616,2.685458011104745,-0.6305933787299206,-0.9682257186333066,1.7212817420941653,0.5193609608821571,-0.4562351139905874,3.5730989179806487,0.9107073982787198,-0.37996943184357773,47.01,3,0,0
-0.4036280130929735,1.6989146892137503,-1.1672049169740353,-6.349397825102269,-3.6249314092753435,-3.8633638331972993,0.10569493598516486,0.9984677184583,-0.23934225958664967,0.4018998571772891,36.47,18,0,0
-2.095754957460184,2.227480167010721,-0.5876951655662913,-5.251611447912318,-2.1449739317416268,-3.1392523102527186,-0.3499836412413455,-0.6161582378720993,1.639639924940614,-0.9640303691595028,6.71,18,0,0
0.4128921976458153,0.38051980677664565,-1.7691447062755317,-3.639857322122911,0.3944120937739566,0.32664710249975015,-2.543732194262684,3.157318031825663,2.2782687398844446,-1.1521823526073893,82.51,1,1,0
-0.6250306137832508,0.9881417761561625,0.15105299219859125,-2.8838815240304694,-1.77392057625516,-1.23960837471372,-1.5508706116137567,2.0886123176062905,0.5794037592813306,0.38103227705725495,29.22,22,1,0
1.3072247185046644,1.8431827353353452,-0.08734576169436137,2.0593835772565323,1.4995646767431559,1.4605434765762415,0.5420969988224754,1.942289851854894,-0.9162012962969073,0.4452387996621226,201.79,2,1,0
0.576965062177454,-0.16971339195334134,-2.9279797296172285,-4.387784901757599,-0.28252986059257124,0.31807186621079286,-2.2042689753759106,4.1709395443940185,0.9618569316322299,0.7291730938078678,97.22,5,0,0
-0.4624624182272088,2.1816271557644993,1.424387390491287,-4.4160642509059,-4.212565577579367,-4.891859574873255,1.1538405989843257,-0.2959728446569998,-0.9651274708687365,2.335166244712743,34.38,9,0,0
0.6809387031800429,2.549104474314584,-0.4894522765564223,0.34255515635095596,1.3063493421890824,0.8789290772736709,0.039141402859899255,2.393298871126299,-0.0209031471801977,2.2119836532746415,107.87,6,0,0
0.9548455439170367,1.8960871793881724,-2.5122892897348654,-6.146061511918548,-1.6260658556000325,-2.1878714720589376,-0.6995360233027927,1.2278380482053646,1.2868024888422234,-1.5585001316462728,141.86,7,1,0
1.8300497881199471,0.9390279929481814,-2.1869683912614972,-1.9229792972844368,3.2288118217389714,0.9285327849591927,-0.3674604300812685,2.611476492772095,2.2316153243890113,-1.3449799879731206,340.38,20,1,0
1.3968003315304196,2.0559619400570908,-0.7520840204419932,-1.7991141106378865,0.5887320541979146,-0.031801936671895126,-0.9337835438666117,0.8600072075654577,1.7370263081951802,0.05602699386972748,220.7,6,1,0
-0.037769249629754816,1.4391364165043135,-0.685299211445118,-4.570832757784507,-2.420046225361381,-2.6911303644191786,-0.2688139049185952,0.22428828950875246,0.5148980967248303,0.22936148780954219,52.57,7,0,0
-0.1523515935032606,2.290235026021608,-0.3426434487611272,-4.448181740432371,-2.4680399624325013,-3.410119261516697,0.7926451083913183,-0.46773694862928483,0.14126955625056814,0.5350035525051645,46.88,20,0,0
-0.41342102218553534,1.4229175986187483,0.5878692132582426,3.266613353910563,1.3863128610935405,2.0919481059495446,-0.15736895015631364,0.6370083910036117,-0.44038107241982716,1.3912481814739341,36.11,23,0,0
-0.7011896970695356,1.531331844577558,-0.40654342662905596,-1.0212511683235737,0.7861112034989661,1.490844430061135,-3.360931529982359,-0.18872020817701496,3.7102916350828217,-1.6942700888322082,27.08,0,0,0
0.22625518214522486,1.3438086396593272,-0.47014495180775795,-0.5261147268245031,0.7508565908743066,0.8867325499576668,-1.553655811321834,-0.19808366975125402,2.0637112990830566,-0.9653803767052331,68.46,5,0,0
-0.3599005337778242,0.7531980328840753,-3.1895292402658413,-2.702190273176387,2.939555533286253,0.22301846345783893,0.878529663191758,0.8225705351775355,1.8203640158301153,-2.445909008959651,38.1,4,0,0
-0.7013702716892426,1.6377425705503486,-3.1676513864463773,-1.8251908820415177,0.05202351247843118,1.9125786949135704,-2.057439978860087,0.897052038282445,1.0730176539110095,1.0031687027538512,27.08,8,0,0
-2.0706943055442393,0.9664908160727852,-0.7980280262836212,-1.7700901681675192,-1.1286584501882726,-0.012332386214071844,-1.3795943499691445,1.0552264061810284,0.3939774682718945,0.3968233433873777,6.88,15,0,0
-0.351313582616119,0.6891342910756995,-0.9462730882503421,-7.441739169806868,-1.4304226876743242,-3.858134634401755,-0.6867750578137133,2.9433901003658782,2.006861907871068,0.7382423249778804,38.42,14,1,0
0.018916239130246627,2.381795839920667,-0.5899244524657703,-3.239331745292456,-0.33007097226586146,-0.9555587169690368,-1.4787002806266565,-0.13801310982406534,2.663191438760137,0.41822237665375517,55.64,11,0,0
0.6012708177112364,0.3027773448986979,-1.194240404613964,2.0355484699829414,3.255169391189762,1.1077028879207966,2.3922674762146623,-2.352270685856568,0.3497998602510083,-0.00698089344094995,99.61,0,0,1
-1.211420865958218,0.08993544180751445,-0.6723244376841877,-3.8125563989860076,-2.0699109800871502,-1.7751453379250854,-0.8743168181314094,1.7612963118694283,0.07720886875731936,0.06031590431745226,16.26,12,0,0
0.6167493757116133,-0.227482062980767,-2.962963620862423,-5.502780192487773,-0.15697685998315425,-0.6934221806458479,-1.653269028402625,3.4213963824605296,1.5790249752357903,-0.30756970737563394,101.16,4,0,0
-0.5941054002108974,0.7739153721029198,-1.2513971104442407,-2.5350333350278866,-0.06294874386686344,2.099356724688609,-5.341674355176812,2.573858593534359,3.7586182573505624,-2.293755140636662,30.14,16,0,0
-0.018592559169359583,1.6881388705881002,0.20495936746345,0.8177053664083933,-0.1789958937608085,2.150961382256987,-3.03178292019608,2.479097521486102,0.8289170862945626,0.4198541441624118,53.59,7,0,0
-0.20748887020179496,1.0594978766008722,-1.0071220711254778,1.248213850442887,1.1514505105772255,1.4034290608368034,0.23117280661580836,-1.169637477951899,0.25837716175246184,-1.1378496534858507,44.37,1,0,0
0.6054451176356468,2.279175937466896,-1.1009677608252169,-4.065888413957046,-1.4896331043530229,-1.7926720516813064,-0.7226102626586451,-0.8787323500862596,1.6899869558612242,0.9255549283039847,100.03,22,0,0
1.1383084229421037,1.5726786273362714,-0.8930068301887264,-1.868702683066853,-1.378703771036772,0.24092818770997537,-2.032668674883723,0.0846981770634776,1.1150886983088402,0.47124641685915125,170.43,17,0,0
-0.319625365290601,2.9372610586785637,0.35156694117089793,0.9813464301923115,-0.0598731656885354,0.8959796335985033,-0.6601260890469031,1.4024193446416906,-0.2549960699371161,2.0984441632369264,39.66,14,0,0
0.45989112215573263,0.9082807073244195,-2.0644255303103902,-4.021926612066645,-0.5871794594270189,-0.2984983852134092,-1.8339413110487468,2.3274623672341512,1.421979475537322,1.3893609088976726,86.48,15,0,0
-1.0527712694065108,0.7404860693332891,-0.43821069815487923,-0.7186420682437267,-0.7836071048870348,2.342793986789153,-4.800571881643804,1.9148343011393,2.3274508929870352,1.298453235502132,19.05,16,0,0
1.233277204738917,2.003643861696987,0.35037845785438115,0.4222139328919182,0.12860745380783234,1.2349178550209459,-1.9202928618394852,1.7934054073839845,0.8752921349644645,0.5083250865136629,187.41,21,1,0
-0.8030508313661421,1.8118023333441835,-1.0340214183076184,-1.167712076855059,1.650337281833639,0.20901590040638618,-0.16966107962615484,-0.5154299448419617,2.1322293217864745,-0.6419442595018486,24.46,19,1,0
1.1809728675577194,0.7161455602640311,-1.2373647957179927,-5.860619144766039,-0.43091591665815954,-2.454481872168745,-0.9053329781829804,2.1577624770680948,2.3079172548292424,-1.5515590834948532,177.86,14,0,0
1.749220075942066,0.18083781990174708,-2.979947604019528,-1.7127585793109465,2.15335933285033,1.0702500532649404,0.05314828766620815,1.3426351666201768,1.01554321565198,0.38476908307732516,313.95,23,0,0
-1.4576092268347707,1.1097002774306057,-1.367348794795574,-3.9460722305484337,-0.45636831164950187,-0.4633021544495347,-2.283409127533492,1.452110462566467,2.4614543859809768,-1.716569958077404,12.71,23,1,0
0.5771912009174397,1.0739699400983092,-0.3130734414220697,1.2701927207534294,1.6133534769703146,0.780481289724301,0.6868098909244188,-1.9556687709034868,0.9017285763202456,-0.14696386570592399,97.24,20,0,0
1.2020950971037725,2.038058468399308,0.2755924109064589,-1.0787144798038997,-2.010735349379214,-0.33560010507256555,-1.4089446730472006,0.6304653370882349,-0.0069584500888479894,-0.08035368502344431,181.65,11,0,0
0.2742790220686385,3.492080890507202,1.0265868260028739,0.4032181544761115,2.1605036879589044,-0.8552349469064369,1.6510890746715312,-0.17468911876755855,1.2326479501337988,2.254685907203183,71.83,12,1,0
1.4187422747595435,0.5755723635894842,-3.397288264789781,-1.7047037741091922,1.1651980245251146,0.1784049868355264,1.8007562861926516,-0.16326347668195296,-0.6052764980141565,0.6234139325567654,225.6,17,0,0
-0.5831985402811259,-1.0053039178463832,-4.1006183848442355,-2.9241936171074494,1.5326469706839654,1.8825054814816904,-1.765689959975281,2.512695147877851,1.4473622425040344,1.0335022913885983,30.47,3,0,0
1.1339556157627055,1.208641741668105,0.631440830827849,4.229626858838032,0.17824667684735407,3.4212213501807263,-2.1152810188118307,-1.1743988401644578,0.12214032111209305,-2.389452279351162,169.69,1,0,1
-0.7532027644139303,1.2239805330808995,-0.5868681434922541,-1.6201608380906347,-0.6794123391408408,-0.04332454584886136,-1.3878242378267733,-0.18513233267073037,1.2962699511574451,-0.4382055564069681,25.71,15,0,0
-1.1495491319168902,2.1386810144928474,0.9121044067800914,2.693480276333602,0.5343427797093171,2.134257888126144,-1.5023734205170722,0.7921935830248238,0.2728628498455228,0.4473155453948903,17.3,6,0,0
-0.08458385067053861,1.062810875448592,-1.9121444315709888,-5.041621288023769,-0.14073700470799788,-0.826698086018161,-2.202585071163235,1.5797382590761906,3.0110007107123518,0.2294969615317374,50.17,16,0,0
0.792800003953168,0.9506949594971819,-1.191724320076048,-0.004147260447623529,-1.042132997307385,1.7306546710302506,-1.9742692149681766,1.8591422366117016,-0.5835002435307175,-1.0624836371625574,120.64,4,0,0
0.7280619152840795,-0.11723902260949415,-2.615697723218665,-6.452948351650205,-1.9800651507682865,-2.922658556870167,0.49971863396169475,3.213085250403699,-0.7272098129139228,1.3139457856538188,113.08,18,0,0
-0.7607812809697131,0.9120477724718953,-1.2894122659188012,-0.17698874636852477,1.2093742612872553,2.501784709838211,-2.759693621607838,3.1717482165063027,1.4046052193515453,-0.1717390659486652,25.51,13,0,0
-0.9574209259468643,0.1738401440756654,-0.40877918330131924,-1.4246143619041034,-0.9925031311377094,0.03068115954743611,-1.5950383438321132,0.024965877462882036,0.9565368327151818,2.2066299397720974,20.96,9,0,0
1.1935461307858641,0.9765743888161943,-2.327061178620916,-1.1356790971362765,1.5976820221495551,0.5995863164685672,0.958696733862734,2.9202483187098114,-0.7104699764197524,-1.3732658322453855,180.11,10,0,0
-0.24888698137263096,1.349271256702297,-1.1061758116714477,-6.5755271079782105,-3.650441079885427,-4.341413863726517,0.7999850720063557,2.304009482346764,-1.1597338660784031,0.8171298225286224,42.57,3,0,0
0.607039162452578,1.5030530488863112,-2.327848909545483,-5.335304922764181,0.08927400207493963,-1.3406678919180797,-1.1834373765832418,0.22422131705707715,3.052124254148219,-0.4723091643298962,100.19,4,0,0
-0.8044382738603248,1.4301242539712808,-1.6630323202712816,-2.288755533048402,3.163955031340306,-0.7760530193991224,1.6599132491452726,1.1592853291386902,1.7660742957691902,-0.3675070476565833,24.42,5,1,0
0.6910168477242167,-1.0011214123588792,-2.7070297412857975,-5.648617502575352,-0.09297314992184225,-1.0966615459242488,-1.2708232925526486,4.257054155471264,1.1359925204623877,2.8063213412363885,108.96,11,0,0
0.5738664085034747,1.8826656566190065,-0.9826538645441852,-2.8004912850190045,-1.1051774506204008,-1.07250605693799,-0.4842702202728333,0.05428915182816252,0.7659749667969823,-0.7288960779904644,96.92,4,1,0
-0.4349273759134351,1.5729030428200421,-2.0970841166847274,-2.2598710601659198,-1.0393280600390926,-0.12319612081349152,-0.2869251813964634,0.5752586238559447,-0.3142208136679068,1.5520618256768866,35.34,3,0,0
0.0013150546291650462,0.6841954208152761,-1.2158057661464243,-4.143990539628767,-0.8644191669843334,-1.6063736359407514,-0.64694878697409,1.5141270099933202,1.050665374251657,0.08598600456443321,54.67,10,0,0
0.12946699188489483,1.4690045132375027,-0.6608857354350729,-3.5951944930982016,-0.6192971484497015,-1.6447480203784945,-0.6530252193567218,-0.3004108418672464,1.974129334245705,-0.8329099387388622,62.14,10,0,0
-0.4132647855998817,0.6989620072437448,-2.2855662514914163,-7.468270363157152,-2.208844870800912,-3.701117334797752,0.2444310814087401,2.474079718699472,0.3446027561770044,0.3491677620184788,36.12,8,0,0
0.35344213846804057,1.3244396375715777,0.16098222796208428,2.437148920068757,1.5604665341867183,2.2998672842627688,-0.8933047914077915,1.8200454336847498,0.049741841636602224,0.40849236558783214,77.75,22,0,0
-0.985649947138543,1.7344966582440773,-2.930312480520249,-4.84005200199229,-0.12170525090401552,-0.38426438358177184,-1.698054447157187,0.7546716616570943,2.53288010077104,-0.40233805446151605,20.38,18,0,0
-2.2821571480473657,2.3482087340570814,1.9529441790283097,2.0782643439752704,0.7455258789235493,0.5180695397326206,-0.2902476806375631,0.9155009169367516,0.3208384147560045,-0.45253343270366586,5.57,12,0,0
0.6338680994716617,1.1745629075495312,-1.7191528649279149,-1.2968809638337604,2.4638800860593975,0.4638445334876048,0.20174319397382845,-0.306020771207403,2.198558165181194,-0.6469072681196348,102.91,7,0,0
0.013594982560410012,0.19479460741263654,-3.2902515150658775,-3.63031235290589,1.4082020474977817,1.627709192566451,-2.979532663872925,3.224722383073578,2.7762911192476265,-0.1635622230054492,55.35,10,0,0
0.3383618513599193,2.5476935341725624,-1.1852870642507884,-2.717619934915082,-1.4397267573016401,-1.1791807439135702,-0.14594686572733281,-1.054172773551522,0.6192029896580847,-0.9237469927396007,76.58,12,0,0
0.867413452343796,0.5169191373759024,-3.220144990499125,-3.4156864437250896,-0.26214815326071117,1.181841193509362,-2.5475254980202493,1.9975318359048755,1.4893893774799656,0.6593162961338302,129.98,11,0,0
-0.6786891465231771,2.4628583523416463,0.10456370555482408,-0.15086028052866238,1.5824942375308497,0.46181269129652003,-0.3789585157008677,2.3602918493667597,1.0347516095671843,1.664264029144464,27.7,21,0,0
-0.7177761609636252,2.5206546301357275,-1.330221584243483,-4.033046812702802,-1.2691895996602602,-2.05960296605679,0.14396181645807035,-0.9982775384817024,1.2132671551755798,-0.3420026106314431,26.63,5,0,0
-1.7570801702127494,0.8643434984671678,-1.7030647717295149,0.7890589905982166,2.627606319951659,1.3158673482691907,1.167637431481934,-0.06891208486225442,0.34740728380405905,1.1732654675060963,9.42,23,0,0
0.3368921091894092,2.691570159930251,0.4302685388705312,-0.6705074271454278,-1.1586892832173625,0.1576545873865025,-1.8498308352413912,-0.10794905861807647,1.2153491879210538,0.3689534910052871,76.47,13,0,0
-0.720788158459348,0.6230039951269728,-3.485024670816757,-5.111891283896205,0.9244277006982846,-0.18963053669743868,-1.3195568520507366,2.4197994811069554,2.2978628591479344,-1.0484815434306733,26.55,6,1,0
0.16271673649820784,1.1532672397296124,-1.0401728210248389,-0.35992168369771044,-0.5732098023035914,2.2707592672293258,-3.5022848471214556,1.5786317559792915,1.300598751397791,-0.1340276313681096,64.25,3,0,0
1.2113362913375487,1.7796759455101614,-0.21318496881172677,-1.0705464446968327,3.188296726923999,-0.7472315318738489,1.4181836432730226,0.8915589903952005,2.000428976921968,-0.23839041765759808,183.34,1,1,0
-0.41002873260960515,1.326021053514359,-1.598339297484673,-4.048471544689875,-2.963220867833846,-1.4728031611220593,-0.7583572444636916,2.83414860799731,-1.3024030432961575,1.7416106630503376,36.23,2,1,0
1.0214791417965075,1.1365898600237818,-0.40887930328085065,-2.623111000811526,-1.4156127898369881,-0.9048128073632813,-1.1781676520269708,1.609614121489537,0.4439612628134896,0.9172162512657587,151.64,21,0,0
-1.314498333488712,2.1072620776134037,-1.9266000567031731,-3.400708865692502,-0.5192587434449581,-0.5237153816065985,-1.0154406665476905,-0.023178287191102598,1.6488724823001173,0.655814293914631,14.67,11,1,0
1.6943932783205282,2.6069810538273153,1.0622259088376829,4.042865825863,1.5363392941515879,1.5058083727978966,1.451081702096276,0.6955052022549922,-1.620931351708314,0.7096115150698477,297.2,14,0,0
0.7179436146998684,0.8992548490955208,-2.1703183593950053,-4.233604301889281,-1.4745528198370097,-1.062972133424502,-0.9093677605892949,1.0803214434235158,0.5839634585410809,-0.23457272415842922,111.94,3,0,0
0.015768567693415593,1.4216376627262723,-2.8062325393214995,-1.7842114038839845,1.7190565900200088,-0.042068349939135,1.6547262728728012,0.038762308635053255,0.2523742827399498,0.8361210052888141,55.47,11,0,0
-0.25242298433298377,0.47631131706589647,-3.028634342743018,-2.082142972687628,3.111733396954087,0.5424156645354699,1.0496157042725092,2.2859268961332058,0.9489134366589316,-0.8090743488808718,42.42,16,0,0
-0.871969780591438,1.8558440479489717,0.13463690721049892,-6.1111922240869765,-2.4664619556381764,-4.3170830535816584,-0.007233251579540329,0.08838519692552271,1.5846801168906597,-0.6159111212111463,22.83,11,1,0
-0.07179786327435848,3.392785917883331,0.013698773687353505,-3.9100369284755954,-3.7166309384896783,-3.180082653654349,0.1576988820119086,-1.6449131565718587,-0.03508011946652445,-0.7256809220734974,50.82,14,0,0
0.15984434847033965,0.41829584041020973,-1.8314922777948777,-0.9042922943623404,1.6166773480226204,1.6408786659601824,-1.4539246211894257,1.769228655417964,1.5089765276041875,0.2674517253165065,64.06,6,0,0
1.0889732670275436,-0.44826958272009776,-3.130690617605155,-0.39922545743561244,1.6082840757728118,2.1749774510139983,-0.639832974872076,-0.31511707412860956,0.8488168816777586,-0.04247154312258563,162.22,11,1,0
0.07342934877812939,1.5055603172923309,0.048668127860761023,-0.4096865622004912,-1.8442692813624544,0.9262080054874013,-2.5709379929667064,1.7967936878116109,-0.018504354462937078,-0.2540272567720776,58.76,8,0,0
1.2923490733901704,0.5332748951001187,-3.8735231365950478,-3.097747723735666,0.9044639181236677,2.243846369940612,-2.903404679082042,3.740616076073276,1.5902108845532656,1.185143611046032,198.81,4,0,0
-0.2969183677442772,1.3320717754153708,0.8127924377449192,-1.3593278598740335,-0.6036428537184896,-0.05883598958180314,-2.613700414584738,-0.14761206503221524,2.6550079040382837,1.240445794654543,40.57,22,0,0
0.19614115398214718,1.804548949063957,-2.2991334034060102,-0.9499534743187343,2.6394866982154372,-0.004164411446905936,2.4294086357646,1.2491806618876122,-0.23867824257126657,-1.6856701883123268,66.43,9,1,0
0.31193538926487835,-0.23719916934230212,-2.0294244291152084,-3.487959395300294,-0.4794999083749425,0.4042324648592148,-2.38109452073938,3.968585886429209,0.8529970118079608,0.5439553786362021,74.58,5,1,0
-0.16820785746874609,0.32359415815955783,-2.14245529900002,-0.2921116907179764,2.447737580646484,2.0868781957308453,-0.934330342485769,2.085003251914105,1.228125013347679,-0.44470652445166275,46.15,22,0,0
0.5347298480461086,1.3702817923634887,-0.31410030408273604,1.7355750424253613,2.1462310396319406,1.6591114992895184,0.026829194595948697,0.49641686299585497,0.6153546799595184,-0.2547593538940172,93.2,9,1,0
0.09830891920447137,3.209471759077992,-0.6171332011125323,-2.4225213169332394,-2.6790052043777655,0.9933979390437149,-4.767002869464423,0.018298059585970528,2.5971718748409836,0.5314045210898902,60.24,16,1,1
-1.0216361376330487,1.9387384232814497,-0.5111768194252031,-2.391979557906657,-0.6645182959056031,0.9462635109777302,-4.118526962572018,1.103101026262651,3.2936136824782096,0.5640853344381153,19.66,20,0,0
0.8874847488146431,0.1452846693960428,-0.802957015488647,-3.958306767974905,-1.3308824720245334,-0.6241576308026321,-2.8328486286498182,2.1891351382659816,1.9685167581919796,0.8053973918597821,132.62,19,0,0
1.0914362999054856,-0.9051342226070143,-2.6567032555387704,-2.3846910742484706,2.4935584408845672,1.9599003654814378,-2.789098091919448,1.1870444650344663,3.8057301000868264,0.7918297888736908,162.62,15,0,0
-0.327678467140427,1.3171604233201002,-1.6174145212715831,-3.7408556979207352,-0.18488653040206748,-0.6852453156764947,-1.3162284434915712,0.8047933000899932,2.0559576362073324,0.18851746168719133,39.34,3,0,0
1.111327173818082,3.3618478140174535,-0.14812472646234864,-3.0928643778669893,-1.819986717851351,-0.3259467341230875,-3.246763517982882,1.0596945692739108,2.397587782155698,-0.13517822717380948,165.89,23,0,1
-1.3341397626315121,3.090994766683419,1.4526810744107734,1.271208565570841,-2.146769779209791,0.2808781900277699,-1.2641439254469304,-1.0954180954175465,-0.2853015228526947,0.6808436060596469,14.38,23,1,0
0.3905840273635766,-0.4225020594964042,-2.949227587932575,-2.5524884536854224,1.5810712775932663,0.9608058377005833,-0.8817675754201493,2.1863921412315666,1.297330287355234,-1.1634930996718171,80.69,15,0,0
0.08029565616887908,2.596570321949093,0.5314322891737597,-1.9011335428373213,-2.614188939959681,-1.2664290607530226,-1.1236769548614174,0.27908523580849653,0.043795804102008784,-1.3751940249651275,59.16,8,0,0
0.5604436862117426,2.051932077625824,-0.3735311433463915,0.1506048501626054,-0.7239182909295538,1.3834973670526425,-2.124044735730523,0.21066284422551584,0.7987906103345539,-0.518714926566685,95.63,1,0,0
-1.6475189024764891,0.7109357421043663,-1.6743042852008896,-3.294866160668196,1.5504666239685785,1.3324095247186694,-3.8440335209904384,2.8537477496601866,4.179570791584837,-1.7317466503823062,10.51,9,1,0
-0.34488074061984764,1.439747040798215,0.4699423943873666,2.587601755171233,0.01203787446891269,1.939382547236891,-1.1710523090060596,-1.3368338628583352,0.25354651829664054,1.3976895977356536,38.67,16,0,0
2.0922059758370066,1.230541427565184,-2.4514447808906166,-3.1784072737397295,3.191078556345233,-0.3397255032949149,0.7587501914982006,2.1097471892844846,2.2212001195656303,-0.7013129166083695,442.4,9,0,0
-0.8506047143934273,2.637390173199901,2.1443987233861144,2.508543983595891,-1.2204602375836757,0.5987262220700306,-1.1811170526215005,-3.450796557539478,0.9058310451536333,0.3222754822642443,23.32,7,0,0
1.0183031614305913,0.6636206405774087,1.3226387614825212,3.0515330144459774,-1.976492829761636,4.265565996281148,-6.561306880697247,-1.0983629649460862,2.363214824113064,1.830463142443101,151.15,2,0,0
-2.1935805403491213,0.13676981217876327,-1.432432006278333,-1.4112444284303682,0.08781510535098702,3.5072284980939603,-6.238539564125394,4.167717881244531,3.1254052638125662,1.2476766528055383,6.09,15,0,0
0.22296382097315762,0.6304477680540378,-0.8404581876293341,-6.475397178028063,-2.7424470652094506,-4.307275107134868,0.6713130558206735,1.3516155436687747,0.05382617602378259,0.10595480824070841,68.24,17,0,0
-0.045246842177120355,2.34960611512151,0.19213045562421338,-0.5414735859928158,1.0906264559106025,0.8375070647414957,-1.8493228716358718,2.0298470190969318,2.0526626756795174,-1.5373011618990968,52.18,17,0,0
0.8487403838681034,0.1122348781794218,-3.9998070717444927,-8.428104550260732,-0.8201452461210039,-2.6698784294945215,-0.30692341498017733,4.6344875653365625,0.8385428760388154,-0.035674488015715135,127.58,6,1,0
0.810316032865404,1.9647344834626967,-0.5758055126235943,-4.500811435636653,-1.6638070914758638,-2.5824912527604615,-0.5157234551664446,-1.7766352931750793,2.1788743521714684,1.4833952150121896,122.77,20,0,0
0.1978421923686464,-2.9311163405181517,-2.3454828830475067,-3.000280937564042,1.0670027010138345,-0.10830560287491742,-0.6879487621138989,-1.0098366228477411,2.2452631915433514,0.35873772301782286,66.54,11,0,1
1.8403433987594742,-0.21837078229863804,-3.2727914034983705,-5.016852786325562,0.8784332263544516,-0.5612999124045008,-0.6243721299061932,3.796338276171987,1.1628317732354165,0.6546273311205624,343.9,8,1,0
0.6250679361912707,1.6426879763464008,-0.4170639376822485,2.9303417527502225,0.4643364525974488,3.3953729783211974,-2.012340368598975,1.7863224053032205,-0.5357184877077148,-0.574504390177718,102.01,22,1,0
-0.8452225629452752,1.1170146395715288,-1.8454427317146755,-1.5112605093836378,0.5502566151100005,1.8261300810370211,-2.8850413728873603,1.0590337496555988,2.3280145068535374,-0.2532252112206355,23.45,12,1,0
0.9574602827516784,1.2547597407869562,0.07158123541370554,-0.19521881264621868,-2.019783098080402,0.900839632531641,-2.4580883196712198,0.8208547469488987,0.004136112976267814,-0.9815029243114234,142.23,14,0,0
0.9943276996862017,2.4782157648164325,0.2359678160958254,1.7691465265437454,0.3376493137251284,1.006788022822118,0.3443991184473855,1.644850601385024,-1.274942587833826,-0.5614327857278485,147.57,12,0,0
1.3735983343439049,0.4977095359213942,-1.451852789695026,-6.671167745165091,-2.447003008692553,-3.44448845901782,-0.2822497804414864,2.631991765618044,0.3276278255188597,0.06101506501713629,215.64,21,0,0
-0.09296215347546653,0.4900303258635642,-2.124852219467091,-5.137287353228435,-1.2890207684131436,-1.577198503399013,-0.8165552507225652,3.0870712017472517,0.3642317210279502,-1.334839607756214,49.75,11,1,0
-0.5023347843776321,-0.6028096930293096,-3.670002158090231,-7.450102526181988,0.21913543664936075,-1.8390180941283607,-0.8695922703921215,4.0938545675736595,1.8411910931064899,-1.2646838037385286,33.04,4,0,0
0.44414399512201896,3.1329017479615135,1.3251579221699712,0.4570117796783629,-1.121238494138171,1.5949818888251224,-3.8863993434721364,2.6730959914319694,1.373398091106531,1.8627893192405223,85.13,3,0,0
-1.287782542793968,1.9200748566797194,0.15539868071977536,-0.2391592904071776,1.710820269511701,1.2047259356090354,-2.0599268112242135,1.3271881904530594,2.77602135488055,-0.31416361084046085,15.06,10,1,0
-0.5327131889810917,0.4925288261100318,-1.7086545647510194,-4.0726404909872915,-1.1008480598987873,-1.0519585324282061,-1.0794670573101013,1.889984498170204,0.7543680867846168,-0.17067620655469976,32.05,18,0,0
-0.7840584796216915,1.1602258217103423,-0.8026841276525619,-0.41850655122973146,-1.2916783044205686,2.7275719630410347,-4.975927124814284,1.0488441752279039,2.094847631954579,0.5397540662349782,24.93,16,0,0
-1.7191007086683974,0.9790493159636152,-0.6123434970840621,-2.7187951718793704,-1.893504403953241,-1.259667223828025,-0.7228477038830373,-0.09493075418052199,0.34875092697147314,-0.9781002523248755,9.79,2,0,0
1.4916747687108196,-0.6537403388828411,-3.4312269046942534,-3.9087447322513964,1.5979492023257378,2.267224877865218,-4.575187468330625,1.2769383864322008,4.87066363629271,-0.8465470073518403,242.66,7,0,0
-0.28677102193744064,2.2188985346449437,0.14353889479125126,-3.730795869217731,-1.74939183689203,-1.9636648246095618,-1.4598537228950288,-0.6268613681757433,2.209670978109199,-1.7187017298166474,40.99,16,0,0
0.7052171453877798,1.3338571703083184,0.7736159197156116,2.0289211598198493,1.5003188853478135,1.9371748252755094,-1.6828816642691058,-0.46779531498780513,1.9539020945442411,-0.6198985788591536,110.52,12,0,0
0.14931011983860534,1.604603694177718,-0.5132643470595013,-4.673954187131692,-2.843584661667899,-2.866341252621258,-0.20103698490401029,1.6978711853749218,-0.33063559198084613,-1.633403101053039,63.39,14,0,0
0.22891402024523244,2.493650127831029,-0.9742352027957369,0.8109402464902923,0.7995396056871447,3.091148772233158,-3.4269511029563233,0.2928145926783534,2.4088021034827167,0.024546241834601256,68.64,2,0,0
-0.9795046413046573,4.134203059023898,-1.4991683488696153,-2.5570621497128885,-0.2336592307433909,0.10791974735417065,-1.061092029656016,4.003903071987996,0.21926405503822832,0.7781151844859273,20.5,7,0,1
-0.11672717290185802,2.8935285539841606,0.3592143380864823,-0.7347920764691791,1.4111736444330347,-0.6596358831445914,0.38945171012663965,-0.486463243129724,1.945226863731877,1.7661578937888271,48.58,14,0,0
0.3919296371132967,2.1570088393328817,1.6856672718378494,2.9197699476644767,-1.4175969602208267,2.1715510847081094,-2.973238540537664,-1.3315294284129886,0.7193020239328046,-1.0473232074342493,80.8,3,0,0
3.3497112383479504,0.8051269707757273,-1.5627273913976234,-6.671218648545687,-1.92039505775543,-3.26153475187259,-0.3254628160688598,2.8010397039073993,0.7194183356296429,0.06932313222856322,1555.75,10,0,0
1.4742285890492859,0.20597279196823315,-1.6471438813334558,-5.583049143741081,-0.45180962350756515,-2.138907749795382,-0.8068003925281317,1.4214930944971012,2.139104453593076,-0.289805049141506,238.47,8,0,0
-0.21091754016956166,2.022202512677312,-0.6566674664877601,-4.270114871850647,-2.1783893925126177,-2.0730502155148303,-0.9336351248013901,0.9896159429864889,0.7905159065147485,0.5078452532231772,44.22,21,0,0
-0.5821018499473258,2.457253198890058,-3.20981534538783,-2.9005935061989487,-0.06565388043566744,0.9766766010849193,-1.62343362956239,0.2073637902492882,1.6074007911935466,0.7731034624130145,30.51,23,0,0
0.08423341466124082,0.42717055870469334,-2.479154389302187,-2.9700445930909884,-0.3538545563027271,0.7352209368427121,-1.8426658886505183,3.64473665386895,0.291979208307088,-0.22063527899672045,59.4,9,0,0
-1.5923963646400578,2.7462235128411576,0.19401800651434664,-1.1872083464627472,-0.8840620282798857,0.05785703355671412,-2.0257023297164385,-0.8467661900275327,2.067067354457814,-1.144658347713869,11.11,9,1,0
0.7315552951505275,2.6148406569731515,-0.08728083541767617,-2.0764428889160356,-1.8687496084539044,-1.1275595506716647,-0.7798927110329481,-0.5545831695813996,0.60467513356021,0.7729981915771756,113.47,12,0,0
0.8734166194391261,3.53646432577706,-0.7643893745643108,-2.9753912341712097,-3.138554396563955,0.6170630838789649,-4.6878795180725295,-0.10653815204160488,2.4885665827353862,-0.10603168422825156,130.77,5,0,1
-0.844700840987705,1.542928134384351,-1.7093967118158182,-5.166117596540162,-0.9157277148231477,-1.5259004412940702,-1.48881401020465,1.3002126555265872,2.1584583690405186,1.4159928220837343,23.46,14,0,0
-0.3272926806790022,-0.028127296031004834,-0.5407795362673848,-4.374270015708521,-1.5513774755232588,-1.5149371196540082,-1.9409448189892213,2.824657744398549,1.2145987512872065,-0.5053182214752936,39.36,20,0,0
0.07084198181033013,1.7742047918580777,-1.807683707804555,-4.891702290792241,-1.3755986954192727,-2.1719144933237096,-0.13225994451120027,-0.4212837025074663,1.3104757590426603,0.5426630543642218,58.61,16,0,0
-1.7447805972342572,1.6830385132186412,1.1377393810308003,0.3140408356210434,-1.1819640351652645,0.5594242696690759,-2.0042639936909676,2.1669557922527645,0.03433667173276156,-1.2124302382954106,9.54,16,0,1
0.45121738936141526,1.5463351495851758,-1.13675337913641,-2.6142089235163866,2.42315267499479,-0.25779871927849785,-0.3187938628519629,2.972357566213357,2.2518471390030266,-0.5817047536405421,85.73,7,0,0
1.4023991643678173,2.864958779892317,-0.9782476044010935,-3.355899188882073,-2.9732210798620224,-2.2455125750594522,0.4053666248882415,-1.4330163076553413,-0.4389445031060293,-1.4941601387236245,221.94,14,0,0
-0.943793255013772,1.6511974356900045,0.6773437769364647,-4.091638900576886,-1.7790914759182819,-2.676011207070621,-0.9406259943132067,1.493885451720787,1.3335594730550522,0.32633424488837925,21.25,14,0,0
-0.7163065900586256,0.9106215220272121,-2.17262261635068,0.6427335536595596,4.329495716337978,-0.41899218122068516,5.263180349177467,-0.4158844890303677,-1.1270333150576313,-1.160275498870424,26.67,17,0,0
-0.6349416373021515,1.3607890454152145,-1.0556013898092453,0.1847283718163355,2.141051312767613,1.8294681299787732,-0.8860276570940535,4.435073328041592,0.27584543272600626,-1.966958980135024,28.94,6,0,0
-0.43280148475452984,1.1139329405046587,-1.6329447419723029,-1.0080917539385184,2.0006988181540715,-0.021163038008575663,1.3655217397476282,0.7355966018724294,0.4264856077482836,-0.572997623572394,35.42,0,0,0
2.0680275887312196,-0.42224832574439497,-1.7512406013620863,-2.7248071462523136,0.3217064863651393,0.2907962939305764,-1.5384365390875299,2.215372698970956,1.2814046511633181,0.40568219812462153,431.83,0,0,0
0.6821005772800535,0.3579839064629873,-1.8345856213774534,-5.177497903254349,-1.354792561055544,-1.5160976040093428,-1.3397220259285478,3.065352270922166,0.820237893514872,1.232388927750501,108.0,22,0,0
0.3341773729994704,1.5515898510495638,-1.3148896099813132,-0.7860825403692854,1.2737398834143963,-0.02969090967729171,1.1486857048237553,1.1538166357389685,-0.14804921933324122,0.4341268273341937,76.26,22,1,0
0.7390587693999603,1.4912354948882023,-1.460979458483178,-4.149230949869797,-1.2498270881989695,-1.2483908514785529,-1.1486723822344347,1.3709937730420134,1.1271380246614047,-1.2064946900101021,114.33,12,0,0
0.09219743046574481,1.2344697118903671,-1.169183923868923,-4.915920425425231,-2.256251678949113,-2.5035568066513,-0.3588134294655388,1.0458210081980603,0.3694119243920605,0.37497231483790366,59.87,18,0,0
-0.4947750308876799,1.2517985507784837,-3.1087089124027703,-3.953294855383014,2.5091888733273775,0.8204909391230744,-1.741781324382481,2.866638722286304,3.315434176700631,-1.3597688663169945,33.29,8,0,0
-0.8624303303955209,0.7224686174430845,-2.2679353734398298,-2.318756344257759,0.1457399507625705,1.624697567423509,-3.1314876453077263,1.0433817591298118,2.4169169131912547,-0.16525894958499254,23.05,8,0,0
-0.7541543430459533,0.2703122333476279,-2.917395742148616,-3.877734330069898,1.6247554343732238,2.0479667455865136,-4.19273979309523,5.4031670760574535,3.261740259476067,-0.8461197195939777,25.68,2,0,0
-0.5602968268199533,1.9244383650811372,-1.2451029610023054,-5.931762818192216,-1.9635310086849544,-2.8699096248164624,-0.854402720936303,-0.23438047711216958,2.0901600334372703,0.22530928474755949,31.18,0,0,0
-0.7851185300120672,2.012673224560291,-2.257646396168406,-2.640501564589374,0.9428565675510201,-0.2792432678443786,0.4662567537902058,2.019482546898322,0.4302356829387477,0.1471537720175467,24.9,4,0,0
1.9361773629780015,1.23593609902671,-0.8914018497437683,0.5732829138051478,1.8553636877176691,1.3112218313253277,-0.07027472230304233,1.2177524833834865,0.5631028338193981,-0.4402078455166356,378.49,12,1,0
-0.7785734638243765,1.0614412910723756,-1.5707770264247558,0.16674190588657267,2.127475143877673,1.7971514049558084,-0.6996118598287684,0.7172332914567996,1.3792442929177402,-0.27248189629515646,25.06,15,0,0
-2.0566152404747986,-0.07418376867145837,-2.375943959163786,-3.031469455223492,0.15844365269623517,2.2702715529633126,-4.895453122543925,3.068643223771816,3.1689319834329295,0.29732176320394393,6.98,10,0,0
0.6269694215369503,-1.482664744945561,-1.4861978827479116,-0.14083650382681218,1.3747972246572198,1.3983540211044625,-0.9004950706031265,-0.8958684797774998,1.488320217476333,0.8619641951901363,102.2,10,0,1
-0.49803897489352755,1.8186657415287002,-1.4449880014252776,-0.8605214519330541,-0.2527716115224674,1.589258310202245,-2.398150180497361,0.20367149107835436,1.5078502713744406,-0.22344364338482695,33.18,13,0,0
0.6152146423429845,-0.06266462273899331,-0.43951960514064936,4.404388281289236,2.080227792037951,3.0046012430766655,0.43468894658694973,-2.631131653769879,-0.18913517717523187,0.7233711101611943,101.01,6,0,1
-0.33193984783351166,1.9648724139384612,-0.35904250124760984,-0.2657405968444519,1.123524849190772,1.3039244034402462,-1.7617947106771104,2.1318286205095527,1.5601807681128603,0.3252306369062711,39.18,8,0,0
1.3453998321460015,1.1776702279328555,-2.6855811398363816,-0.638854274257823,3.0038644987163714,0.4402744938631835,2.39757939500282,0.4863093803165004,-0.000686389239114682,2.6695744220656805,209.64,10,0,0
-0.7671803448019141,0.45371455552759676,-2.252491152836594,-2.9807911232338946,1.1683826408334201,0.7237843114278792,-1.8698671809063316,1.8835386868192001,2.3903777863502604,-0.47810751492711673,25.35,17,0,0
-0.23108434092993563,0.015609278505178681,-2.00210885486378,-5.790198376755314,-1.5441978688519156,-2.0313114035371695,-0.986761338861642,3.0089488417261467,0.6743594062529176,0.6642631216462562,43.33,0,0,0
0.11354618354049456,2.4689415682497726,-0.1294113313162406,-1.8335735496566958,-0.8711360667141939,-0.49198075041372347,-1.4519371554666762,-1.262631159071572,2.0377824486409293,0.26415778465973516,61.16,16,0,0
1.2473179994478256,0.8312541596291378,-0.4683341620264241,1.4406444730506198,1.66551894455173,1.8390007848157546,-0.6499780488439537,0.5120631379693655,0.7417349013905121,0.38054911601996105,190.06,10,0,0
0.2886573146082726,2.0246232522845937,-0.6259323639206832,-5.0140438734047,-1.6240867303091333,-2.687860261864735,-0.6012971759532051,0.5569347449333748,1.622106350797488,-0.47532531504704967,72.87,12,0,0
-0.850846237629648,0.18872681996084206,-3.6855786730972895,-3.513390328612399,2.4817397112620165,0.23638957143047346,0.32558534172572345,1.1817143236689485,1.8911071398065673,1.0109748143856436,23.32,16,0,0
0.07947403551270285,1.4283592917908015,-1.5566714931388073,-0.5486190533241769,-0.4955348419266695,1.9238470921013502,-2.5332703546988067,0.8534505655991373,0.8829876258625887,-0.36286067749581496,59.11,4,0,0
-0.3833754663318249,0.7156345473179713,-2.9669520973742216,-2.313294180424831,0.1996255209765927,1.6000702294450038,-2.0999101726463283,2.4565900464963466,0.8737905619977456,-1.7149581643231189,37.21,10,0,0
0.44219102282135575,1.1819208574492217,-1.7334099552150213,-6.419884601505832,-1.406079384033895,-3.0678526677747278,-0.1986708053927635,1.3778968165130507,1.4520051372810108,1.0188261527478497,84.96,1,1,0
-0.016977757277444723,1.3761059558054314,-0.4113548456024503,-0.7376938175762967,0.2828554684463592,1.2147824005861476,-2.5775738116811566,0.276847885379898,2.363095814399686,1.2063512032811385,53.68,20,0,0
1.5958507508551467,-0.2872421709731592,0.0037728526869500456,-3.1579227616527135,-0.5160733392039385,0.42251679462288194,-4.63190845753291,1.5547031263996878,4.028375802379716,1.0312205318413956,269.31,8,0,1
-0.1903729033949784,0.9803784717520416,-2.776227396323957,-8.353717075006971,-1.2386105387752644,-4.218275071032988,0.9083063489167115,1.7496307501392787,1.299881994414219,0.9276112429064253,45.13,18,0,0
0.40825261382998884,2.255707151702095,-0.09515110287770367,2.438484359480071,-0.3442982767118695,3.2823711639539583,-3.145244672244902,0.263777168147206,0.6711091798524883,-0.39583952889533014,82.13,20,0,0
-0.48672355341471724,0.5894911632953943,-2.6204143419433517,-3.795592965705395,-0.475798167496698,0.38557098507587106,-2.1070759020536842,3.154430647798952,0.9987588101549764,-1.1264211504122232,33.56,13,0,0
-1.000399557635145,0.8601453948535787,-0.6889848377011661,-5.470524335134574,-0.9320658142139044,-2.551923759669454,-1.0717397467129568,1.6006847815377876,2.2436710087077256,0.6655519926529937,20.08,9,0,0
-0.4896378917413799,0.7109200930587223,-2.887427460111554,-2.7421887432589607,2.759747336661303,0.5667472223459579,0.07752961045181118,3.416994851728062,1.354431675485467,-0.07222387324247324,33.46,5,0,0
-0.9366715567220925,1.828654986766006,-1.5315891271849402,-2.738772899779179,1.6797233439844903,0.9438506177294232,-2.4978797373815147,3.000267730989811,3.118248692713465,-1.908527637168706,21.4,7,0,0
-1.3883665145737378,3.057868000762433,2.0029140512182977,0.47937968682675713,0.9334540121115423,-0.7871263785941505,-0.074323674525338,-2.015142585053109,2.480420218078112,0.6521573235439898,13.62,2,0,0
-0.23945067551575444,1.9709075627072004,0.04886906248087408,0.8513014691319409,1.5284558426487336,0.8568461957297209,-0.08044236767010755,0.6001964390972695,0.8374505365800005,-1.9082702557001092,42.97,10,0,0
-0.6998193223058828,2.2525603339916147,-0.7248021928198813,-2.31770132221857,-1.24050060677952,-0.6527377540711942,-1.1993966147317279,-1.5556387128556468,1.6733634760953242,-0.30117564216109943,27.12,14,0,0
-0.9233229541503232,2.273396302244789,-0.04500774546071007,-6.059876351520526,-3.214239804714996,-4.222987411250211,-0.058377127419671486,0.5544679157268344,0.7475474397050912,-1.2639671304198468,21.69,14,0,0
-0.22235844401005928,0.9803168965129017,-2.5061818298735963,-6.2444708462714305,-1.125490075923158,-2.358152737810793,-0.2630358216174387,2.376888189924798,0.9053277875291159,-1.1204144552676802,43.71,23,0,0
-0.17873604309133048,0.829989149035387,-2.275307376944888,-0.281509253257231,1.688876214491067,1.9574915005014084,-0.744164481990238,1.8527088032632784,0.5365814254283406,1.2612330087291654,45.66,5,0,0
-0.5112518868988255,2.024465752307666,-1.1511687982855983,-0.9859471169324118,2.662621596830024,-0.2079879764570356,1.4382126956544308,0.947605274607576,1.1187441753701066,-0.40586599793748884,32.74,2,0,0
-0.673061811512623,3.1532265307195866,-0.32516927403259743,-1.1418960494070631,-1.9882068018288674,-0.6713120813145248,-0.42814040949247223,-2.099031753736684,0.29468889496741113,2.1411435356071897,27.85,17,0,0
0.32254095840580954,0.5820274578888628,-1.2863652059842066,-6.6106223273329725,-2.797838791980408,-3.3103455238957284,-0.6720073529789871,3.2922250421809194,0.09152070032583715,-0.547155105534756,75.38,10,0,0
-1.4219554224988011,2.809568032897687,1.6881000534829418,2.9842197429735733,0.7359858184070244,0.037433354907186356,1.8915228587131288,-0.41498182527576954,-1.2974511440790562,-0.25492851740237904,13.17,0,0,0
-0.933762310256393,2.689673852617789,1.0848304877185833,3.1141031119426623,0.9957737131978999,0.7259158052958079,1.4254853152378661,-1.0605800047965783,-0.8177666847727283,-0.12639736834026724,21.46,23,0,0
-1.132536974266737,0.9809945474511093,-0.9795781064232065,-0.9906840674123236,1.3073587716265673,-0.1427314499872503,0.5532683337695359,-0.28678441013050837,1.0745575710640776,-0.15473173668378165,17.59,21,0,0
0.28585518104473046,1.920745277598024,-0.25290224883161816,2.0966773610747222,1.0766662457316845,1.311296870743441,0.9993077173102947,2.410093498108216,-1.8658375470685777,0.906609709023246,72.66,16,0,0
-1.2847969004362765,0.5639499151257866,-0.923133430090512,-9.373536547717363,-2.7030584829807403,-6.276328604676418,1.00715128523404,1.532477338581471,1.3696722292014312,0.9771527514830469,15.11,1,1,0
-2.6268786735103373,0.21445156622579964,-2.4528420018171175,-1.1384060008868293,2.0753240735522924,0.6954321380680786,0.6933261255614412,0.05569019479248061,0.8943193565285852,-3.0407216629047804,3.95,2,0,0
-0.6862258687293966,1.3893578159346358,-2.192210783516926,-4.621240859443749,0.2916132791004986,-0.7947324694549864,-1.299939980454187,1.5605883138876164,2.4156606121344977,1.1743421841104016,27.49,3,0,0
1.1384610504687913,1.4716931562676385,-0.918319757867182,-1.5043707366571093,-0.16598261939483527,1.0813489887147536,-2.8483839846950505,-0.1438573021373133,2.5842778534164097,1.3840817913026024,170.45,18,0,0
0.12143947638471336,1.7205456175222946,-2.146479301945151,-1.1434554473420648,1.172500369411943,1.945419783565699,-2.388221871574323,-1.2397966741365083,3.137399821088592,0.3722102987847706,61.65,10,0,0
-1.2312565348504994,1.9530358841961237,-1.2249561741656672,-6.409519435590916,-1.7080387519416953,-3.893267166208438,0.6485168588018934,0.5466744438273123,1.1966717944154772,0.1519341543784774,15.94,3,1,0
0.23045842229340144,2.7365094829679832,0.007847717505310436,2.01657367250631,3.139851895696677,0.034628672835709695,3.594204419603152,2.0412854575080153,-1.6167982004208368,-0.8500946575799257,68.75,12,0,0
2.7115272272625957,0.3335009055761563,-2.748993088099567,-1.4691734998904196,0.5265116997117603,0.9452303118271533,-0.18589032358911559,0.8250061024472514,-0.0030037958022788303,1.4786392195466835,821.82,17,0,0
-0.8611243527311618,1.597819353833096,0.49245265862186094,-4.280536232197596,-2.6943927415074596,-3.237937867679829,-0.3091260846706339,0.10114749837950687,0.6909996794692052,-1.7422904434592343,23.08,11,1,0
-1.321586965186046,-0.21188578125175983,-2.2034300482365206,-7.048336833767478,-1.1660058698727795,-2.6718677359999123,-0.923354093121871,3.4490497143795436,1.3778751753210907,0.5419534444521615,14.56,13,0,0
0.0428208769004633,0.119006923748183,-1.7335264213112342,-0.37810907646754743,0.6650869402563013,2.5229575293327144,-2.948734713775361,1.1622951395678334,1.7364274787766423,-0.95798264070341,56.99,11,0,0
-1.0435991080090523,2.004657514247712,-1.1792376214904117,0.4162983560762988,-1.1003929928515797,2.2870725307090165,-2.7178777161779593,0.0787143271557662,0.4801692963431019,-0.3243920472453469,19.23,13,0,0
-0.23693803015873174,0.5363196788026792,-2.0506750900131085,-3.3838051028198772,1.087846608659605,0.6711462186720492,-2.562841366393282,1.439123962684736,3.3138582516219524,0.4400233339214611,43.08,4,0,0
-1.6937742842863532,-1.9310264584300514,-1.0974519449033775,-0.6496689947482862,-0.3499846366368955,1.0978487638357877,-1.8802033600851351,-0.7864879024485139,1.0991861948833832,0.9724439982529121,10.04,12,1,1
1.022486514160236,-1.223078337383084,-2.8515590603435035,-1.890408143811076,-0.3795591561453784,2.931202969863711,-4.458695935068421,2.632169916407275,1.6268084468397288,0.13990826042127114,151.79,5,0,0
1.6227724129210024,1.0686959727924819,-2.8078402325860803,-4.745955703584781,-0.13054276951321508,-0.14927872615487914,-1.9714651140075898,2.7088306329062144,1.876272956657436,0.49903545233072905,276.66,19,0,0
0.22205470482898512,2.5900975221758706,-0.9769638131956839,-1.0034182150190532,-0.6794191549647455,1.0481915537939888,-2.217710906154003,-0.20015230578651422,1.52664891522006,-0.025228340823197037,68.17,14,0,0
0.5692683406323942,1.0060037692003372,-0.9720470072989469,-0.8055570936850069,0.0619974933900409,1.1669824050086657,-2.085140659720583,-0.4410699069431825,1.8839921513806441,-0.4060732699268569,96.47,2,0,0
-0.6646764655002791,-2.6476514957643404,-2.645141590357443,-1.276593583136581,-0.7969669989380257,2.4048810198783834,-3.6504325637989052,-2.022966248742847,2.1414465165238976,0.4926779725366159,28.09,12,0,1
-0.38314808981813925,0.4045970136351861,-0.9547047190441461,-4.818106934864482,-1.000422988883478,-2.37016674275739,-0.30764942864601075,1.997037465340639,0.9596873118683727,-1.3597775174880506,37.22,8,1,0
0.37874710340240964,-0.9114866396057304,-3.6946116901191477,-4.282885540424346,3.0786824768939205,1.1661108836487513,-2.1464904113390935,2.0109796545424077,4.159298481377866,-1.322299508664672,79.74,16,0,0
0.9843770891003751,2.329950651041419,-0.2764434527949884,-2.3224422213739175,-1.1263246978806307,-0.9935976869340003,-0.854285086670205,0.018932896405788657,1.0881322005365126,-1.1511222970903383,146.11,19,0,0
1.2023008654709135,1.9142427522715386,-1.3179260320011275,-3.2702953069386216,-1.4412237420509688,-1.0681794768653687,-0.9076459682770489,-1.1049483613800886,1.380384737570499,0.41671265822590015,181.69,7,0,0
-0.613932133311323,0.210985770292749,-1.8952703288596666,-6.792350749442942,-2.7127799148045595,-3.7141752380249926,0.6627200882268285,3.9920810307734813,-1.2534746675058168,1.196465015071284,29.55,12,0,0
-0.04078720146725664,1.3304728695192183,-2.2493594021468137,-5.037350574421193,-0.9609399207103205,-1.5811280208567347,-0.6348972150282249,1.2476649079175393,1.2162352523825266,0.9954369647547288,52.42,4,0,0
-1.1477016372228488,-0.7126741982198086,-3.7199527238556653,-2.993023215376613,3.1107162609284016,0.309727790759878,1.0716862479705045,1.774437882932721,1.25208774676752,0.7692853512011365,17.33,23,0,0
1.189720915576253,2.500520030756215,-0.9825855152155606,-0.31889860456718383,2.484982965870019,0.006878011122386729,1.8784827531506656,3.216569498358786,-0.5088031506914568,0.7123227322694773,179.42,17,0,0
0.5030297754513595,0.6059114085935793,-0.9479810540789892,-5.235421772023521,-1.832784904923959,-2.6289146180808287,-0.5193401707502321,2.328762994529776,0.5386665984321798,0.6639048782060558,90.29,11,0,0
-0.33226805864370096,0.2795233782758182,-1.7372585173341863,-0.3770672731802752,2.3564753913116245,0.6538168992317338,0.9747606802937091,0.1668388958927014,0.7509334677465568,-0.49311913106546396,39.16,3,0,0
-0.10435939936100282,2.7098901898085517,0.28704075984132005,2.275898115250316,1.2649485919674646,0.04222556763045482,2.9176632122096597,0.8858245175793887,-2.2835093762522565,-0.3843592976516167,49.19,2,0,0
-0.8929832583269643,0.44680183411622,-3.7497226932181587,-0.9226883172813666,2.694508624581955,1.803486934566902,0.7267735318911748,1.8856444204656242,0.03975976347373966,0.18346420388304205,22.35,18,0,0
1.8861879120960217,2.514404481314717,2.34587630275983,3.539635085992457,-2.273199163272454,2.255622158797691,-3.360468428889423,-1.3350288936466412,0.23254847420015246,-0.12859933967071452,360.03,6,0,0
0.9030253022825916,2.1087619242332174,-2.747010094412871,-3.6593722209033204,2.776763119850952,-1.6863154859513994,2.859478126772372,1.0042397757326316,1.043113078732518,-0.9905481699373148,134.7,15,0,0
-1.4204322526663475,0.346412058762532,-1.4619325455023575,0.04302027289580445,0.7631179417365255,2.4967871895799973,-2.5912144524542837,1.7690314594892635,1.216004372557765,1.1196893507329468,13.19,7,0,0
0.36235792013667567,1.0716637458540723,-1.4781104218865062,-4.3499289699259185,0.09940997076218627,-0.8272664905498863,-1.8121823060349869,1.369801138319505,2.8022340896210465,0.005319421736308668,78.44,18,0,0
2.510138600314903,0.7098078727795936,-2.1093423906483375,-1.7490402705876134,1.5254288247627201,1.2155511762366347,-1.518504311245575,0.49573038778612666,2.377481425782503,0.8277882915632467,671.92,14,0,0
0.26876612693695845,0.9890245870723766,-1.1987691420393058,-6.295195238147738,-1.2545876108379195,-2.6335977868522282,-1.3578382319852984,2.1696365093321095,2.2237648724172634,-0.49711439734172735,71.43,18,0,0
-0.45284862848785223,1.0277762136137112,-0.8469217356412089,-4.841924545134755,-1.6783037007829285,-2.310125809520492,-0.8433186269927775,1.1139486729343135,1.2439417319037516,0.12449068927996743,34.71,1,0,0
1.3760362290600592,0.2026586649333295,-2.7018992382109177,-1.450993838446882,2.67574020372052,1.044832518485318,-0.014451418106162404,-0.9433075379131479,2.377855676266017,1.6438677652370608,216.16,9,0,0
0.796736638533456,1.2329235298882164,-1.11271841386442,0.6907227737702327,1.0650601166344449,2.9364923951475426,-2.936313670563971,1.6409272360978098,1.6316247139064768,0.11803393452999772,121.11,7,0,0
0.21847881985264547,1.7816558053163676,0.02553240469072149,1.3321716503034287,-1.8214118502185637,3.75868896595371,-5.901781529348437,0.8339294004127418,1.8082802151116106,-0.9649747654807983,67.93,6,0,0
0.31192125499332185,-0.4456498838377483,-2.8978742752667914,-3.716522510327929,-0.1717561537271488,0.9873667920750762,-2.954925436592236,1.7168421283553625,2.1744095038422344,-0.7763332973468575,74.58,9,0,1
-1.972180393895113,-0.0354871257858036,-2.42258550931888,-1.3961696096579461,1.2115056911791169,2.2117719396457947,-2.576461902696607,1.9007370393714615,1.9153430981250668,1.102948482295136,7.6,9,0,0
0.005608029594793347,2.5892203778205403,0.5942982301466544,1.1431535340988637,1.6624687223909795,0.288794850703993,0.7347045324833638,0.11695613615162714,0.6742056173049575,-1.104512378707056,54.91,20,0,0
0.3324241216946509,0.04515284161778044,-3.1690405507152652,-1.532572163231336,-0.10263506471857076,3.470553109717545,-4.381204327787802,4.198531956875309,0.9764691103768605,0.6724753164332619,76.13,3,0,0
1.5079196997432895,0.9692021596964664,-0.18856852457452122,0.1279310825790313,0.5081065360743665,1.7902609262293667,-2.712540105955762,1.2388872358948695,1.8286011940895779,0.3398654325187128,246.64,23,0,0
1.0743427107891286,0.17316469711439164,-1.7488204183555833,-3.546565549089748,-0.199831244386798,-0.5613803081072758,-1.0415962521893256,2.2623543235028185,0.9915824084706313,-0.6663235800855934,159.87,2,0,0
0.804872461359671,3.132622884825632,-1.7710721608751712,-0.5463539244861237,-0.2648148393746891,0.9452570192098345,-0.21981193629114937,1.53939553665601,-0.7756263967505546,-1.05304290950873,122.1,17,0,1
0.9252456723315663,0.046398179718320165,-1.5027321492061474,-3.910550355729059,-2.0462389092157633,-1.3747550293891044,-0.6203584989012193,3.312461702993798,-0.986489717877254,0.33748076110924946,137.72,13,0,0
0.3768914077667961,3.826108988446811,-0.3727908278407597,1.7804298251122184,-0.9879982788088084,2.0746209016907446,-1.908416032534703,-3.654378744562604,1.2129223734219303,-0.1564690998817286,79.59,10,0,0
-0.6164115411792775,1.9791684680848927,-0.8871199541783279,-0.4407106849715866,2.7657704377401178,-0.39747382214244587,2.0819139300605265,0.028004295833176318,0.9034331490542022,0.46183070910646157,29.48,3,0,0
0.5803773668016166,0.7899566768135654,-2.0738956558648938,-0.015924022527583816,0.9653752864873137,1.3725120329914906,0.016674705426752538,-0.23586473323183244,0.13995912930468202,-0.3263281811000391,97.55,19,1,0
-0.6684643194036576,1.5410291401498246,-2.0996378677163348,-3.2228991017811577,0.1306476060691164,-0.2239981297402741,-0.953769906757594,0.4557349326810526,1.7340883749341147,1.1647530864924784,27.98,4,0,0
-0.36620560473536756,-1.3241025616629838,-2.331885548598904,-0.12957115944602762,2.1010560152687145,2.209338393018805,-1.335073788458448,-1.6199439924158197,2.3647818243725016,0.3784869649845207,37.86,4,0,0
0.5796615734802759,2.3848477671244184,-1.4866850042150994,-3.1905094925721333,-0.9107376943515102,0.3427380559294514,-2.79065268553738,1.8796865266651723,1.9250862968406688,-0.2598005836935746,97.48,5,1,1
-0.03170183170872948,2.2480300559847435,1.2221233888304102,3.1178577236769858,0.7584836714085936,1.5880886068431923,-0.35969867921040066,-0.2891655648629088,-0.032534798896245665,-0.8939382953764871,52.89,4,1,0
-0.21972704825077707,0.7117528390044028,-0.7700124330282994,-0.729849658393181,0.5377413785810365,1.949644587007682,-3.46972741617469,0.6007909848646509,2.8735500050047893,-0.1635646282018903,43.83,8,0,0
2.734615861543841,-0.7894725589909546,-3.9855400697740366,-2.5283214226843183,4.092148714769758,0.9953733872238104,1.1085461768967055,3.495166264459944,0.9893708984070687,2.4161371680906,841.02,7,0,0
-0.13864688483526635,2.2156040601966565,-1.7202020685354227,-1.8044278885720175,3.259819695746656,-0.2789367829347644,1.5563218889450305,2.2954601155018057,1.2507762522829444,-0.1562054886143526,47.53,23,1,0
0.3904410753528249,0.19485161099191783,-0.8219850660817476,-5.469231477610752,-1.19402203776749,-2.5359260594911044,-0.9159851416893741,2.723153375700465,1.3457171287772693,0.3962564092621915,80.68,3,0,0
-1.6888851992195746e-05,1.674400081217648,-0.10161309947584352,-1.002865935950202,-0.917852882201997,0.4914231443016408,-2.3575277486917674,-1.044978155681341,2.0259343278561484,-0.4766283097578551,54.6,16,0,0
0.46433898604548346,2.194866741386972,-2.3486246579078442,-3.4742616183495088,3.644362730900281,-1.140385960613256,1.840426615090115,1.037133694283277,2.55562666162304,0.5539533228400662,86.86,13,0,0
1.785917608408074,2.7660444522182885,-1.4593206645705505,-2.9985376631544405,-2.0799283950060725,0.2708394249837971,-2.914547487789356,0.5791549501861322,1.4886092328194338,-0.5556718021146635,325.68,5,0,1
1.1878100846576878,0.3494819003193105,-3.1760841445533896,-7.416130271784366,-0.8821354961002854,-2.9319561145766917,0.25805404997698933,2.7719234319418478,0.9066229736630316,0.22552685025570857,179.08,6,0,0
-2.1236997269375286,0.18513198895182348,-2.447817617503069,-2.3844066699209945,0.3674746592449165,1.3863046620163986,-2.5974100393764306,0.2803658618604772,2.4341282531301403,-0.17124034128994192,6.53,0,0,0
0.28735284159951235,1.8199683614806315,-3.9730122558916214,-5.581137548035634,-0.43122753392466273,-0.7036300229623849,-0.737969432568926,2.0185168380140226,1.0863399229487052,1.0163731281913175,72.77,11,0,0
-1.0555555821009717,-0.2343244719604396,-2.004345850899762,-1.6197617675458265,0.26384817968712015,2.6925537096044136,-4.518734969030117,1.8609487600884882,2.804728873416371,-0.6521146697995178,19.0,17,0,0
-0.46952658886657356,2.4010360887299917,0.5114209808524313,3.072244091448716,3.050295119582018,0.1933826613973597,3.842547061224051,0.9759259685640068,-1.8721357774789282,0.9073870093242944,34.14,21,0,0
-0.8846602524261078,1.4851049018616462,-0.580182570401021,-2.260274297641883,-2.5584886401797338,0.1629844651456942,-3.15720740423331,-0.8196247837276596,1.6290875309273642,-0.08821425727612431,22.54,1,0,1
0.4815538916045121,1.732758342886215,-0.49594106785285885,0.042955339907722864,-0.8823586032270445,1.373673827030417,-2.2283430515385976,-0.450572849717624,0.9828136347854611,0.6022772862850623,88.37,18,0,0
-0.2537400670526265,2.6990998977433094,1.7673598345598192,-1.4786894345614847,-3.3720874640804572,-1.5954229081982398,-1.6719421244504467,-0.28667942698918636,0.2973923935853622,-0.3596077860801377,42.36,23,0,0
0.7033677398518539,2.359499952496108,0.04187792129623635,0.9847430753711256,0.9223982491369155,1.0365569489741495,-0.36664142569094926,0.9511518921133569,0.3544987002891665,-0.4003829045002151,110.32,9,0,0
-1.5831017840637496,1.9232152366888013,0.08921593740272793,0.3558477390847969,2.452037858637984,-0.49428944382113493,2.0352397108531792,0.08082866900433094,0.5926420833582878,-0.7706088263900168,11.21,17,0,0
-0.4228936878199838,2.4070484150903075,-0.7342656576662892,-3.9066349791846307,-1.8735206410413638,-1.8339415995336603,-0.8683162081750836,0.027108759385222392,1.1834968953688472,-1.3410060437292566,35.77,3,0,0
1.1965187059676976,-0.32876397852515105,-3.5070921397511636,-5.3017905646680346,0.209431418357666,0.2593839525895798,-2.3454495600058936,4.745403205794615,1.5139650980413037,0.5148948400178621,180.64,5,0,0
0.36247622951869124,-0.8690803543201073,-0.4303785151903624,0.13933540289740726,0.47658430555821185,1.918253315900909,-2.84181801610563,0.3528461821917379,1.9609113161860925,-1.476429530498587,78.45,20,0,1
0.6497634319925917,0.6284897186817929,-2.2779372869337395,-1.2898985251858504,1.8323365101573548,1.3214460412325804,-0.8015547571038775,1.2135662874084354,1.5002905211295996,-0.16868432747267378,104.56,0,0,0
0.16155400636447484,0.9512532915812798,-0.9122668755750473,-1.1495863534120705,1.4847128905693934,0.42643031125967357,-0.5071643520747002,1.829891406346226,1.2578884014468004,0.7106968027831487,64.17,13,0,0
0.5542771032570991,0.13391152227749847,-3.3020936538292425,-4.4736349677135205,2.7936418593041266,-0.33167202160070275,-0.17932732128065548,0.6537923618674839,3.416985970812748,0.8609970368876839,95.04,18,0,0
-0.22799343069432204,1.3509258707519354,0.3538754442943488,-3.0585182747187565,-2.842283369892259,-2.1842019169757014,-0.6163885981111495,0.9550819433229477,-0.32208017826342195,2.3552340877718194,43.47,9,0,0
-0.21663261685299423,0.9911884969470016,-1.1518948880073479,-8.102179961345477,-2.183798273096652,-5.085933894244964,0.6027322482935585,0.5520885744820762,1.7175666668935103,-0.7616382721532242,43.96,6,1,0
1.3557458425968132,1.3373584267290304,0.04442134146534782,-1.2156768265112847,-2.0981780424175405,2.266383771363876,-6.22419105436067,1.3577157120023011,3.000813944017839,-1.4230809203324553,211.82,13,0,0
-0.8697674764697964,-0.013202482063744192,-2.922826097698587,-2.686295931272097,0.9990272217630156,1.7237773622522503,-2.666042638464374,2.254581594542573,2.1883264951798607,-0.4136543543189351,22.88,16,0,0
0.3062138593039622,1.1900136148424385,-0.04125666710431086,-3.326573216311341,-3.295309348290056,-1.8947419598284636,-1.1014005428461402,1.5804222383468836,-0.6276087999852358,1.14099462586034,74.16,23,1,0
-0.14611383785053786,0.903563356705168,-2.2937185609885615,0.9432624207761492,0.649238385818561,2.6122165573271827,-0.6361434660949471,2.9563995693767753,-1.5441669800043976,-1.489305743495408,47.18,19,0,0
0.29625904109872525,1.199208894419436,-0.026395880697835716,0.6932866209016276,-0.9677582979626529,3.010237777557113,-4.766384806467072,2.687392830848773,1.2565681017843437,0.059374968124169404,73.42,12,1,0
0.31238881725231327,-0.4133470293142698,-1.154840804213027,1.5422170250182956,0.7012271588740324,1.516794879502661,0.25833239744063274,-2.0907084002916116,-0.1447409288146726,0.5340450383274158,74.62,18,0,1
0.2893068594219902,1.605002907542372,-1.7901567106942644,-3.0013920533576943,-1.2302456349921613,-0.18116476189650954,-1.4333266863718614,1.0161549780247179,0.7189213697994922,-0.8039034881676157,72.92,15,0,0
0.6802815079991509,0.43748115363986984,-1.485853349480308,-3.705304421509823,-0.5736010666055922,-0.6429372079393646,-1.5571957839888535,1.559371414127268,1.5489505413134896,-0.4146843288665362,107.8,2,0,0
-1.0865692075028561,1.2076255864502154,2.0422534427675467,-3.3527580070455363,-2.792031785990048,-3.4403438430997815,-0.49370450642805397,1.104551563865194,0.4083417004982991,-0.29234196002637336,18.42,9,0,0
-1.2867242729580206,0.9090146918992406,-1.3107992722824942,-0.7565783608278875,0.4257214983032138,1.7921958459837175,-2.612507208197927,0.5616249949876797,1.9953971913860267,0.1737444344196466,15.08,13,0,0
-1.251852723821766,0.7598395248780963,-0.9673795379280052,0.29203070476045784,-1.135172706196707,3.8309313093201753,-5.8219704696215295,2.5050045610789127,1.7479030688243207,0.46424780619441564,15.61,0,0,0
-0.312634806855371,0.2707696095586326,-1.4629840705942523,-4.786697305910296,-0.045543355518997686,-1.2035873583818437,-1.639257838522234,2.031266695347924,2.4671786169730026,-1.2804168114471053,39.94,2,1,0
0.45669199486291356,2.4866616832896256,0.5311867297126112,0.3846019585911555,1.9346841815857143,-0.9264447362727222,2.3007536178432777,0.42254788733588555,0.05010991647456642,0.4260260068098303,86.2,5,1,0
1.280011128939163,1.0968244861896241,-2.297751494112372,-4.3248432760650255,-0.10062711434805349,-0.2399059599542328,-2.1324071033639243,0.35047450794108814,2.9252394427644135,-0.07559043340806325,196.37,5,0,0
0.1786287102695864,3.0172790750558267,1.056516363083224,1.740301922318634,1.2853452745555183,0.3507528632400987,0.8721316854731351,1.3910889886105815,-0.3548767681293341,0.00713624194940967,65.28,13,0,0
-1.1744838106340922,3.298148538491577,0.2865807434368226,0.39113772261191226,-1.2072340850175822,1.0088863405815738,-2.1575077740210356,-1.4592150564780242,1.3345921355726145,-0.4444011191749391,16.87,11,0,0
-1.7087750030417361,0.8370683894968696,-1.934512662790056,-2.5143553527885967,2.4087288814459464,-0.33096190248650426,0.5917805502598655,0.9395843676916555,1.944179634056253,0.7301061354955767,9.89,18,0,0
0.9017961667883415,1.1789587701171387,-0.5182050543009268,-8.82332709600859,-3.11786888920313,-5.803433419646298,0.3476467249239165,2.6319554934893903,0.97195378679297,-1.0131877862381584,134.53,23,0,0
-0.7290506800446296,1.1344852666045127,-0.35843782063272833,1.1259204783293137,1.37809841415462,1.7902787566789942,-0.9948269529178989,1.7394557742723404,0.5123199532833169,-1.669480211790956,26.34,9,0,0
1.2665684218541158,1.4704301766864485,-1.1725442437248168,0.14177218160441596,1.5550429387075357,1.1205444840417598,0.03814331155492335,1.4387760130424407,0.29804316233977035,2.3022686039289226,193.75,8,0,0
-1.6183433528811133,1.2136904096332461,-0.8767158658008831,-1.2398728260800547,-0.3542946737071242,0.715718455118598,-1.9682094410062752,-0.38553441192425364,1.7325026893951185,1.4664398531001226,10.82,15,0,0
1.708355408617543,0.07497423630772304,-1.7811187896829181,-5.503296880945388,-0.4603005680841086,-0.8622644047926638,-2.76339149251089,3.3930288277651606,2.64085638272162,-0.24392064147935114,301.38,16,0,0
-0.7896996710226947,0.06349704044883553,-3.440238638291782,-1.7644007886450686,2.116036514253124,1.6896873718987258,-0.5195538303473946,2.692734498483747,0.6901254642798531,0.5997021173091253,24.79,22,1,0
-0.2765858833323121,-0.17781476517995998,-2.6432487826278086,-3.872445225408647,1.5025636048638975,1.6115747657579313,-4.112068309015273,2.007126532184789,4.513765691844455,-1.5864108144569422,41.41,22,0,0
0.0678949059201423,0.43133531426230187,-2.0601837471009254,-2.2134873589236075,0.24779275684763502,0.9046767380925347,-1.7535494813573993,1.9142764499247749,1.163875314706853,-0.6001084566279156,58.43,17,1,0
-0.2545272823098328,-0.040417833521732005,-2.0572890202469067,-1.669620774644757,1.5440316407530956,2.411455152195,-3.589475319741415,2.121008626157874,3.1359713850882396,-1.0966974533755387,42.33,5,1,0
1.4933782425737043,1.6322169454274003,-0.973564548481582,-3.1977380336256225,-3.2117156697138274,0.5837031667720272,-4.820956233157157,-0.7698027157182346,2.6387645253929035,0.5258717019149104,243.08,14,0,1
0.29794543410247415,0.8277045870733187,-0.7067503657774252,0.45075579430284674,0.5974592304049383,1.3481672932404498,-1.0747653724123623,-0.5789935424268813,1.0443507986440297,0.3643450944813701,73.55,1,0,0
-0.5385031568176714,-0.8620825796217926,-4.0301425888123,-3.108346427453641,1.571527969469691,1.6572295172559801,-1.6557587509834808,2.258828515096819,1.6485792866395468,-1.218086960045935,31.86,4,0,0
-0.41890481314678263,1.7353231681967918,-2.1401492559084687,0.21181526641307113,-0.054804517183734136,2.8304028204459115,-2.5594808963034623,0.5787668578038613,0.7460400804144478,-0.023055131835595277,35.91,17,0,0
0.1767926997249199,-1.8768866400945938,-1.8030192687824889,2.5111233452491053,1.5774669487917372,2.2717830557122256,0.8372421335344455,-2.970069873544911,-0.42858606915778963,-1.0426399735219285,65.16,15,0,1
-0.21055781944142837,-0.4549716335091474,-3.18455760718744,-3.55324484080492,-0.016872950296592082,1.2209450075533346,-2.451985745640006,4.986294993483135,0.43592173491268704,-1.5956193164932715,44.23,14,1,0
0.009217995831517868,2.5689699120068523,-1.0912402892036608,-2.560394099307532,-1.5841693632308242,-0.575139749895069,-1.1077253467897903,0.18153623971879695,0.6487195111929144,-2.1275776051204365,55.1,23,0,0
-1.3589225659392825,-0.29023543838417853,-1.0352495417875984,0.8265854054968246,1.3673809601375335,1.801114781856357,-0.9020204444494142,-0.36695006980108946,1.0274870471308428,-0.5125479323001011,14.03,2,0,0
1.765579838072688,1.4146594144498488,-1.0450868680268062,-5.1236512347918515,-2.5480218482124872,-2.780039020933323,-0.2470542401582698,1.5359729900089745,0.03468956411977109,-0.15615407459119518,319.12,13,1,0
0.7411474944660329,1.537452171972108,0.3245919352698792,-3.19604977372154,-3.482045194703221,-2.348522620316392,-0.6099228060862647,0.9582997596516761,-0.7813152122072213,-0.22886092042090672,114.57,7,0,0
0.5286335580588339,2.1811900961911332,-0.6003007108675268,-8.477917031564944,-5.033832109341339,-7.074600257465474,2.5569997600440586,0.7005922108698727,-1.5853932088862523,0.6843890277241599,92.63,23,0,0
-0.2668727535360442,3.820108999458305,1.6483087744421405,4.157560998878867,0.30969613826894027,1.4539176906415818,0.6550293791497919,0.1422168377147741,-1.5680783673145402,-1.7272064023624072,41.81,4,0,0
-0.0157234080291869,1.2217855059864422,-1.042978778994437,-1.9140856716348118,0.12195851082131126,1.502647912320712,-3.75148355650842,1.4436794599380245,2.999842375147866,0.09638081851972435,53.75,8,0,0
-1.3213155552967488,1.534680414937966,0.08553235797364311,-2.0456533402725348,-1.3155522512988351,-0.6995566721332418,-1.5516650472593922,0.1941647190241953,1.2718523746655792,0.6858562605932861,14.57,6,1,0
-0.8337968527080484,1.7752003814227044,-0.12586965026539754,-0.5284708945002652,-0.8056210053472945,0.6218252813001681,-1.9412644210304701,-0.8432121876396794,1.4737605033908252,0.7219757323741481,23.72,14,0,0
-1.090548687158097,1.1981986520154575,0.87116823395075,-5.36003803086806,-3.686461604689092,-5.184244213639466,1.3395716696763096,0.006781935869752287,-0.5650327266311335,-0.6664687792734527,18.35,4,0,0
0.5506536508942469,2.245289156747882,0.27796106735474213,3.1649375947784786,0.9834645151572852,1.1854980711572796,1.65163402657166,0.09754712776514118,-1.8496830619257885,-2.3836964768786104,94.69,5,0,0
-0.20272270168770654,1.3520797933919209,-1.72830494083115,1.389458758696221,3.4031538667921355,0.4527114817608815,3.8741772505008862,0.5416493818242383,-1.4867240528523127,-2.8160502712982756,44.58,8,0,0
0.6968547691216561,-0.30346470333531905,-1.4122591683024042,-0.06400873045555026,0.9470094686311957,3.567777812829857,-4.581189949741823,3.5521249707838303,2.1067306041471263,0.394156363861508,109.6,7,0,0
-0.9024110666383323,1.1407033352722669,0.047593091720677494,-5.458375903255468,-2.1131701570819486,-3.0476571437004623,-1.335930291595277,1.0984510903521931,1.9595484491305852,0.12990600327810203,22.14,13,0,0
-1.0105824880916097,2.302661525887408,-0.6169209472414777,-3.353278256994055,-1.172028121181511,-1.0165465988679165,-1.6378828682109978,0.47906724839238235,1.8705301846624505,-0.46226934794028907,19.87,3,0,0
1.2097499347918255,-0.6087493657488472,-2.761167335730292,-6.061459034238881,-0.025377395170254724,-1.2940189273554916,-1.4810681687667462,2.7190501988755496,2.204332194286495,-0.15102625591873087,183.05,14,0,0
0.7679557806236676,1.0663593183740374,-2.4454457204338285,-2.5771594083112777,1.8875131207151115,0.1896470795584766,0.15336991743768333,2.5059856929086513,1.0499596222174399,0.6685232019922684,117.68,12,0,0
0.326355553472984,1.752547739852099,0.07695363087272078,1.8547852500565216,1.94326934988324,1.2557449141466088,0.5890931106897226,1.7187792954778685,-0.3153237378043856,0.8286031747994714,75.67,10,0,1
1.8219213887378323,0.002408457742484993,-3.491779113711309,-3.6355131516176415,3.5278319003263876,1.181096038300817,-1.3743229326830082,2.7536808226217855,3.4945635507850143,-0.1838140631967666,337.62,5,0,0
-0.5025833499819943,2.134488015064488,-1.7292125765540414,-1.5714334599466513,-0.01045259986306113,0.8129685339819213,-1.3919725514411923,0.13515433524985188,1.3338950382650605,-0.1908062007139893,33.03,12,0,0
0.2100613674880904,0.7899748545236531,-1.7497867808771437,-2.0261116240454604,0.29538408076981304,2.2429445044710103,-4.0942475952472,4.558342245183381,1.8888434587476084,-0.6732181207302361,67.36,19,0,0
0.47585836220274297,1.6853909327563263,-0.37204474902214335,-1.1138535525309918,1.3373518754880522,0.6711592210404488,-1.7318501576769527,0.3600846149965671,2.867811161875939,-0.40647284554559604,87.87,1,0,0
0.019883648943736856,-0.4626238790041034,-1.7183469198866876,2.805710894113643,4.7642714244750834,1.5882007587628744,3.4394225966962195,-2.115265779951012,0.04959149645456096,0.04434360488484821,55.69,10,0,1
1.6875589881879525,2.162083494799008,0.7252790268444353,2.665160500518686,0.1786846011701111,2.2118886673004017,-1.6252997705267265,0.30545923899089467,0.1982275973600971,0.45220142102750877,295.17,11,0,0
0.8719188269418052,-0.7789955506941579,-0.8570337189352482,-2.0684455895295795,-0.11297356332969444,0.6127230482955297,-2.299857242190356,4.028227383286494,0.6990588601113412,0.42585011153070823,130.57,13,0,0
-0.8785922688994338,1.0861335572981818,-0.4794317887442838,-6.106367625630451,-2.265351703537574,-3.601637114656495,-0.38655594714664854,2.1992614101718266,0.8600877228115219,-0.2578831733223727,22.68,6,0,0
-0.6442220328940106,0.05512000833447117,-1.961037761231196,-0.6085562177757867,3.040260053645598,0.564833659419162,1.2590952354990965,-0.19895441178423523,1.2845194323525315,-0.0592628110502154,28.67,22,0,0
0.23075199149423564,0.6815206712558218,-0.818837722455878,0.45206892346329425,1.58071448022008,0.7854674300485107,0.30838632247006326,-1.3290213220321527,1.1151601353244078,-0.393194092372937,68.77,10,0,0
-0.2007082850765448,1.662413890416293,-1.1273830956802209,-3.6112198976388323,-0.915106253815654,-1.8051971470399446,0.0922760256545612,-0.2881040655537961,1.0251009114710197,-0.34797306722824817,44.67,11,0,0
-1.7773702249220968,1.1062671131734916,0.22836046620080164,-4.251218086254962,-1.2066064450697436,-2.4862805246165287,-0.9180594248761408,0.8266214643258892,1.917793517573168,1.0429998211230813,9.23,14,1,0
-2.0730498940168447,0.8516254308680999,-2.0160767268921322,-0.8458493436099326,3.386336006302125,1.129072613856717,0.4321089834886819,2.8095817984040847,1.1641438149765866,1.5857038254081173,6.87,8,0,0
0.04409688132163612,1.7655937743024004,-1.0695949394079804,-0.3617135777124126,1.0947001536774232,0.9110166675033267,-0.4397969407926226,1.2077474419648988,0.7010203995781359,0.7617697966285379,57.06,15,0,0
-0.2369255640038088,-0.24597610017574323,-3.411589172904802,-3.018891611796628,2.654034153406373,2.015858155809664,-2.4095184191382404,4.01648400436947,2.661722965985886,0.2859129715631864,43.08,2,0,0
-0.6272105256531986,0.9876084772374538,-1.5352715480838615,-2.689282981853888,-0.23580299675606264,1.2489280916390304,-3.9206826024749857,0.037432018700793934,3.594235292210996,-1.5888628781935508,29.16,20,0,0
-0.585778613016494,-1.3749320768523134,-5.942255424729392,-5.918556323804162,3.919252333277596,1.359109702907077,-1.57586905767882,3.2169430313461076,3.9442345697931316,-0.005873159070754514,30.39,6,0,0
0.6896941625531138,1.3408784286950366,-1.0834311946946464,0.8820692848313795,-0.04967922542584913,2.9524485061176553,-2.8934793513307158,3.2147918893606313,-0.046227765947715715,1.204279034102883,108.82,15,0,0
1.3022776797764226,1.4737409472542238,0.7947627403365514,2.809461630064344,-1.062829726019787,2.2450647346114976,-2.0028967379064846,-0.03285741640528439,-0.5607670081982563,-1.0794211916836398,200.79,20,0,0
-0.18508024703746392,2.3119242301692804,1.500456693241491,0.37352214531697087,-2.7982726496792982,-0.10704660840543534,-1.8704803271282937,-0.9658046609979707,3.087586658967467e-05,-2.809493376087562,45.37,6,0,0
0.38120308227359323,1.2759755228660112,-0.7009580599334208,0.4548081088690795,1.671618905274806,1.1824224396816905,-0.26477914775971895,0.9836091345896709,0.789244054909091,-0.19037929884635396,79.93,9,0,0
-1.101432648463324,2.461455545611893,0.19441550594200496,2.488143353424103,0.6517205039047933,2.3927939928502084,-1.1700659176364854,2.596851112853792,-0.7266134939060473,-0.0716295943152845,18.15,9,0,0
0.5547249443337295,1.672035398867314,-1.5572862549032584,-3.497157977435602,-0.3224807702726561,-0.6023365142037376,-1.2932359838740786,0.6160992669855738,1.9206563687260485,1.0494069550334153,95.08,13,0,0
0.2222154329201166,2.270576192161538,0.5742335315138247,-4.668482485725846,-3.064004406753222,-3.2516661307116097,-0.8635974676738597,0.6667723372482218,0.8722283748445387,0.995053401751912,68.18,17,0,0
0.35018962314813235,0.17772838747709185,-3.2262442042276316,-1.6919950515328783,2.7058870688581798,0.9258106569931731,0.8657462359979426,2.004059317352811,0.5221438012688969,0.16465711569097538,77.49,2,0,0
-1.740558507837965,0.8661457075672518,-2.140561058243845,-2.4837477406991124,2.214590138398636,0.8647351192849693,-1.3050466162216952,2.2987233360724204,2.504653302107066,-1.2391990936862396,9.58,15,0,0
1.5473459145816588,-2.589702589541484,-3.1463919132677325,-2.7969678285117325,3.7931670322875597,-0.6349965393315113,2.2629295854335245,-0.923427727669829,1.978334293644127,-0.3109406360212753,256.56,6,0,1
1.0054747211353892,1.595538073760342,-0.5994451196646764,1.073365929772242,0.8322300052565308,1.6693190924294417,-0.675820597422582,1.854674419954022,-0.2433888442080625,1.7321721405526744,149.23,21,0,0
-1.25668403509815,0.4363608527995071,-2.0927373851024886,-2.691306566988474,-0.25166641752285346,0.7978394841413499,-2.213716307774565,2.0989228938254554,1.2581325169844657,-1.118591572381865,15.54,20,0,0
1.597745134410192,-0.40849512872322813,-1.4868935676822925,-4.632460423750714,-0.6517006920738337,-1.5630750878426192,-0.8814633553565714,2.4888912556016924,1.0685319019454398,0.8030917796413997,269.82,14,0,0
-0.2903410131005185,0.5857214934963587,-2.852281687625881,-3.373038375260743,2.214505793753611,-0.6347135944129747,1.4069638345162627,3.513277501472646,0.26196194977759235,1.3133540708474398,40.84,5,0,0
0.18205616658509802,2.558339118090655,-0.5829497330178438,-3.9440446792034294,-1.644762130736291,-2.34085542763581,-0.2723833612585473,-1.8680889865721866,1.798068625525059,-0.18728184017822194,65.5,22,0,0
1.5424203541029797,1.2136209783948453,-1.4618718554250438,-1.824994856549716,2.540815059669905,0.03978753825572512,0.13578959510037555,0.06789464151824531,2.568114772250594,0.3699853123327253,255.3,8,0,0
0.7484124034805302,-0.7860753557966635,-3.9333367178799286,-4.889071951329955,1.893485432244021,2.221071924145679,-4.6256428372919665,4.7800697195572095,4.100711527158054,0.7986117053054717,115.4,4,0,0
0.6052018089012347,1.4093316361242512,-1.4185251189067358,-1.3612963988258164,1.6891166377447862,1.3066477824541605,-1.7412798777592098,2.214203258957461,2.1223396045125336,0.8343907026289056,100.0,19,1,0
0.4685176138321194,1.9815558550832044,-2.249912032367954,-2.3605712449794733,-1.0107632441562648,0.15924324160618308,-0.8552482736706645,-0.34594730297104914,0.5188016584969487,0.32548789789108135,87.23,2,0,0
1.4731645503989397,0.6642053179620374,-1.302478767771494,-0.4727661643884538,0.31903935257671834,3.3734922919640127,-4.885880036858582,4.339917507726,1.8556154550024306,-1.4314116707496132,238.21,21,0,0
-0.4543016190191804,2.423665561191574,0.7641266209585624,-1.2273082610047794,-1.6494234196702349,-0.7628395180672567,-1.542426285278639,-2.147529005798491,1.815494182770133,-1.2096758188356334,34.66,9,1,0
0.8820687283912232,-0.38483452243216987,-1.1170605872289048,-2.3697872265099393,-0.8721876812836713,0.22956396822223235,-1.9855781786237805,2.7572293753169523,0.4441636579394811,2.3623890062354262,131.9,19,0,0
0.6173253498733302,-0.5372839742895488,-3.275111919292031,-5.771577166549189,0.33068705171809176,-0.6974903715458305,-1.588614137845303,2.569399848954217,2.2754319954664064,1.657197039107205,101.22,2,1,0
1.6197945335856416,1.0182183529179216,-0.14495787460281084,-5.201995147199032,-3.3718928172967146,-3.374628071049302,-0.3979598665715719,2.3109008991192246,-0.48740203149796657,-0.7027600567519244,275.83,4,0,0
2.1687617391873126,1.7171371348906548,0.23339489866663432,1.4205925924046425,-0.41801302439929455,2.380397135390601,-2.98041432796787,1.1879392359918708,0.778173361559688,1.0889163023110278,477.59,1,0,0
0.22918276778894894,1.6996916999552605,-1.911699619964132,-0.2761319883115264,2.8676436597247497,-0.02195593169347676,2.881552119452845,1.0812073720800979,-0.5385059576399183,-1.2481965984308048,68.66,3,0,0
-0.9032319025878648,-0.2301307733910003,-3.6996385730211694,-2.329601530488863,2.8681338075621627,-0.0023772054437594115,2.014240633204591,-1.5711916433390394,1.3821103372893522,1.3007070915368797,22.13,0,0,0
1.4153731620234389,0.4686782003199981,-1.87423689610366,-1.9707371154281943,1.5723642966217706,1.5529656236778986,-2.5133603723706712,2.0713242393138542,2.701593722370669,0.004294003257639996,224.84,23,0,0
0.38507361306914645,1.5915172322445161,-0.7082599285030121,0.272494987939832,1.4696322147649314,2.0428562715483953,-1.8106845427174356,4.012859321995235,0.656911753444642,0.7715074619039685,80.24,3,0,0
1.6721538163315477,0.7724810519009604,-2.0880972638855533,-3.01096736589074,0.8823215843473806,0.7153698758308742,-2.222619379990983,1.2315921720001766,2.777202452788923,0.1497767065050483,290.66,16,0,0
-1.2367056829834713,-0.5120937415730804,-3.6428310795898824,-6.006899399098507,0.14577954150172845,-0.16181874234470417,-2.351324884905343,4.064926769186532,2.0598441319838336,-0.4427052342681807,15.85,15,0,0
0.6903254829174061,0.8551567507145326,-3.1538033556470477,-2.0701619772806987,2.27659375406125,1.0860500005176257,-0.04072953784099288,2.3326536204461714,0.9911423471875895,2.1748458558497608,108.89,2,0,0
0.9703788276131368,0.927524376680415,-1.3991410617980329,-0.36423821389644023,1.873937709514998,1.3327619509881317,-0.5341733533258957,2.4684937397537787,0.7079144477646152,-0.20000562147972104,144.08,0,0,0
0.599945175542934,1.0903509180885749,-1.862516187075072,-1.086540048916333,1.4300230851435505,1.4429941407733777,-1.2535798818393864,2.1063193550631616,1.2311617302936315,0.6298213471815304,99.48,17,0,0
-1.9301258591423565,0.7553764881296634,-1.0119900591186386,-3.471750203230757,-0.9101902969093776,-1.2119680895738836,-0.9161236399105563,0.6902788272385794,1.2427534470415817,-0.5368012184158412,7.92,22,0,0
-1.7528533117953211,1.570554014948719,-2.3159573099023727,-4.630042138485646,-1.061189166772686,-1.0177169743389678,-1.170641087272869,1.0938901305537383,1.3444180605674394,0.06774018516716081,9.46,13,0,0
0.0008877074867257524,2.128419503145554,-0.5232713222134733,2.3690203875856612,0.7464004692407624,0.7013476904219205,2.4644524358586946,0.23089249928994626,-2.571919137483527,0.5427169362775277,54.65,11,0,0
1.2475966552049536,0.22053329603868332,-1.3180738062319803,-5.595210736943674,-2.25374526677486,-3.028795517370651,0.10658526253677567,2.4316648604253643,-0.289926931868947,-0.07134775627425866,190.11,18,0,0
-1.0304411220184728,-0.013052840742770355,-2.6980752083037824,-2.3380071224332344,1.6048292421676316,1.0884331255840067,-1.3557954162882457,0.22129850292437092,2.4590317266509296,0.8056602399260495,19.48,7,0,0
-1.4552774296217454,-1.3692809716945413,-0.49342915929521947,-0.44543055767029877,-3.1419386201960493,3.261873553619936,-7.3616215195545704,-2.2042328745370634,3.435057549344359,-0.5941303912377746,12.74,6,0,1
-0.9742685224588392,1.4464453969963458,-1.8501121657020239,-7.110654354875364,-0.9488940752787356,-3.2456685144186785,-0.39331375530050317,1.7094335349156793,2.212835553720101,3.073305844559704,20.61,11,0,0
-0.1876092974709345,2.558529015438472,0.6065981230491089,-7.319439354322859,-4.202118806764634,-5.735900423592144,0.3272019602122547,1.042929883100357,0.44975964269555824,0.9420978051054011,45.26,0,1,0
-0.8648147418887124,0.3023190742060906,0.1869393507649908,3.0212054474059573,1.147281783376898,2.9139492109002316,-1.8570439089188238,-1.0097473508829526,1.0980694624070766,0.510849246954422,22.99,5,0,1
0.24320776205784075,1.4916259495625446,-1.31799829287835,-3.365030081722668,-0.17210946310169284,-0.1578431008417105,-2.187279872700125,0.862991475380722,2.5950429422752688,0.2795048819323336,69.63,20,0,0
1.0401291324472142,1.1512573411561347,-0.5154705394572553,-1.1561872089841483,1.5349910488526544,0.42495573258265995,-1.2388840076803962,-0.715394097220494,3.0203018501967174,-0.9600679003564581,154.49,21,1,0
0.7690960738254959,-1.1862800114587004,-1.2605402140044928,3.2308293124157377,2.242699936416665,2.189362611134228,1.4095133014151928,-3.4143033901597217,-0.22224706774829817,-0.3280236309524317,117.81,16,0,1
-0.8144484967034737,2.8349113030646595,1.1586593605908815,2.111990753144287,-0.49250235285602373,1.1505268242482911,-1.2051829691953202,-1.9838709260676637,0.7962215994855737,-1.0798883317898387,24.18,1,1,0
0.4770394524781057,0.9315958921653259,-2.8773523626185558,-1.6414730018338395,1.7324520184177175,0.2675845667710901,1.2183731145145071,-0.7352507188865702,0.7264345438973625,-1.206691542815935,87.97,7,0,0
0.2079635698209705,0.930748306359931,-1.4476744249493234,-0.5160628285577964,-0.02257393711185185,1.4506798729414074,-1.7082793963419072,-0.04905171393530261,1.0233752088152515,-0.39684109764696657,67.22,8,0,0
1.2232836591781606,-0.13672875503803272,-1.3195603166967829,-3.318041559807972,-0.8306279396280037,0.1430899665137806,-2.7101255217819253,2.8820069380664366,1.427154499738137,0.8260964334664023,185.54,23,0,0
0.2814986088763454,1.9679841653152406,0.05790935579687817,-0.20886738324982995,0.8977912158617732,1.0607058644973073,-1.8435911270228342,1.4974091253046735,1.818253256202803,-1.4467902953613037,72.35,6,0,0
-1.326770100920311,2.454211556640936,-1.0664283821615503,0.2492380918539584,0.3208769789414516,2.1926212580054525,-2.5651793572664645,-0.8555240767692378,2.1200830870107112,-0.8479714201313631,14.49,4,0,0
-0.4602646784699427,-0.028430666319919196,-1.6953978004980312,-1.1790974195361463,-3.0707717479379446,3.274055462289547,-6.6823203883941895,-0.8811815362894626,2.5416282576926683,-0.8547084275336635,34.46,0,0,1
-1.7968265689600385,2.076622589386321,-1.3876522535321612,-1.586664166813928,2.0789947349340117,0.013343923620839693,0.4526961291734507,1.4511312697907213,1.3840823598418242,-1.565469001471909,9.05,5,0,0
-1.1335539678598048,1.5549024566920882,-0.7867494407575929,-1.7413923767009296,-2.1038655577316976,-0.06845494228650706,-1.5060275442828077,1.0246849667264513,-0.27600576168424507,-0.2785478052666268,17.57,8,0,0
-0.9096541315987139,-0.47762032647202424,-2.275201164074633,-10.348954015298297,-1.7066876289695063,-5.65646465572342,0.7245238151386947,4.094068130149778,1.2923492793677849,-0.808402580836484,21.98,15,0,0
0.6231455193337682,0.3240204466331278,-2.5500003234989532,-2.6974845792018134,1.9084361863165653,0.46888323286186806,-0.5067928449682871,1.7980022531778097,1.774745796458667,0.3880501048974987,101.81,11,0,0
0.4286603628526509,0.9839765846120272,-1.3455392687248262,-1.6425228539170755,0.4976755560907825,2.5005109566640544,-4.77257466303332,2.3306326390545182,3.396734557653387,0.05310577146904784,83.82,7,0,0
0.44892272204945777,0.014416544397825026,-2.7185143565738716,-1.7553314758307519,0.9548744731265051,2.3752372407335653,-2.989687162489915,2.477384260200788,1.8550476686498705,0.6524836257288567,85.53,6,1,0
-0.7387026233273576,1.8855560943652563,-2.0734338639354086,-1.7321233706082397,-0.5024643541171856,0.9253234814190183,-1.5071223478109683,0.5402246994749698,0.769000639096522,0.3988414800010448,26.08,18,0,0
0.23013963765968595,0.5459044388015091,-2.7192966061328585,-2.7024627604803504,1.7017019429730964,0.9240301195902745,-1.106153185795104,2.909786315851134,1.545778250570267,-1.2579572062779574,68.73,21,0,0
0.42889556659718464,1.3574326697830106,-0.8305612433206779,-4.994885591616722,-2.1312110774846804,-3.1852912722997253,0.5627105268551735,1.652350263828475,-0.2339146644449026,0.26272720891040463,83.84,13,0,0
-0.3009392207451083,1.1583990215883988,-0.8435276915694732,-5.4255425794950884,-1.799884340010405,-3.08929574607894,-0.12517389881072846,0.9506374831878347,1.0349457684994954,0.5088066834738069,40.41,20,0,0
-2.3010445861377,0.3923198610437951,-2.5300337445046353,-0.7108770877993783,4.467730213698184,-0.4851238446591717,4.062019998117136,-1.340037248318658,0.7861749077792133,-0.6532149690326703,5.47,9,0,0
1.2203554228859048,2.7270603309094765,-0.2700548257583134,-1.6181011383382484,-2.1501094525006588,-0.18952695098693462,-1.8707459723662767,-0.5592638468906415,0.8313740848564375,0.08535241022970375,185.0,1,0,0
0.06452667104276466,1.9319068938510744,-1.4006197035187444,-3.2935434957108076,-1.600920117799017,-0.9302690411979512,-0.8440325483696487,1.5284645928894478,0.13603302264877581,-0.015008011918106103,58.24,0,0,0
0.23992146610094922,0.5607183382891617,-2.8728060823259947,-4.044741083792973,2.1231873015876186,-0.23894573936215902,-0.48070456139024087,0.7924764455424929,2.988826854347643,-0.6583665188197632,69.4,9,1,0
0.5930666699796017,0.0759032908579389,-0.7448058847627804,-1.0613122277846057,-0.869477659265421,2.1302190807193373,-4.804144609270567,-0.6307391905644923,3.272505649081575,0.9080293175074933,98.8,1,0,1
-0.596307528109174,1.8574271254147159,-1.2254616739599546,0.5179027175494999,-0.12974362459213418,2.853188722359538,-3.424665843819164,-0.5577088063123712,1.965046139615744,-0.2539599057634729,30.07,23,0,0
0.5166200023799202,0.45166871936528963,-1.226754289383322,-1.2792669093713,-1.9625616161929198,0.9159482854547811,-2.1500072590039307,2.418392990574544,-0.7966201050229544,1.1458949771660916,91.53,7,0,0
1.4712121276776786,2.712075618963145,-2.0335617486502775,-3.1771520649523906,-1.6039297857061727,1.3221422074738307,-4.087311469270646,2.79274075100935,1.7139099723535791,-0.021939752309209033,237.75,4,0,1
-1.8376556058633338,-0.5278761252944988,-1.6498718257794125,-3.974076591164324,-0.3448623313676732,0.07208097542207637,-2.701154675742652,4.386896894558099,1.4290052256659413,0.7574339670223422,8.69,17,0,0
-1.0210918321212257,0.7161638912577111,-1.8227691796515448,-2.891040913435803,0.8090539910040648,1.0878561181787105,-3.040336315108226,1.8447055705843778,3.0931568124418103,-0.7032615536107752,19.67,4,0,0
-0.37810254765821005,0.6813946387764995,0.10618259835962207,-4.827068399372276,-2.3712466637815695,-2.6587952919895836,-1.2623330845133924,2.8271072021917627,0.6254134138087979,-0.36438187088953605,37.41,18,0,0
-0.29908378317986895,1.6373300169850264,-0.026063538210389092,0.8900170424176225,0.7566210539987765,0.7986009717055431,-0.20961908126111184,-0.6589197838146164,0.6966396783775054,-0.9579288365598039,40.48,14,0,0
1.473634684887815,-0.20046004155560526,-4.466176098679225,-2.6594211263287053,1.8488312330792578,1.2395574472418682,0.3247304907513231,2.5947113835299986,-0.03770917155413156,1.2304243138324242,238.32,15,0,0
-0.6012854347571032,1.7155303369561228,-1.493827827587249,-2.0226046681815744,1.505896481209171,0.15843460623165884,-0.4697627432506144,0.8988424012634164,1.951313275148138,-0.6424652016961014,29.93,0,0,0
-0.5480034925113545,1.0837756077377922,-1.5118296344355397,-4.02193381901001,-1.6021728426415245,-1.2680496978380418,-0.9678120225629452,1.7460447720581924,0.4196911942601861,-0.6523500362513552,31.56,18,0,0
-1.495112005796099,1.839727796900655,-0.8844802272770607,-2.171561110281102,-1.3658766395337747,0.0915536483339836,-2.0328936906441313,0.7918383582802606,1.0459231616459228,1.5190123797882555,12.24,12,0,0
-1.587665242403713,2.4638831027086097,0.5677663435778528,1.4713285095063244,-0.8276624704192785,2.228904062756353,-2.9111932098049684,2.8369906737613366,-0.09011265278678526,0.7696384778881764,11.16,4,0,0
1.0270709896012435,0.9222931843916299,-1.2526393918459415,-2.787649125814851,0.3452066134041416,0.11132892865575972,-1.984489336441286,0.5281808769794103,2.6614988830960447,0.12653304833943077,152.49,6,1,0
0.5802707457549899,1.870598023555615,-0.15887270421069322,-3.0552567486516082,-2.5142231266650326,-2.12248469457306,-0.2008834483151424,-0.5075383269450826,0.07811033313959315,-1.24309521561487,97.54,21,0,0
0.1426823104978634,2.93060015032876,-1.9839702031760673,-7.1766462158925535,-2.466247279317547,-3.777299315885129,0.20677297416748353,0.7349195518318115,1.0240314420944592,1.4597092010387638,62.97,17,0,0
1.8690935438570748,-3.394399259994369,-2.0782443487430617,-8.231903741229406,-2.428165465067777,-1.780768537776593,-4.857584437337119,1.8243981705937207,4.190461374464481,-0.2887531996445573,353.93,9,0,1
-0.5337402093226729,0.6449615645615973,-1.0701130657009215,-6.125863616001845,-2.0951776285575177,-3.4087527029222464,-0.14899664863315001,1.5043392113270595,0.836824544782602,-1.2453070546019618,32.02,8,0,0
-0.5994104943987135,-0.458912483141396,-0.29951193460404535,2.341436421956936,1.1240609728780107,2.463406973532929,-1.2509664353353718,-0.5355878334541692,0.5667840896321085,0.818679303516122,29.98,16,0,1
-2.348505516235181,3.61011069469113,2.3230017876098277,2.6884335715941297,1.4255619323258026,0.09657290598474844,1.1016251697198078,1.2208528401995236,-0.2978572685754026,0.6036813883205934,5.21,17,1,0
1.0531554469446271,1.4211622600648495,0.19760195386723356,0.08220104896824826,1.041635742304568,1.250339142439568,-2.163988140140384,-0.023582366963130097,2.611419499569217,-0.15121444715900165,156.52,15,1,0
-0.43475351755576275,0.9963699836245783,-1.1842568776836147,-1.5745052045437737,0.379529801312929,1.7092524931268112,-3.481642787336566,1.6437570092141596,2.6720091061763385,-0.9601390100932883,35.35,5,0,0
-0.9622526211248182,3.19204049917679,1.7630599870170458,3.884875092782435,-0.005238038413463597,0.1757701122764863,2.277268844936701,-1.8854903059549881,-2.0531613495335552,0.9350842030318384,20.86,20,0,0
0.4346988934234392,1.4825755831524405,-1.0572674477062003,-1.0472181868496926,0.40880218132191226,1.1673445803154145,-1.971885533792023,1.2669707021989276,1.564645082478386,-0.36128246536460934,84.33,16,0,0
-0.528045764700618,-0.3042787150115902,-1.3611573345337709,-2.341005570039892,0.21828009202236265,0.7909939194885451,-2.4973933094643797,2.177985640477861,1.8505432505355612,0.6840114988781522,32.2,6,1,0
0.6457177533679099,2.6473966093916137,2.8079449993312906,2.479327641382824,-2.2017941495920237,2.890989796197812,-6.091252015030104,1.0416060143976105,2.1069761973777914,1.2931544512018756,104.14,1,0,0
0.6677017240617018,0.9917120363854395,-2.202816356492336,-1.832549277847109,1.6228657631999912,0.2702422607794166,0.14082929642142492,-1.0714852872819438,1.9281148440655484,2.396525307174111,106.45,22,0,0
-0.17818258387926494,1.125710864167726,0.20740060749427802,-1.438756381224243,-1.4766704191298419,-0.2957657665527411,-1.719793160737903,0.7076710521520235,0.7196395503125091,-0.2056951820465938,45.69,12,0,0
-2.125218534456395,-0.6098338987487788,-2.818899318430451,-1.4357960411240624,1.2986419626952,2.4695481660108722,-2.5958569799193625,2.4335992464008234,1.5959948931791847,1.2085111076916115,6.52,0,1,0
-0.9468614915486614,2.917597987958629,-0.6747500412938869,-4.316803628832098,-2.725426141169276,-2.875101773929912,0.1813369398738697,-1.2043613849618897,0.5096074613042816,-2.1019168237642067,21.18,3,0,0
0.025529341148791903,2.64265570197957,-1.1533724764220818,0.3126832089784336,-2.7464220856384363,3.7175164588900964,-5.9059587558609925,1.1644003955626028,1.0858838569853029,0.08681842518354728,56.01,7,1,1
-0.1587306783803466,-0.8025035398191769,-2.644060081829533,-4.085832038738356,0.6639803787261751,0.09612157727263271,-1.4472159741540627,4.605248190689231,0.9233570834863332,0.7910777189432374,46.58,5,0,0
1.4883066767417772,1.0883105769548795,-2.712385006222358,-4.671313926061283,0.4208922345204096,-0.4601357770558546,-1.5642471096255164,-0.07137257109488648,3.1500045161977477,-0.030830208071677093,241.85,22,0,0
0.9280099913108045,1.31953080762712,-3.3195743854864803,-4.816280873387986,0.48560242490178873,-0.18868928236186266,-1.3254367426383231,1.7506553081107417,2.1681108494043193,-0.9922386045769356,138.1,14,0,0
0.5788681500063313,1.740490885960921,0.5796604997455164,2.3013401323234484,2.317178406011421,0.13677809332025337,2.46208969469063,-1.1214259977106147,-0.2669158187153151,-0.4583443988379248,97.4,23,0,0
-0.8927713942752253,-0.5911848774634714,-2.968598529612671,-3.6787519995416207,1.303130822324766,1.5508817524881713,-3.5458359162638207,1.2504633630821511,3.958501580769787,-0.6373712046742425,22.36,18,0,0
2.0261901153185367,1.9632099490510746,-1.3995067422814393,-5.39286178172674,-1.0236385939977903,-2.3128535005377464,-0.714757111844228,0.6416788097376925,2.0688165087755515,0.07296061593875935,414.13,17,0,0
0.6857042365892204,1.3401432520773147,-1.4967619748939098,-4.822086921173228,-1.6955333665213728,-1.4353734644752978,-1.687153144289495,1.502385673554937,1.4372575019561438,0.11934918917165417,108.39,2,0,0
-0.5824164193904361,1.4545126707543006,-0.6427157204980493,-3.3393798903753606,-1.1017432713658304,-1.3250846976627537,-0.9306051190449944,1.2152305302132385,1.0275869602218664,0.6667467357927916,30.5,8,0,0
0.3828649290046741,1.929145812451201,-1.1201302275346599,-7.661503012989249,-1.8919158480204845,-4.58025994563464,0.2850570594724354,0.7941081715474674,1.9514244513041,-0.9296506593961291,80.07,11,0,0
-0.1702319695289878,1.3229846380613706,-1.3996511415034687,-0.29430303430821103,2.698528746822169,-0.7411587769444115,3.457312714963533,0.018530942361761893,-0.49130588902900385,-0.5533147396614448,46.05,9,0,0
1.1619172260130102,-1.1119905127988996,-2.873779837510596,0.41531335083231485,-0.26015515200614536,5.057889635819385,-5.516312052890951,3.6126949221644606,0.7973513099675078,1.253266976145067,174.5,22,1,0
1.0315999028547562,-0.6968934936537512,-3.965079076242236,-0.4512412825278185,1.8257430895466447,2.443310052215729,0.05429811974869325,1.944304243804329,-0.6970649338359498,-0.12399343520884819,153.18,6,0,0
-0.9989539867533898,-0.306254764879599,-3.578607286758049,-2.488253905313138,3.1527120958955956,1.043178133583003,0.045131317924063385,0.8057669762522623,2.221279610103884,0.16545901432194704,20.11,13,0,0
0.4313342648233358,1.358403427708348,-1.3363242891847746,-2.820419786543804,1.098745438059494,-0.21166245847610865,-1.0669087212855217,0.7124214259754169,2.5905985221553824,-1.1007062255995788,84.04,2,0,0
-0.48663032943531426,-0.05213644870706058,-2.233643431011817,-3.91753906902524,-0.29241600745171825,-0.07034302136115911,-1.9895645651407716,1.5389356350177983,1.872204800385683,-1.1243635933729665,33.56,16,0,0
-0.4579864216993025,1.9649821274002144,0.011924211239025206,-0.09961343292452271,0.8467299408353071,0.7610297520960823,-1.2170147918306082,0.5027333379470986,1.6401772716027194,0.5474096797517825,34.54,20,0,0
-0.09977016001579,2.710693655998668,0.46904033960958547,-2.955578914204819,-3.22322890965948,-3.0727913779197404,0.6752953014020476,-1.9389398317883162,-0.29685654435807574,1.8294251834263016,49.41,23,0,0
-0.7748488879159184,0.5664886532922089,-1.522108482704584,-6.3097634644197225,-2.513750638004526,-3.2214872758023727,-0.19422085356655985,2.6955467974851097,-0.04249070279326239,-1.0590478747616408,25.16,19,0,0
-0.3122583515619084,0.5956439726379585,-1.0720534602110448,-6.901611276039931,-2.338703318426946,-4.449177434988477,0.8592630598622196,1.8787292834703049,0.19212518196846728,-0.9861571586977466,39.95,4,0,0
0.9752432628000522,1.9247422020939735,0.20732466409578487,1.7658417874691055,-0.8056669348307521,2.5603520068418515,-3.078076338107967,0.2756100447076987,0.7000129534777417,-1.3702015249104615,144.78,16,0,0
-0.12668266240640041,2.423371245826694,-0.7055037562664074,0.49598994006067426,2.354118730023612,0.13213536051366415,2.001519364402176,0.8274904054681314,-0.1134960560122682,1.079983680956293,48.1,5,1,0
-0.038177999906700295,2.7006952161128814,1.199248143820611,-1.3128355450370839,-2.8306015957306956,-1.5382620095333082,-0.9291432460844528,-1.6111805311023806,0.42181604284215946,-1.0488567938426947,52.55,8,0,0
1.792595630291725,1.763911984795549,0.1265164674191943,1.1002863971870562,0.20658206162199566,1.5487123439187327,-1.541196593421646,0.7500812936021413,0.5861126631505822,1.5975964500972177,327.86,7,0,0
-1.2351605256667042,-1.659350630874065,-2.5447301143441967,-3.3498836560118255,-0.8576218969857852,0.38957483321458863,-2.297447101208148,-0.7681266473307398,1.9295274030867833,-0.3256023420629202,15.88,9,1,1
0.9628503936203939,2.681139053515426,1.2218948505403493,-0.56785870429191,0.11332983703002886,0.6283761638437245,-2.9790043580951475,1.5561787383332242,2.695036181253162,0.21099714288431096,143.0,22,1,0
1.479819434739894,1.7379215495697293,-1.2308057954167477,-0.22246220309336706,2.0422981307425196,0.41724817636747547,1.1153519568118673,1.1902754670984077,0.24145444447082365,2.3179870433774523,239.8,23,0,0
-0.4013414817409039,1.3955809928433511,-0.17087294119388674,-4.6061733464950985,-3.1229958872240937,-3.036175771538451,-0.29733616744084446,1.4882539499956513,-0.3332684722414285,0.7727568239070259,36.55,8,0,0
1.130323070341394,-1.731096858854053,-4.539172643103303,-2.741199198697259,1.4929403081294372,3.524450552686294,-4.248117928164781,2.090898215111257,3.0104624928245833,0.1796417493055243,169.07,8,0,0
-2.625571118635096,0.35647666280899604,-1.9207883469228946,-2.546925865198177,-1.1403141953955138,2.7727553082853333,-6.3726041091030625,0.9574678029244243,3.9297002786517155,0.8341934856768295,3.95,6,1,0
-0.18516767570125806,1.3915231067718765,-0.7798227451702857,-0.15757302516024868,0.720979676036712,0.18449303418458696,0.5839650298307408,-0.15211672121280673,0.1576363697312646,-0.3759771594205057,45.37,17,0,0
-0.34802365120340933,2.3054613997838276,0.3316610251221428,0.8978966889578697,-0.514674941548162,1.8484675331092293,-2.9194036005411745,-0.5024689878533115,1.7174440236159632,-2.1869212912805702,38.55,19,1,0
0.9514312976465582,0.8792699389683384,-0.3128941218076091,-5.239544537128732,-2.732269255977715,-3.456628114824899,-0.053590938671781,1.1657584047416687,0.19712960971227167,0.7499007593755083,141.38,0,1,0
0.7103969109082339,-3.512306042990735,-2.530228593066317,-1.2381671316205431,2.503818914298278,0.4728577659130868,1.0049468234690384,-0.5092775698911061,0.9120220342993243,0.06810996894124134,111.1,8,0,1
-0.7529802601929161,0.4553964978545866,-2.4522366582469592,-1.0884865220902498,2.089192606411512,1.7891563390975018,-1.214137215072258,0.9186303554253106,1.9279649500745548,0.6025702963976229,25.71,16,1,0
1.2714485820846035,-0.2260562875275789,-2.281125792914982,-5.432119456090294,-1.3691468736648535,-1.3421909371445762,-1.4676656861607336,3.2965872727350254,0.7133592383099838,0.33574722371208393,194.7,8,0,0
-1.0618801155548612,0.2759982465752442,-2.5078785800094554,-5.621356448597831,0.6684482636392515,-0.4134720007580882,-2.610642993652251,3.349028695950871,3.289220425468888,-1.2746904971923876,18.88,18,0,0
-0.4267188659327982,0.9291930131034706,-2.1714323301505827,-4.193972880876744,-1.6513831874773954,-1.1143292454744396,-0.7685987387035897,1.4440932601599308,0.17003757436981015,-0.7469940894604336,35.63,18,1,0
1.0751452058960382,1.1526223531040876,0.48213180560909974,-3.7902020396377534,-3.3921433394941793,-3.355770628463314,0.5254614600729234,1.9421604824812,-1.5502158939568094,-0.2418652984392285,160.0,14,0,0
0.3577450165567149,0.35036873404874025,-2.265981862961741,-1.914798622949498,0.1287509526382038,1.265330898611898,-2.025664236416685,0.6139039949378433,1.5157033033322038,1.1195489797145932,78.08,21,0,0
1.0005679893881787,1.2709330984507015,-0.5031002503745924,-0.9436935867257346,-1.404984291604013,3.4572700791781106,-7.184492276421475,2.6947973509556054,3.3595247153443424,-1.3093422191894188,148.5,20,1,0
-0.06973834464945423,-3.5719065524193825,-2.246183385927726,-0.33092142403949343,2.4859143123005962,1.058451570360481,0.5138873850747655,-1.8193266489017665,1.3668003799425763,-2.203751543917049,50.92,9,0,1
1.0253643963233146,1.1565105190133402,-1.3007148520199234,-5.501717844584903,-1.7964412459294286,-2.196953455938792,-1.2449714422812999,2.211533814330214,1.1983246901546456,0.8644726419400283,152.23,13,0,0
0.8630027298775168,0.4652362971819701,-1.0695920182646208,-9.540347230867688,-3.054695235846115,-6.478410757335804,1.3350742665809516,2.2367609412889218,0.5842833593575115,0.29756381366427903,129.41,12,0,0
1.2056785111475399,2.050935251225705,-0.8774184129194597,-3.479431611241285,-2.128839194978599,-1.3477024120024352,-1.091259085971468,0.9046313143260118,0.44621802345166894,0.11469165666956546,182.3,20,0,0
0.12583152296844147,2.736122553834453,1.1325269624566017,-0.4690696099581004,-3.636210634101321,-0.8014820985681617,-1.3736767742296845,-0.9550137857497776,-0.696336772584297,0.8182064800835337,61.92,11,0,0
-0.9494816415505916,1.6636001139398326,0.8920471805707064,2.1886989687728766,-1.468701743128442,2.583305013156308,-3.679951872265263,-0.5469834290783457,0.9144331720180341,-0.4844070723381979,21.13,7,0,0
-0.8888915549833918,0.6575312842763857,-1.4265473630554506,-5.264143156428643,-0.24315975086764452,-1.4387264356654392,-1.8840478030471144,1.7985512493185005,2.891654785477839,-1.611124524096612,22.45,9,1,0
-0.02496908016020248,1.4645454019581452,-1.7678926111572757,-0.0337000067320232,2.5458572329687668,0.6177708009439996,1.5926486093859016,0.17056407974448962,0.3759750090502454,-0.07183330315941962,53.25,14,0,0
-0.8424469275581654,1.8293283626359216,-1.0394527115086913,-5.356846495600039,-1.625816969147579,-1.886511393214734,-1.9564599121136104,1.600470652256238,2.1854355254350324,-0.9212255194965633,23.51,6,0,0
-0.12907190113076053,0.9328051630999973,-2.833714135215339,-2.72616866565019,5.044466615118888,-1.7325178374386423,4.814139042959682,1.3342128119435475,0.7366288614011736,-0.5810712779793349,47.99,22,0,0
-0.6690631804866628,1.4182922129721047,-1.8925845263834726,-0.8258738351340562,0.7083654107587916,0.09214334310962924,1.117432850017213,-1.0126797724137988,0.03520249207317572,0.8856937916031947,27.96,3,0,0
-0.048901082632343586,2.915899045974401,1.3666696205587463,3.8528682225285866,-1.5153207205916146,1.8862622670544837,-0.9845237130741453,-1.817779848512653,-1.1777011725996556,0.4598289067698319,51.99,15,0,0
0.5759882669941468,1.6340903419983652,-0.358461067564826,-0.11101740488660088,-1.3677053618801038,1.6687827962854165,-3.298808274203939,-0.6676060669573214,1.5622763496993592,-1.7427911208815432,97.12,14,0,0
-0.4426977980963886,1.5367179651719816,-1.8694269979990348,-2.7425202207378847,2.0885713094238554,1.172947324283215,-2.2140434181040365,5.0242298740183315,2.2906782048548378,-1.8769865214342056,35.07,20,0,0
-0.29599564646657733,2.019091902494548,-1.3819830026381155,-1.8459424446523622,0.5531219706071411,-0.8217606170526033,1.0561913637585305,-0.5709478674698123,0.6150784317246886,0.378542947997111,40.61,3,0,0
-1.401969876138355,1.1236901972210638,-1.8660696660506388,0.28252667419812594,0.5615910916845172,2.3290622192304773,-1.64756033820781,0.8896615527780624,0.4966830446946102,-1.5709731849558422,13.44,13,1,0
0.3721514369483166,-0.24913658765903013,-4.161458508696082,-2.5060843594480953,3.075456657700475,1.6854140653709082,-0.30814252385264324,2.903437096256636,1.3564465727111537,-0.5637219873215796,79.21,20,0,0
-0.17152618733858782,2.2142217917981046,1.9703936482722113,-1.0932878674411555,-3.8931783923701335,-2.207638235170034,-0.5587140140241075,-1.3710507897686888,-0.6917925759106014,-0.20484902388807258,45.99,13,0,0
0.7045708521321147,0.05037819608020633,-2.531085465296432,-0.8005063673605329,1.2884377249987071,2.083669988518369,-1.6869477999996032,-0.08496615920774397,1.7586560986171995,-0.6011796645603902,110.45,16,0,0
0.07682083475322067,0.35131591983155497,-3.472974211426063,-3.5048957675256953,0.9574836158513246,1.7352648936942168,-2.9321548038981518,3.3136990064355585,2.198961849265072,1.8354162255150344,58.96,22,0,0
1.197004406042764,0.2919987530612502,-0.1916424931709868,-5.563294471940278,-0.8882059615578088,-2.803125037122286,-1.2848647697791116,1.5993412567924241,2.631647489462633,1.5253316565628856,180.73,9,0,0
0.3829366974639112,0.9387697373855148,-2.4214731943334895,-3.693434785513605,3.734840808116285,-1.2127038766988198,1.8280789290605979,1.5012509936958973,2.4263256004080924,-1.0798674825118861,80.07,13,0,0
-0.2463894421692158,3.3412555011805303,1.7522271651612098,-0.6634306092307086,-1.716393378912588,-0.5906574377032132,-1.7773087292536283,2.386498985707573,0.2995134950442705,0.32905312029872763,42.67,16,1,1
0.10378959810853622,0.5304085699021663,-0.7461645078971706,0.28908434419686097,1.031609563779986,0.4901436132919693,0.2505038753745813,-2.8784131812596687,1.4172273493535248,0.5876832721070095,60.57,8,0,0
-0.8828378981395437,2.7314546708815084,-0.3221670037377621,1.312614973058486,0.3716973711776803,2.3176326590575247,-2.341202976026862,-0.9100583115496101,1.7523239877603891,1.0785702694070374,22.58,20,0,0
-0.027377164711527267,1.0992655972920713,0.46070253638806147,2.453392758392452,-0.40182039721476803,2.48249494575843,-2.4164193629495974,-0.7450894539860036,0.6029178045263566,0.13263261375137275,53.12,3,1,0
-0.65370933323465,0.7505078208141547,-1.549645733964462,-3.55975536406073,0.11902920416177643,-0.027309058404202835,-2.2893241519412704,1.4124175450546625,2.6375672114189204,1.877567392831265,28.4,5,0,0
0.09855539146870781,-0.2751224736940885,-3.691044589404327,-3.052233834610734,0.8119804366047952,2.277405634644723,-3.3500550780305614,2.225802186858381,2.4030557874377463,-0.9421320971510238,60.25,23,0,0
-1.5276256337636311,1.491597130792951,-1.1917371486211972,-1.168494161808958,0.029272571071518705,1.7221607828479557,-3.087884062210853,1.601578667140323,1.9286486615194636,1.0781872652803208,11.85,19,0,0
0.5512527460892824,-0.4220301292823787,-1.4026080521261792,-1.0673310880043512,-1.5106211488676073,2.8154050474253767,-5.368733116937144,1.0130575063994727,2.1740021672954226,-0.9469205477875796,94.75,16,0,1
-0.12499794895722285,1.9479356658761746,1.0381527930127306,1.3862225899280636,1.12875476148591,1.4129547449527762,-1.6123898635663736,1.6312016015880233,1.2879750883953742,0.8829465319189026,48.18,13,0,0
0.30488782726403907,-1.3803278880384022,-0.6999476919936145,1.115442978323601,2.134088219985215,1.906299249866762,-0.8754932754991905,0.3529412307088051,1.2317895529495522,-0.013144768422302788,74.06,16,0,1
0.16425632749030902,2.0586828392396845,-0.44550755723039837,-1.8307440313636942,0.927082632047376,-0.8493753578169974,0.3514608087634184,1.0821819743304677,1.1529822629017124,-0.6427825449548533,64.34,7,0,0
-0.3814651114167337,-0.8492035374049058,-2.548240241067407,-2.8149657352798063,0.8203225238727347,2.5379276943767044,-4.7393990999322275,3.471496352114534,3.184527008561032,0.3439397378964788,37.28,20,1,0
-0.8087384285264222,0.8446530332013285,-2.342829748347873,-4.535052535593833,-1.2274445201670707,-1.1893057369897715,-0.6542935193228298,2.1005297370074247,0.2982078818115147,-0.22139908689250345,24.32,6,0,0
-0.41395800431321045,1.2457856842373092,-0.6183886877821567,-1.3693790484031914,-1.070587132485771,0.8400989310439517,-2.619855809290358,1.6764710896999864,0.9602544379369066,-1.20053310397209,36.09,9,0,0
-0.18722317441818076,1.9123382888255214,-1.4947694334541146,-4.886952994945038,-0.5159281034656482,-2.109203956155858,-0.32919353974559706,-0.1658025875103537,2.2102613020300192,0.8988959404294331,45.28,21,0,0
-0.37527847523113383,3.955091960357813,2.4756573813828666,4.099504213913121,0.07379764607077122,0.3323747707229384,1.6102513130028981,-0.7080708427111351,-1.732935914565424,0.5038965744980226,37.51,11,0,0
0.9468871755795942,1.0468243084501512,-2.162473166411928,-5.237048313170415,-2.092149925665786,-2.807133680045389,1.13927994685737,2.223613447296724,-1.2751036608041566,-1.0048830147525547,140.74,9,0,0
0.8339033203320855,2.3125115025732077,0.9243399483243071,1.2079417527187113,-1.0316733284214445,1.533607320405292,-2.5874923891978883,1.0449079534932566,0.49604122423481367,-0.1704740588326334,125.7,14,0,0
-1.6219210116722178,0.178973228634973,-2.7267871991763664,-3.414383386325008,1.9313410303323992,0.37152569658083234,-1.086752391331099,0.9739672625723468,2.8561577023223323,0.2600328477669987,10.78,21,0,0
-1.2939838445896266,1.1425677293896328,-2.7094138766603484,-2.732963414047029,3.5811463936814087,-1.2124065743483043,3.163216773337782,0.3827882316275951,1.14473454684525,0.5390520308986289,14.97,9,0,0
0.5081099931622384,1.1971469390417921,-3.5194579005392965,-5.180433849044506,1.187309898002163,-0.3656577291444256,-1.1491857945276274,0.5606940720490613,3.2162765821885477,0.6881567748829069,90.75,4,0,0
-0.18667247898142794,0.4817364736536329,-1.0683362397779268,-0.7537350395938438,-0.36441509242182635,2.554701944978911,-4.706398102688591,-0.5981596681637107,3.3492252750686706,-2.411646982835334,45.3,4,0,0
0.12105690306483838,2.881933422159692,0.20024219405448984,-2.8261066767156593,1.3985722154882245,-0.9536919043302079,-1.175275311058215,1.6560268699598812,3.3213797141275636,-0.9546064194396474,61.62,17,0,0
1.8173917214164999,0.3867841812484679,-1.8146629487369625,-5.545465404662842,-1.5000754061127377,-2.2272729627800842,-0.6285403222201068,1.9362178875194127,0.8548503626814565,1.0416631482049992,336.09,18,0,0
-0.4840855347700786,0.20633613553347208,-2.0002194454040096,-7.123856769270754,-0.8648078607237208,-2.6259394954829895,-1.3247390174772475,2.6809002251782807,2.3902710484689687,0.68852234504648,33.65,19,0,0
-0.36412867811205457,1.5476308922080806,-1.1810970859963827,-2.8797616145976463,1.2291876033860303,0.7489250676507966,-2.8752444441660323,2.663803791898191,3.3379215466735968,1.6660039558042647,37.93,23,0,0
2.222114097608395,0.7712065410116549,-2.099567506702564,-5.141403026983452,-0.3575108746648801,-1.0384453971951784,-1.6435656731752817,2.746517763988765,1.9159194665035368,-0.6898313869654135,503.77,2,0,0
-0.27358377289795754,0.7404571785549416,-1.7731916827422718,-6.798525572474081,-0.6535272410191093,-2.525938600689527,-1.3553188617817076,2.202026026317995,2.740987796525372,-1.1156204847715716,41.53,22,0,0
0.2752982118074453,0.042031003884033025,-2.5351105624294314,-2.2149142186692266,3.351123125773211,0.9169849769231824,-0.4601758766146235,1.2265448087737945,2.8861665736348963,-1.013904727989589,71.9,10,1,0
1.0834747241770817,1.8457994515864986,-1.0772241989823548,-0.15533266214580466,0.4193218964636093,1.4323672427252843,-1.4386538979137642,0.49768380544351665,1.0207831331855233,-0.19413629345851516,161.33,21,0,0
0.3415221704615732,1.9003464748374779,-0.5918627641426707,0.9268991391628766,1.2322308489921507,1.0265650910814375,0.47261343680410284,1.7743938025165278,-0.5837647545313995,0.33317925162352896,76.82,1,0,0
1.0723498284347988,0.05755847545837778,-1.852624941564506,-6.454470382102046,-0.8829805726822406,-2.4457066243333934,-0.9665098915257754,3.2404249923424837,1.5629895247720615,0.8276867817205112,159.55,7,0,0
0.07184802115821737,0.026757989298507034,-1.536312935684527,-0.7860177398750927,0.4344938183821414,1.0014402015645958,-0.7876180586797725,1.673485579992938,0.08973775799092665,-0.7945692167162692,58.67,5,0,1
-0.6737501873361154,0.5705014508871439,-1.1868111801146703,-4.910155324229122,-2.329105348440771,-1.920090379975008,-1.3500729403817722,2.217489495668069,0.4782559289322261,0.552781080791528,27.83,9,0,0
-0.95234976249991,3.0159131557259684,1.2501715309526034,3.446381194156346,0.7529804123695444,1.3289091872727548,0.6868892227313461,1.0954532391287686,-1.4363770555712556,0.30094837081188214,21.07,7,0,0
0.45110648560145883,1.0616209211410792,-1.280399731756735,-1.5622233445487936,-1.1777555981733159,0.6232380819549581,-1.8211852106213897,0.8080686963926431,0.4645380042764701,-0.16683905787107656,85.72,6,0,0
0.2386075201331057,0.18884875978955518,-3.24305563181644,-2.259359387602109,1.527222982420138,1.854706185173693,-1.9204631834807413,1.8429877767954923,1.9098354510313267,-0.733829037687246,69.31,12,1,0
-0.3101082340764015,-0.46572086932047085,-2.4350728727719844,1.0121580913502068,1.2462036004553474,1.1343701275650075,2.092436973251501,-0.9058088613159383,-1.6981412684717394,-1.4754515211448342,40.04,22,0,0
-2.440952799199366,-1.6851259169489494,-1.1594638013154683,1.5771669346400177,1.2363784798917934,1.886294329698697,-0.19293475070812124,-1.2297635700280825,0.13958577616515622,0.5885002881197522,4.75,7,0,1
-2.0933772433341122,1.526789729153418,-1.6333506268046372,-3.298586217576945,-0.6951349079105802,-0.5229165622120632,-1.2651517471480833,0.26378512860895753,1.5701295881752588,0.42809525395352716,6.73,3,0,0
0.17038018550794257,0.5582601529422734,-1.332849342451421,-6.240492790626682,-2.938131597526011,-3.1859834762353287,-0.46961826213876545,3.0718421407424987,-0.31412176727359276,1.5914645728010275,64.74,6,0,0
-1.950969082868123,0.8020747146898579,-1.3750883055399186,-5.396561870665194,-1.2777867373202865,-2.2237601190440768,-0.9807019954137158,1.062820675040387,1.7761926381536717,-1.2168010880981748,7.76,4,0,0
-0.7757883144606109,1.8505651059599608,-0.2287042242941214,-2.7760476656349726,-1.2593601016671012,-1.6777432385080466,-0.3494861599569645,-1.1449997622460082,1.3043747742370881,-1.119126289587506,25.13,13,0,0
-1.7938162087088345,-0.19742749892883626,-0.713001401848363,0.3532073963264793,0.372769217891352,2.7249609043889276,-3.7040756696601487,1.1538527698954244,2.005517432795695,0.5293242698064096,9.08,2,0,0
0.3393220566695911,1.306950393844319,-0.012877548906865544,-4.379038736769158,-1.7263691413898137,-2.7453147627081034,-0.6090723046693403,-0.6118447247343917,1.8249561875317482,-0.42189467445617723,76.66,15,0,0
0.9177528097929956,1.2108906218785638,-1.5241046093424497,-3.5972794153691394,-2.074745311697504,-1.2398414392447676,-0.6558221489797234,1.4130798282723736,-0.30107623847258247,-0.9321520682630515,136.7,6,0,0
-0.9832542710419383,0.4564363041215972,-2.905767773392072,-2.7045314580537423,3.6035638131703234,0.5439267278795141,0.5295033254545412,4.413090702783064,1.289586260758967,-0.3713134711719899,20.42,15,0,0
0.6988312820551027,3.573433680863972,0.8162264814187028,2.0946244756064893,1.4194755532019423,0.23589614467484255,1.7248891846928296,0.263021213776668,-0.648475785126627,1.847264241730178,109.82,5,0,0
-0.650590917300994,2.227324525732664,-0.24805115217247797,-4.9796428917470745,-2.6245642145304453,-3.6605772372269056,0.3926792915140284,-1.110732727286847,0.8842086035374419,1.2135893446240522,28.49,21,0,0
-0.4531855501500494,-0.5865139638415959,-3.5509290177717707,-2.3282779475989344,2.04539767794373,3.038532053612273,-3.5390713641185636,3.9823416161186636,2.49472217083662,-0.674020833029351,34.7,15,0,0
0.9692815503279667,1.302558253246493,-1.8963734466631288,-4.249853773949305,-0.07098165255609201,-0.0869608627691576,-2.641318906800798,1.5169012123962375,2.9926203213579434,-0.6516848623063953,143.92,12,0,0
0.3292835974310523,2.675745248016974,1.1798981416049632,3.5450307870367896,1.7202055151265545,1.6051730158757904,0.7510494203689063,2.2269460870791935,-1.2369214542650708,-0.4796991321226513,75.89,22,0,0
-0.16611324432522775,0.3285484676006829,-1.222420564294756,-4.169694522113149,-0.4568834006014615,-1.138177027931285,-1.381743676144176,2.1901847568443986,1.6285704109185097,1.4419591749763598,46.24,7,0,0
-1.3691630395812044,1.1789806546771147,-1.9667282693100914,-2.6433577957784435,-0.26539357252857754,-0.005028842597567751,-0.9203221169315107,0.6236376704098852,1.001652935965304,-0.4652470044556321,13.89,12,0,0
-0.7963700761338035,-0.7842906101307441,-3.1178366730569067,-2.6838207620742227,1.3130907897667061,2.349602934880177,-3.3615505793432283,4.058046799436179,2.078516868539553,0.40950032264611147,24.62,9,0,0
-1.479695703243305,0.5878886386508677,-1.7221639933265855,-2.8692133659385965,1.1109280517833549,0.9286360471455013,-2.5713178355418287,3.363454330345694,2.422746785592812,-0.6965987565458833,12.43,2,0,0
1.0183544897037669,0.11112284963167496,-3.38250301206837,-4.656637039057376,3.061858767996709,0.8742681379255837,-2.1965761066821052,3.5383289702774423,4.012798588011376,1.2815139135994411,151.16,6,0,0
0.7776769922910236,1.8560564350734698,-1.056720713696859,1.6534324599772994,1.915091526800985,1.4742578543626692,1.1724518190526099,1.2877807305986972,-0.9216711497850214,0.9102000246028527,118.83,10,1,0
0.6046890662967577,1.3926607670880087,-1.326098294538693,0.1233362926422159,2.725813317104228,0.8349457621360756,1.1810527189005693,2.4963103247041944,-0.01799723418616317,-0.2922803879381891,99.95,4,0,0
-1.7988662513683091,2.3368630552558693,-2.297302833520205,-2.704469066413683,-0.297022389960369,0.2853321100881854,-1.2465283515858077,-0.3371706059585349,1.6057477846283765,1.3055147465255146,9.04,8,1,0
0.13752850205790476,-0.3226509327672089,-2.49246248136671,-0.5644427083545225,2.6220553281473364,1.8448666650548389,-0.46336348737828953,1.3590062945843373,1.273086218840651,0.7316546506940725,62.65,15,0,0
0.4566957178528082,2.318156903689876,-0.8397176377797031,-6.696744782257487,-3.8111048308565643,-4.878899224736785,1.134841205248834,0.36057712882276793,-0.4911575848861167,-0.22511540566715876,86.2,19,0,0
1.758311983465923,1.814379454354642,-0.695588896169221,-0.47262830518825544,1.6699531154814968,0.6619959542466154,-0.3389027161446083,1.4525839807223622,1.2335412954745206,-1.0902965960831037,316.81,8,0,0
0.11859069198829914,1.942689430146338,0.014299469355557592,1.0043371393055387,-0.6937011034076686,2.3371599498158524,-3.189766288807668,1.4822850612451348,0.7483631239057056,1.0793695669944785,61.47,23,0,0
-0.42472312193949396,0.5549647512398317,-2.691925547561328,-3.1377093662612174,1.7772737550501054,2.1284064600144905,-3.9464925199522294,2.822734517992383,3.939791318151607,0.23027201341943346,35.7,20,0,0
-0.6827796410813125,0.6340015425470176,-1.153386536361981,-6.936150764739213,-3.0310634206068348,-4.18068759554671,0.28423265641964457,2.5441518685486146,-0.25084116089699093,1.1516868260949187,27.58,22,0,0
-2.3489747317523,1.7601138538869407,-1.5168268900705577,-6.550932384729677,-2.3638455103729594,-3.2075548403428282,-0.6790045574702152,0.5876870540902694,1.5246473149514996,-0.7336983705368922,5.21,22,1,0
0.05244753653414977,1.6296365899315846,0.35062015629288457,3.445658354107354,1.5142200402313901,1.1121134514497846,1.9238215622046126,-2.0949704831703153,-0.918104070703764,-0.647842025755085,57.54,15,0,0
-0.2912131009767776,0.8778753057693226,-1.5607937762384063,-6.416241024875027,-0.5858670525967801,-2.754648616546631,-0.7422803848331523,1.608726723283037,2.477362425056313,-1.1430957294206006,40.8,11,1,0
0.4110297521662118,0.1893257687459966,-2.281820113883226,-6.124627762556088,0.9206722428754854,-1.5099660974764637,-1.4842513793626773,2.0157953529110384,3.58932503527884,-0.3828098756795665,82.35,12,0,0
-1.1352198614454756,1.0880383083735699,-2.8910370000447068,-1.949751651785188,-0.8030368802377825,1.9748659548454228,-2.660651026876359,3.001636631704039,0.07967387645923507,1.6938706264907746,17.55,11,0,0
0.45880898322953256,0.31302486841116217,-2.2627792369106734,-1.524329155743574,2.6303885222655055,1.9771493724870874,-1.9995684185490032,2.4273044588594868,2.6557460531723294,0.4593578345390065,86.38,23,0,0
-0.061929912102501865,1.2292651439634286,0.7360788401416312,3.7083696801479795,1.1719251995153608,1.3636266062703748,1.3545873442876009,-0.8784482966792064,-1.312062827394376,-1.2779852218808883,51.32,2,1,0
-0.7090310381347472,-0.07798431400762174,-2.8112368306744906,-1.793045314296512,1.4395886104750486,1.0536810355496449,-0.4171226865986395,1.3264356760007763,0.8478544244605042,1.5991234393921798,26.87,12,0,0
-0.12855138041570385,1.2218468921799976,-1.8532699656038205,-1.3921467366163174,-0.12260733507943056,0.6501949156820517,-0.8967549173271624,-0.82637791026575,1.0246273695876615,0.15820451275376787,48.01,17,0,0
2.2374135123062584,2.328244403540757,-0.9206677350577932,0.6432452327602318,2.2521612063978633,-0.2194318198842018,3.008468696459805,0.3465488059185129,-0.9103932538812762,0.11765025943457372,511.53,16,0,0
-0.25963642053670005,0.34671879798009564,-2.055987729790309,-6.558281195388712,-0.04470822455503032,-1.879352117865561,-1.702244187866614,3.153619508270314,2.8345242432295237,-0.4102513578316543,42.11,20,0,0
-0.6635280632361528,1.7818235058383567,-2.495768088960257,-2.8744387639504,-0.4368197224874084,1.489637107143261,-3.250503828432068,2.4801431360215065,1.7682176822046265,-0.46313926627880897,28.12,8,0,1
0.12950951011915224,3.8754660617042545,3.1545741321890732,4.217171391194342,-0.2275189961805666,0.9047332232332393,-0.19516981947638798,-0.6740265260814955,-0.5033251236990031,-0.0763749088304071,62.15,8,0,0
-2.2044389865313687,0.4143019607545677,-2.277438890164789,-5.090017200726217,-1.1188923340601042,-1.0515735681131317,-1.512223123703451,3.317324010342097,0.8190061698693842,0.4917793997797782,6.02,16,0,0
0.03075768192302453,0.27839620122004494,-2.706014272021082,-2.3707194095032222,1.4034023695766868,1.4418543928968164,-1.7330813852917106,3.4436050352392975,1.324783755775213,0.10737731517228408,56.3,3,0,0
0.14104958997708278,0.2847235701130235,-1.2640674745615952,0.6605599905688055,0.15936308745420202,3.5992301854089854,-4.158561784568277,3.2767516073743073,0.9602284768970574,-0.2589645002159077,62.87,3,0,0
-0.27483010227216303,1.969365108575091,-0.6384855906391708,-3.1985459064709207,-1.6752206809552397,-1.656982238529436,-0.4591926113924345,-0.38543457973419093,0.8162825868052893,-1.9237525532464337,41.48,2,0,0
-0.21824493066383036,1.0371769520749725,-3.4166579221643367,-4.726650010913209,-0.18967234689404533,0.08878348618760978,-1.6496308970713507,3.3291967871761416,1.0887000592730172,-1.2074650125941344,43.89,16,0,0
-0.031698801926849894,0.5579175715995238,-0.605459655378737,0.40208486459306464,-0.0853871102899375,1.656727507965676,-2.1456782777630163,-1.5187283153145559,1.654256775360546,-0.8729935007593015,52.89,4,0,0
1.1750323981086153,1.0641006577514356,-1.5560004764121758,-2.4900739220656574,1.8450118427468867,-0.191524534252552,-0.44005598726404316,-0.9117421582453027,3.10833408503414,-1.6495965306869278,176.8,5,1,0
-0.5083030291103066,1.5268223448119298,-0.04164653537437335,1.2094950391563362,0.9617220592493688,2.2635847483685496,-2.339857707772696,1.0295616363104485,1.529547542426063,-1.1485897913693996,32.84,9,0,0
1.6486994676134366,1.3323707168001013,-1.8221054946300712,-1.6016742538320137,-1.65760244791888,1.0782103718191924,-2.0252781226368373,2.658783833421748,-0.6975479633627137,1.2297900797235566,283.92,0,0,1
-1.5596645303856025,3.1027649867369798,0.06313145450578617,-2.9430940577997013,-1.7931997564641797,-1.857500839206078,-0.689540111256608,-1.488449247712673,1.5724201357751384,-0.5710128464072586,11.48,16,0,0
-0.8424783155870241,-1.185544698915489,-3.483421105507632,-6.041939796712464,0.9324563176607203,-0.22159830012988901,-2.2154114406131997,4.51237233873888,2.4633494972329344,1.652573316671771,23.51,20,0,0
0.19617685863443482,0.9302667301833795,-1.7423000424521304,-2.6652144779536537,-0.3512763268218697,2.0588281665510895,-4.871030438670125,3.13950439318372,2.8440943278179494,-2.426367052636723,66.43,14,0,0
-1.4353289999795604,0.7408444563653559,-2.6922635617186,-2.4125314391471893,1.3330762646944063,2.1389430865269947,-3.2042390066776627,2.7849632209286366,2.6578779765219736,0.11215220111482244,13.0,8,1,0
-1.8010239081671844,0.7066107391656016,-1.9081515108556641,-0.2639418366188237,0.003016197997317116,1.8501696952338325,-1.5349816332963708,0.8116249435734098,0.22778380025525613,0.879260974083651,9.02,4,0,0
-0.9149082454239306,-0.30165500996293093,-3.1239379261713696,-6.695213523145043,0.09855523846030012,-1.7036820404859905,-1.0609628162395046,2.3074927212918275,2.4115304005180276,0.19063532430852118,21.87,11,0,0
0.7437147561074694,-0.10691914932117452,-3.613585821274773,-5.3141827048760675,3.8999075647936534,0.13721019205960405,-1.2819424892110425,2.006498293332135,4.924906480745898,-2.1592551318210407,114.86,6,0,0
-2.614249752015111,2.274555366983453,-0.806267580445819,0.8362411631694856,1.6936366593053576,0.830718577373012,1.1332396756040093,1.8682483978171724,-0.7061806875892334,-1.584788030811357,4.0,14,0,0
-1.5441824731917564,1.0042678848710196,-2.217604638394425,-4.52024145136253,-1.2571454835896068,-1.4367990406538533,-0.35666235297171844,1.7099795878097066,0.2728908528563211,0.75533507158031,11.66,23,0,0
-0.4011324989275592,1.0718786468523336,-0.6373348198800052,3.106726556628161,0.5434930510856575,2.7960630247344667,-0.5060599232852745,0.9001633590901255,-1.4433317991899914,-1.3352725896931632,36.56,3,0,0
-0.04371345377298922,2.10563226437356,0.7323308312997368,1.742089377916764,-1.6115289904896108,2.6368290312867657,-3.808173433788324,2.568917130463065,-0.12005546860032634,-1.80441243135544,52.26,17,0,0
1.0925446477763232,1.2184911452251612,-1.2788104166205834,-5.450725156087892,-2.1316220844279288,-2.520616856628674,-0.710804935896842,1.9791718711467141,0.6118837209663024,-0.8624976264345833,162.8,18,0,0
-2.197841908775515,0.45156293176220186,-0.9659142786583955,-0.3216306986500967,2.246124811840356,0.8908862234138322,-0.44407447151442564,-0.9414083912614364,2.414642066841301,0.011803501580190367,6.06,18,1,0
-2.4059840344858086,2.861652411143404,-1.733229802766186,-2.0582007390283397,-0.13042810873132682,0.03501494569885666,-0.6857980962061493,-1.398814097280418,1.680468234173991,-1.0781173888085152,4.92,13,1,0
0.5713050982355867,1.4351191538659491,-1.9660267210327194,-0.20376605568594539,0.6012188195251262,2.705426023669383,-2.9600683719473344,-0.33284439508769026,2.222147926348942,-0.01904231042514248,96.67,16,0,0
0.4565448042445327,2.071445838115052,-1.6068595735749984,0.08304601667205871,3.1426031724247334,-0.1285371429242783,3.137474163767948,-0.008849078689330936,-0.1007768502197881,1.1194599318608334,86.19,21,0,0
1.1925154659440984,2.66122775782659,0.02645431394450881,0.8858722067193499,-0.9578983818948814,1.4461074766737985,-1.9773536086140395,-0.9065214630150928,0.7478249039702751,-0.7265137217102139,179.92,2,1,0
0.044469520126131125,2.199134475079818,-0.1271425796148251,0.6280374280452664,3.0236614754004574,0.17757386412920018,1.756623335652639,2.2467429166995085,0.19862120388799265,0.68871221085615,57.08,18,0,0
0.32507068343167966,1.8465162400363435,-0.1991922285528509,-0.43441972920771416,-0.7714705495735557,1.5737675790991736,-3.29049054832218,1.3265758110697203,1.5332016868228142,1.9793157507189951,75.57,12,0,0
-0.6863151756419127,0.9648880527122814,-0.5344076777278535,-0.029071940417870545,0.558205698144521,2.826015949917169,-4.391739882060121,1.8605250150701123,2.7769858419601947,-2.4233827897543367,27.49,6,0,0
-1.5219488585298055,0.2249495245415153,-3.208019582356507,-2.263106309455813,3.2969828158646006,1.1638999665274132,0.02129334452312735,3.376409633710529,1.4140731663253447,1.383540371062098,11.92,18,1,0
0.043094756691673404,1.061382413799921,-1.0048913872973098,-4.795993621749909,-3.38419591057127,-2.54712411314656,-0.45873511527908994,2.6148678789832847,-1.1479506309306242,-0.5719344327737431,57.0,7,0,0
0.8033796474305198,0.5241845092478472,-2.400521726611192,-2.7860430497788666,2.8362218796887206,0.6017743777908485,-0.6433684931255965,2.913429397329886,2.3395035955962418,-1.004192187706895,121.92,4,0,0
1.9183360266709881,1.4404514107837918,-1.4947250170984947,-2.873156072347029,-1.434144388937634,-0.796154719749788,-0.5562839677252189,0.6050632251872379,0.11250227972396898,0.48653355313489366,371.79,21,0,0
2.3053098893125785,1.3315869125881985,-2.5767804002406707,-6.31914127188785,-1.3279168960997065,-2.0465603400053674,-0.8351417035939026,3.0238097814072686,0.9371260939598978,0.3414397238146198,547.47,20,0,0
1.1848457695132673,1.3718190811113995,0.056290262996814944,-0.2747896080085907,2.504786592202218,0.8868804762052558,-0.9908005514722293,2.9956631220261842,1.9390009438426037,-0.16232314006983375,178.55,19,0,0
0.7225224392192264,0.5789433203102881,-0.6471008558390902,1.2946330827765629,-0.3720493350078993,2.549656978729597,-2.542731721432018,0.6039657459655194,0.3367686099077156,1.4108886834581231,112.45,0,0,0
0.2865784736267021,2.1230591483024592,-0.3078440376779932,0.6317783835930562,1.3184087192694431,0.321786805305486,0.8925601905027858,-0.5445385998101187,0.4118415852794013,-0.9975262719737048,72.72,21,0,0
-0.6092804433991794,2.741765554723389,0.03519339081729811,-1.1950570723420373,0.2988937923614854,0.20120434724384195,-1.388332104122779,2.6842253240528358,1.1408067463393479,-0.7308912801337601,29.69,19,0,0
0.43426087055503143,2.6723562054941645,-0.16730773074592098,0.1056390733511571,3.0741803034565374,-0.49747229560949857,2.28816856852004,0.5780601169683892,0.8476543663426532,0.681992076054366,84.29,2,0,0
1.6662966677045308,1.8950173755110888,-0.13880251960021184,-4.686019701404518,-1.1942661875889624,-2.9153474564046515,-0.36782281347077694,-0.8021969392137847,2.354809768751041,-0.4570901977430835,288.96,21,0,0
-1.3874488880363771,1.5596364440965125,-1.661892987012701,-1.8447443408597763,-0.35241538322467547,0.9124029825366062,-2.0850127505035636,0.3295899610168642,1.5914632032520404,-2.1301332768262697,13.63,21,0,0
-0.059260586583772173,2.399764442674983,0.02497955682712938,-1.0692774076043314,-0.9130889954040862,0.25810087383060787,-1.9263656191180716,0.5701095949155576,1.2394318817448835,1.5750729089381215,51.46,7,1,0
0.235106968505022,2.009201259079287,0.6045554347360427,0.9711626890606954,1.917633807205787,1.4100525087208549,-1.2672495987115489,2.7261169170687407,1.3329206710304038,-0.1150226005566359,69.07,0,0,0
0.3901212737423057,3.205924064143473,-0.2835171446485829,-3.7209824310469455,-2.912382079351403,-3.170302980306503,0.9165083169406202,-1.7452955847611442,-0.10957350430959467,0.036122549871517834,80.65,22,0,0
-0.1848074502370814,-0.26112184170165453,-2.6891165824929173,-4.784361582366092,1.1857375789698696,0.4926307361711424,-3.0905381399984972,2.3932651745763307,3.8489990263789986,1.2430087909397654,45.39,12,0,0
1.5034443138307039,0.10692964527480475,-1.7154954847165205,1.1600401390854465,1.4353545964327332,2.065685875032894,-0.20402104837513657,-0.5186197198052092,0.21949023779102206,0.27923089699725273,245.54,23,0,0
0.26060275780483166,-1.2175859829582374,-3.3603489516187617,-4.123473221089094,0.32467341184465226,2.6905248730305114,-5.848666970770493,3.4503761786494636,3.9457965107675754,0.7801691528935376,70.85,12,0,0
0.4312599409344025,1.9339433548613152,0.6204345357003178,3.0394805628841706,1.7340546899977647,1.0358191657063605,1.569701972185181,-0.07822423069567375,-0.9117222416162478,0.16788097090861462,84.04,2,0,0
1.2740936088371562,2.242561920957298,-1.8443848984471116,-2.9946964458384184,0.49624729950691937,1.009198977683224,-3.1348100855806362,0.8940222876660984,3.4762120922041673,-0.15367731843365662,195.21,15,0,0
-0.457585642349367,1.526599760163928,-0.77262200215861,-5.878322327726237,-0.7519332826541821,-2.389636439029901,-1.876483048744121,0.13308098367169352,3.817504504376587,-0.08287785675640261,34.55,10,0,0
-0.008572434513604224,2.521460861377117,-0.5703228763144967,-1.5924445155741231,-1.5156468007382964,-0.22536007189364926,-1.3681443041360415,-1.519744467764098,1.2288336723083984,0.7596517439056715,54.13,10,0,0
0.09385387361004462,0.24436568336786413,-3.621685837749358,-4.2550652508386735,2.2322597822427355,1.0411424366604245,-1.8950101496605005,4.256763985525897,2.5037186844077883,-0.9130837323592979,59.97,12,0,0
0.5828877811003836,2.1225060172756405,-1.38711458488959,-3.1605036302171476,-0.9060853065535908,-0.03807554891388687,-2.2267948819271433,1.231697623651332,1.7791915517852477,0.05768422925671848,97.8,9,0,0
-1.487463492017989,0.032184870745851635,0.15075971702405644,-1.7201755366965221,0.644252695117167,-1.8481531679677812,1.5751915972874497,1.292751514096223,-0.06752784220526964,1.4784907920173305,12.34,21,1,1
0.2511463577189181,-1.3126091585449482,-3.0142826466418473,-5.660217473242654,0.8577276709361754,0.5229717250237669,-3.7119029429701276,4.65632461628149,3.379318734676782,-1.0334328727909796,70.19,19,1,0
-0.5053484247251067,0.4645384808665962,-3.2132607301617737,-6.567511186311398,-0.6111373382817729,-1.4503559095851442,-1.3518094409286463,3.2095846599309947,1.6331382150906766,0.8266869499779315,32.94,0,0,0
0.0956028566047568,1.9194600133395703,-1.1103233904185636,-3.479560675744607,-1.1703285074034833,-1.1992500301161664,-0.9180798974313769,0.25870251139206857,1.2765533360833858,0.06319909538693731,60.08,0,1,0
1.0862576313828398,1.37623187810916,-2.9034528467917546,-3.6678987768534594,-0.2347750884424522,0.618249845290122,-2.2001224344769414,1.1943268240875629,1.9375301654648345,-0.8453882264206163,161.78,10,0,0
-0.8481896727985383,2.5766198140368584,0.4132575592460015,1.8862192693973865,0.3102451793641793,1.9840601781263216,-1.5541442893405426,1.8536438502873538,-0.002995232122838143,0.8277121984115301,23.38,18,1,0
-0.49517620000019913,0.874318236376465,-2.5223747111814196,-2.4082539505567984,1.4584452353619803,0.7213798599974208,-0.7278269147204923,2.18271300398043,1.3048055034830923,-1.478140838595054,33.28,9,0,0
-1.0499835834867237,1.5453342024283667,-2.2824120885758212,-0.578408593793576,-0.8096582299556536,3.210407355929809,-4.115379760942006,2.181723899402226,0.9613826684078897,-0.014098585045729774,19.11,21,0,1
0.41113257077654447,1.4093874867983456,-1.17992072406005,-5.540515364534527,-1.6697790759472526,-2.792313030018272,-0.5243588801485574,-0.13333075489389734,1.8146944776119835,-0.654923062510787,82.36,23,0,0
1.5948970092087398,0.028409032527409117,-0.9323130673593246,1.8643911979403254,0.1095095535601045,2.6854402297163142,-1.7567205217325887,-0.19239106129380468,0.0021523194737684825,1.4942157125204496,269.05,1,0,0
-1.1226035531527268,-1.0789537922242258,-2.834352403334507,-4.580342078577428,0.9330631702315759,0.6688225388129532,-2.856939536848679,4.5933863846645355,2.3405374207663914,-0.5116431872720293,17.77,3,0,0
-0.04483177906712926,2.0715306869410153,-0.14145134403537796,-3.8321832605889274,-1.8278448524326558,-2.324155392579023,-0.4596463217043341,0.5813010149736959,0.8733931733132785,-1.0425752255252008,52.2,7,0,0
-0.1926455403814953,0.12810628548685,-1.4831192086993266,-5.385228115969877,-1.6218266979059395,-2.011191500218505,-1.1161808902859685,3.245029339065523,0.6009669169127427,0.31976111527637835,45.03,11,1,0
-1.3328953984047622,1.0826474162827913,-0.03175106661050209,-4.986119691809361,-2.89402542830017,-2.7543445886356626,-1.3969561485454964,1.5383270539873677,0.8682062970652481,0.11091204250218463,14.4,1,1,0
0.6828789316742666,0.18667399274917873,-3.436337462997348,-3.560471054249612,2.86394263382064,-0.09374813279446936,0.6326058635796152,0.4464774318518365,2.4111982329981196,-0.03731280612974913,108.08,1,0,0
0.4848437743118752,0.10271334572100477,-1.9212044372859038,-2.8279468425838474,-0.2953126135317108,1.532678353643691,-4.214793629118333,0.2178764413574119,3.518228138016222,1.3310448457291288,88.66,12,0,0
-1.9746962264910846,1.3015696463223114,-1.1193294642208587,-2.9593436537577382,-1.5406083790434817,-1.2694665660088695,-0.22818057325430047,0.5858924737235287,-0.01784632264646535,0.055414499873678094,7.58,9,0,0
-0.49693820700911023,0.6384707657950315,-0.31287401480073673,-6.175710391272444,-3.4669800361768823,-3.693653328522738,-0.7498346150447138,2.972019524771994,-0.13330367614038652,-0.3835499185809796,33.22,8,0,0
-2.341481243959929,2.201018795650693,0.35308581626199165,-3.8910152376061986,-3.4231922859913855,-2.354964523097836,-1.3523318974299803,1.6939070353048313,-0.021963230438936776,0.5205361322686388,5.25,14,0,0
1.3451462349121484,1.8593744254129463,1.7554887854905445,-1.793069877465416,-2.5869996231636234,-1.7514102266678842,-1.615623689209434,-0.8092348759831383,1.2138110107356312,-0.0029412925800742637,209.59,20,0,0
1.8690891333360002,1.3520328758381648,-2.3299992959308424,-3.4013511262465883,-1.0456309529791132,-0.22235390824103984,-1.155351114350156,1.2452746093606237,0.5656820303848447,-0.7446227491394988,353.93,1,0,0
0.4057513763015067,1.5557880958976709,-0.24249294916765762,1.0393582268437915,0.9707874077703863,1.5497269126831763,-1.1396802934941976,-0.5609497620815882,1.3251267806562852,-0.30483461848564825,81.92,9,0,0
1.0284474221682176,3.3826397874265206,1.0276836170549137,1.4414130295875265,1.3489722739363832,-0.20749892957496407,1.6789305247555555,1.7881358080824377,-0.8450117352979671,0.8804300727339628,152.7,21,1,0
-1.4610233130970107,0.8709117716502964,-2.2807660172483697,-1.136484543528706,3.6095728974553047,-0.34560502971014295,2.9188620776549015,-0.0460543491430665,0.7600348694913797,-0.41772063235483947,12.67,21,1,0
-0.14569867220750396,1.8726858414909873,0.38585238533281596,3.0852826398519073,0.079752118952924,2.6340058883440323,-1.5751313357506107,0.2195472302844349,-0.2899060974907177,-0.5585777065496749,47.2,13,0,0
1.0886870819651464,0.23814085399173113,-2.1728413852085846,-2.347851339184203,0.4284692112750854,1.7126357818259723,-3.1942598921206753,2.666169906461523,2.0620795964450096,-0.6493258217728659,162.18,11,1,0
2.029701304796063,1.1270842615003822,-3.0403729372326316,-2.8536316544655946,2.88004554264616,-0.0697294494854046,1.2092786275227585,1.9744578994059285,1.258307392875241,-0.1653801464144704,415.59,18,0,0
0.10567242392085727,-3.1201763125846904,-2.674048830966319,-5.03968985762004,1.3162174331243648,-1.4282624770169006,-0.1662276319586583,-0.5027437537536891,2.8781082506593805,2.4655826482882053,60.68,19,0,1
-0.15202566334065845,2.0780403336934725,-1.679039966075915,-4.110894210417563,-0.7077216641069405,-1.297263431957749,-0.7881169592093695,-0.3762858218690175,1.9658168576025474,-0.1577720077449382,46.9,21,0,0
0.3058870634263953,0.6918907555441163,-0.6946788806421006,-3.5271456718442176,-2.2472476515100714,-1.4590220657987167,-1.1749118533377336,1.371562924643681,0.1880387824958467,-0.8585964199696823,74.13,21,1,0
-1.0821441131025875,1.5695945601962946,-2.733042553953977,-0.4144260158548145,-0.38924778900922297,2.246894538512352,-1.6938386601990854,0.05830274706407579,0.14753493578536503,0.3032754234818647,18.5,0,0,0
-0.8305651738877546,0.7814188256744472,-0.5521594626035385,-5.823646383662811,-1.982971223460786,-3.206923580671103,-0.8345044484586307,0.5214140073506436,1.8660800168407259,-0.1999654436368878,23.79,2,0,0
-1.0669452705731217,2.360855437254018,0.7767308459876852,1.1379839789882638,0.7990750571161847,3.3140552431966164,-4.895189036824295,5.210482118530502,2.0202795767403097,-0.969808877999684,18.78,17,0,0
-0.09541516418355277,1.6546355940292865,0.4494009060886448,2.051230911417278,0.652255039531744,1.0306791602760335,0.10964935352566615,-1.3681612187271341,0.2004108938034227,-0.24206551837987578,49.63,3,0,0
-1.3870682708014674,0.059667558839235024,-0.7525540265854425,-6.614804965473098,-2.1413972421743592,-3.1818910443744612,-1.3813313314365667,3.1737129995609337,1.3660775485986025,0.7747797670507588,13.64,15,1,0
-0.9398589431883678,0.5927222937581378,-0.8220694282888119,-1.967070716078745,-1.0526054076388864,-0.01176166052119565,-1.5540323609002187,1.3267702780756985,0.5397332180295352,-0.02277956421254287,21.33,17,0,0
0.6274530747666064,0.8654290611963047,0.21876771218090418,2.042137923130105,-1.7900023937009049,4.1393000307856465,-6.0419363487223485,0.5170978123277753,1.648167449138768,0.9328480332983051,102.25,7,1,0
1.0386706488811712,-2.182856266389077,-1.8890467617351125,-3.461716574728353,1.9972668777315143,-0.192116766612054,-1.1708850482963193,0.34193030732209295,3.3556657249233064,1.0240031009447672,154.26,23,1,1
-0.7970304551323191,-1.1665014759454275,-4.9706440283690565,-5.454846543875729,4.033516519028098,1.7938512458050722,-2.7192260980977006,4.8758353202185205,4.354210483551046,1.3569137064389145,24.61,21,1,0
0.9171192484090014,2.794462381984215,-0.31360391415939637,2.104362229084339,1.327259312323369,-0.7084656950310908,4.6265411909770755,-1.0021862774407315,-2.845714649078656,1.1032545875586117,136.61,2,0,0
-0.2771582923553264,0.8735559915602076,-1.5895011032249498,-2.4701386293238974,3.3309805129955192,-1.0212201122971398,1.7772627184976773,0.5489582281142735,2.1417727674746674,-0.351144811852101,41.38,9,0,0
-1.249777950182238,0.9015973403843118,-1.3742583461455555,1.8431675160721832,0.5705875133323591,2.0745712492420827,0.10842515460001685,0.3568798333138312,-1.24787443144521,1.77986709042189,15.65,0,1,0
0.8200724734902585,0.5761223302215406,-3.320520471843758,-3.168353735503432,-0.6524380875179152,1.7583810798242028,-3.3545291477371046,1.8228240429605842,1.6356194213325859,0.1472608745912043,123.97,19,0,0
-0.15584338573063178,2.1979859012563647,0.7082747201676198,2.9800805631259775,0.8692916549800191,1.2015114349802523,0.7669491437078764,-0.7926207924985911,-0.683267564869849,1.8283817511845357,46.72,7,1,0
0.10421271392340987,-0.1941596527620575,-3.005988031760445,-2.632449572289827,1.928863563935243,1.031604846531349,-0.9715040092926157,1.9426332179842256,1.7954329869116643,-0.3752575691389206,60.6,2,0,0
0.39061609481004556,0.5086460162876142,-2.515235828953929,-4.605815351120109,0.06306784242468422,-0.5636409920259026,-1.3710005615451772,2.212008726057972,1.7894346284380318,-0.3677718646560526,80.69,17,1,0
-3.115211059222019,0.8189092329363479,-0.8910684919881688,-6.46712059596833,-1.3475188446195991,-3.653812993953773,-0.09967629585091797,1.408732631659948,1.7498284445292187,1.003896096679219,2.42,15,0,0
2.3973540887298572,0.7307038594381431,-0.3968759030164486,-5.284906139327877,-2.9206374201829073,-3.9256256063061157,0.7211277876009401,0.29900850845478466,-0.19592530158925303,1.8562627074425986,600.25,16,0,0
-0.9018985763289856,-0.046327620576930295,-1.736394073753019,-5.192957139175522,-0.7836185608205273,-1.6493104575915278,-1.1487633720433932,2.403077466861688,1.4346686995761024,-0.2987209013458602,22.16,16,0,0
0.24563864282374478,1.5146175570684441,-0.5599658036961925,-5.5748666161448055,-2.184690556090304,-4.2237173917690525,1.3277650448855276,0.06169355322991543,0.25631009645264646,0.5935972636427701,69.8,9,0,0
1.53223984925758,2.7961066212195957,0.10837024663168804,-0.5382341998277633,1.664029852954492,-0.32195341861871674,0.7184452798051865,2.784908308994378,0.4001494645945576,1.7078769151451927,252.71,19,0,0
0.43782453489894446,1.6445685850020417,-0.9587455939575168,-0.4563160404571352,1.185674996098648,1.3735501321765182,-1.2492369579914997,3.733624358058246,0.4414632383764945,0.5667674379653588,84.59,0,1,0
0.9606384645329203,0.8037417818469245,-2.364097762887885,-1.050447906292811,2.5851810277403855,0.4646990855787737,1.295723789191547,0.007381081302495929,0.9540510269511844,0.4369220168834028,142.68,22,0,0
0.38758993630192784,1.506695281002111,0.45279450033663027,-3.7070934657392085,-2.27244426574221,-2.5192879304892477,-0.6329149714422693,1.6938974286915005,0.29657689187218705,0.5457421082248198,80.45,0,1,0
0.04984291773117229,2.607820271531841,-1.0426868590509324,-0.623040853650289,-1.7016098887514044,1.8188640143946666,-3.363879581892479,0.36857555476666837,1.0249612455378068,-0.44719911799911854,57.39,8,0,1
0.10095016690695142,1.4044416970154006,0.13796302811846295,0.8573791998379692,0.5573293816546735,1.944078222639313,-2.283168178211731,2.77766778235122,0.7141923196375997,0.9907501730632072,60.4,20,0,0
-0.4264032585209459,2.630314092687608,-0.06344446528490377,0.6500305364497051,1.4626964145524828,-0.5323851876330361,2.3955327517595895,0.13207871131069493,-0.6754918198168336,-1.2953062938968003,35.64,18,1,0
-0.5746592685871781,0.4640965951285384,-4.477651152738818,-4.653334414019029,3.06314434683351,-0.93771281468419,2.2227816319651605,0.9626147139802549,1.4549073759582658,0.7984298075041206,30.73,12,0,0
0.8656233684582405,1.2280127392397437,-0.9394889749919346,-0.08529818541703325,0.30359648891775326,2.4033249468886124,-3.2411105753390896,1.9770725728799574,1.5847359925503488,-0.9367040411240828,129.75,1,0,0
-0.1277148834142629,0.7628811784116036,-1.7122274380883975,0.7569585228340049,1.6165026659341395,2.1100936292802874,-0.42534592028276097,1.9454613714984972,-0.154554625954745,2.318273746050954,48.05,6,0,0
0.22145506615320468,0.02023510994419353,-2.031015271572278,-2.1506748340636754,0.28898134172150347,2.233102209116564,-4.168481701553761,2.529589702519025,2.622900502823856,0.656775037589097,68.13,12,1,0
0.15561163992254695,-0.26105037909342665,-3.2218665182237967,-1.088108436355147,4.009172302189475,-1.072654154245537,5.162835766899225,-3.050012208740611,0.1583070660947694,-1.0467470006831845,63.79,14,0,0
0.35553397140384,1.3455981072419594,-0.6036795160680141,-5.586931478462342,-1.5145391648388502,-3.1703528801637244,-0.22519490503510683,2.0845886796634665,1.1027831309006353,0.20980324123224897,77.91,17,0,0
-1.1578356679709902,1.687989023281108,0.5081597537251417,-3.8921457647610658,-2.761491062987079,-3.301171721857111,0.2939967254426195,0.47471408267116455,-0.1504974785309685,1.5512651584958588,17.15,7,0,0
0.6840430456241735,1.6510030312770576,-0.40915259489824807,-3.137311467739074,-2.1017865503565183,-1.2480790310418428,-1.43759196633178,0.635971691010163,0.7812333564097562,-1.0235254053152554,108.21,0,0,0
1.4231296996515932,1.8984458918849407,1.421890959729932,3.7221881380618753,-1.8766393389599034,3.805713619670148,-4.463049907770733,2.789404975743934,-0.8191449277176368,-0.2809550262983919,226.59,23,0,0
-1.2931904362717712,0.4970210537123524,-3.5951194256921575,-2.4638847256130236,2.992289032568952,1.3700174278962396,-0.23091332748603458,3.520808127689275,1.265153418404903,-0.7140234159009552,14.98,17,1,0
0.7994953149290015,-0.2132581251708099,-3.6597892126844105,-7.61446650891638,0.8320575002035537,-1.9057746640352347,-0.8272212719585762,3.5915692733339437,2.660592302787414,-0.71724108326719,121.45,22,0,0
0.32601041374444567,0.2785312228578626,-2.496775676857655,-0.5487832711771903,0.8994742381926768,2.5524375441184652,-2.1660939051770534,2.043046745977179,0.8248957262714129,2.0329483388617757,75.64,0,0,0
0.4645445348796651,1.202580905704045,-2.2667706468887836,-1.4968573070698914,1.9883181916194257,0.8928839745473107,-0.05245819673435605,2.385837782248765,0.8061883735148614,-0.0724626767874619,86.88,15,0,0
-0.6496379137665755,0.6856401777031398,-1.416382375602215,-1.911904301700325,0.7339363620991028,0.6303559496415587,-1.5891107994963718,0.7638169051955819,2.026840687239333,-0.9325856305223776,28.51,8,0,0
-0.16538399613837187,1.4497537921362875,-0.3324057373327767,-3.6020770415047587,0.7069823775150708,-2.506531328977964,1.3721526490061688,3.1779642086324156,0.38856668084429524,-1.1023274050328542,46.28,5,0,1
0.7221279697044356,2.225160707490466,-0.5248736649307392,-5.731136612400935,-2.2139121662244543,-3.838978330052921,0.22926441545943013,-1.2708388092991194,1.7218944034763184,-0.1817052985143515,112.41,14,1,0
-0.05716185314993273,2.8329342024563213,0.35038067753735924,-1.4005766198934506,-1.1444742615320331,-1.1167757065072237,-0.4434618132117209,-2.081841543526446,1.3956452739169216,0.6239755986014647,51.56,2,0,0
0.023842179448873624,2.2536388112418373,-0.5730632017596028,-3.6689752023149214,-2.0132379459720893,-2.1470525953826396,-0.22251164680349086,-0.06003967936646104,0.5532730386333522,1.292781002410658,55.92,5,0,0
-0.10183338692441052,-0.6337704630855062,-0.21892872023716936,-0.44432374407310143,-1.2191907832135456,1.990006266722609,-4.4114767937749075,0.23200355878082068,2.1489025449083856,-0.2395517190908244,49.31,0,1,1
-0.5535974669204211,3.2109924183372023,0.8614851550357001,2.110311668801642,0.48173045008161963,1.0899137978754756,0.021888289834669953,2.247537086069647,-1.0286989915101914,-0.3891114704709565,31.39,9,0,0
-1.052413632507459,0.7502755930384906,-1.2735475797589937,-1.7966756439650484,-0.24305130463103164,0.6765028863693472,-2.0593888277576116,-0.004101806494675619,1.8476931936471863,0.19432563176610496,19.06,10,1,0
-2.4752357916124246,0.3698874606155439,-1.0676931649144963,-3.840970331447943,-1.8898615736753337,-1.0620103103773633,-1.5986439882589665,3.0901497414560706,0.10408028639684197,-0.8195544106664097,4.59,22,0,0
1.2253284115093177,2.5150419891093097,-2.2349886553832006,-0.5958854350097377,-1.3040003324062495,2.383135551378488,-2.885956581797984,0.755674917179719,0.35499264634434846,0.9745485334341798,185.92,17,0,1
-0.09158901910996453,1.1356977411093672,-0.47051698092543137,2.5641130978011564,1.5214740314200812,1.9115584027105497,0.5268950568283611,0.27315838362248523,-0.7338428582389265,0.1253662596424641,49.82,5,1,0
0.5785653982318053,1.1997366984753146,-1.0843781974895048,-1.8378802733561412,0.6885154043377882,1.299294156687145,-2.907561283396591,2.8261435061491564,2.259187113554007,0.49185791229710746,97.37,19,0,0
-0.5749490939355417,-1.0098166938714686,-1.0148310973881274,-1.3893470682820146,0.36899811227315216,0.4745893556313028,-1.4255026304838658,-0.5111340094064254,1.8094551474639142,0.49987991917469177,30.72,21,0,1
-0.5650828062863164,0.2989171173226587,-1.7250754814054203,0.47024217084148895,1.8911118718560798,1.701313676251841,0.01023172842721295,1.3630026953187149,0.1057042406892752,0.3895612180088613,31.03,17,0,0
-2.1120977181932097,1.6800448550462197,-0.9366211836020613,0.8749720139101801,0.9303000466431205,2.0812926772560028,-1.2236694564731116,2.3816435255161297,0.006640952331570027,-1.613575389432047,6.61,0,0,0
-1.0288141171504566,0.4836287632717594,-1.7155443686507654,0.6487438989159944,1.5838048990232567,1.8325959085980315,-0.26170724085411023,0.06474128839633031,0.47965914586246405,0.28393046688075235,19.52,0,0,0
-0.052951748426885735,0.9997974833556582,-0.5343070779215536,0.5085158613525196,0.10532546325281533,1.7789194205022842,-1.958052943854755,1.1065230277720501,0.6495517443894318,1.3194556418011656,51.78,3,0,0
1.8816890067487346,2.9809802436782515,-2.849042385280799,-1.574523019357208,-1.2643983098548677,2.646109031234361,-3.9265970899392233,0.07247601090096656,1.7560836117205927,-0.3597931580387857,358.41,20,0,1
0.4606791948734838,0.20555869749402134,-4.356659124085549,-2.0656204602341557,1.2675717833510582,3.33427195990211,-3.1550454313543503,3.052462437150669,1.5386628135957146,-0.0012294618989313149,86.55,16,0,0
-1.381152629319146,-0.31784386655383967,-1.1545486237220193,-5.13011110411558,-0.010998743843011027,-1.133367750917982,-2.471723679723828,2.7614424415496965,3.0641919154551904,-0.27178421213415827,13.72,7,0,0
-1.3718805167240953,0.7500026529700579,-2.0840814157799015,-2.215471018308446,0.6158769455075261,1.3696989452119628,-2.591632100062819,1.1056739688673607,2.418622374239579,-0.312121804958055,13.85,12,0,0
0.9580079570787146,2.126376072422244,-0.20632003374808583,0.045668005346453704,3.3669184455552417,-1.02246757073989,3.247483022995622,-0.05366312914221272,0.6201951473284105,-0.43306264391346466,142.31,12,1,0
-0.6988036529229565,0.9660767917091684,-1.1583595736993517,0.9520195885947045,1.7616030094303663,1.5819607609994781,0.10406111042798388,0.8508563880070967,0.15643787390875663,-1.2766230611192537,27.15,3,0,0
-1.7935848781616213,0.1572085447491891,-2.6603431573013805,-2.791752730950107,0.9730292502254796,1.6318802654486706,-2.8406339965427643,2.956793152405787,2.1955169676076145,-0.8481019141968344,9.08,19,0,0
-2.0237768870350243,1.2366531589842178,-0.9698038208457306,-5.48178726468517,-1.5949011542259266,-2.721899133479961,-0.5873729321005061,1.8199299922553371,1.1819331131701145,-0.07571461425523296,7.22,16,0,0
0.1566019099068522,0.6302428921270069,-2.1316242719061154,-3.0350287537008014,-0.8928097460903196,0.15777160064578077,-1.4210490753764908,3.161217477999969,-0.07389421389196626,-0.8928598268308312,63.85,3,0,0
-0.017321071248390028,2.3999187971825213,-1.3303854034882738,-2.8681717627891796,-0.7632242692189867,-0.72834485290447,-0.654535106234957,0.5254155755394149,0.9368039763389363,-2.181505600487842,53.66,2,0,0
0.6889017473588158,0.9414275445466188,-1.4941129900622223,0.5594533947467113,0.7457338836934663,2.333907351081282,-1.563956551807388,2.07162638618514,0.09828671951651935,1.5558715691673168,108.73,8,0,0
0.9412326294514282,1.6455694367529996,-1.2596746776171235,-4.480431326762535,-1.2513288170886814,-1.7612418453784622,-0.7328388922902603,1.976413549285551,0.8706854612957873,1.6449512943566114,139.94,8,0,0
-1.723946692781684,2.0501289428404053,-0.20921500558980521,-5.748761137157559,-2.494998558865068,-3.9093547286676698,0.10775239899279683,0.5726437740507221,0.9612523673262907,-0.22816483997006418,9.74,5,0,0
-1.0684314074239356,1.382011024943841,-0.2909558795486781,-1.5675216934799174,-0.029180896629808828,1.4990715223296098,-4.262403538162837,1.0750826370230562,3.510668528828095,0.7215363000973387,18.76,4,0,0
-0.5655906872226714,2.178615603483137,0.4001534678210774,2.302802651387438,2.554908366082979,1.1663970874828709,1.01024114739851,0.7557333694091501,0.19891063147289723,1.1059239692286305,31.01,10,0,0
0.8974470244890009,0.7872088808011322,-1.3853031054026508,-1.7732268473777026,0.5347066795946784,1.8648784169682353,-3.5683129433911036,3.2516099451790943,2.236076026576426,-1.7742864666549092,133.95,15,0,0
1.108229108923436,-0.6233088080095661,-3.2305763791790243,-1.9674573741744585,1.5798378304190503,1.6039686972520282,-1.1470698393345895,1.5784784673709287,1.2641903425833265,0.777618270727343,165.38,4,0,0
1.7853593330157278,2.0308528317223944,-0.1517841236048476,1.7234255216120344,2.4467697397668178,-0.16360771002823982,3.2023371360614057,-1.2142428586426612,-0.5937618257567838,-0.1000608036074865,325.5,10,0,0
-1.3143521134242018,0.8987415465276782,-1.0533308460474318,-5.607310803301305,-1.8378034180557172,-3.2419117635528787,0.32864698690153576,2.3808924925076385,0.10134308656983282,0.942498085626402,14.67,0,0,0
0.2720032636755305,1.211479489549113,-1.143173710970311,-0.8012052335832769,1.24466371621569,0.4089789813268532,0.014042708561515065,0.5878990603489016,0.9110301523474005,-0.3778740097469412,71.67,19,0,0
-1.038707886574736,1.262080644227132,-0.5788868134724915,-3.534230854501768,-1.090640678802407,-1.298749312977398,-1.3810129981420478,0.4691354546166039,1.7732823796957882,-0.3723144492585139,19.32,8,0,0
0.7092790990639822,0.6114647537304956,-0.5406617515002801,-4.052802089751932,-0.5275492289521169,-1.5285798802040755,-1.4190124277248393,1.046978920164264,2.2880328673335737,1.002470771713815,110.97,14,0,0
0.24163583002817735,0.7774764924014692,-2.4750066186577504,-1.6134504267384633,0.9017640350732903,1.6798610070261006,-1.8185459090845033,1.9779317187039251,1.262228326072652,-0.408128843455026,69.52,13,0,0
-1.2502506902756054,1.8109719811460971,-2.069148536590767,-1.9611641133988242,0.15400134634470786,1.0038374576874902,-1.8047809055733461,0.14767762490775604,1.813685192342254,-0.14348321919582963,15.64,5,0,0
-0.09755146839137613,1.556221658674851,-0.47590038586390515,-3.0112306848820745,-2.430132268127183,-1.6639428106251632,-0.5671157258025408,0.15784484973141022,-0.036959954173511944,0.9300634589805444,49.52,15,0,0
-1.5021093345711585,0.5591498397893748,-2.925243961797423,0.11150539331440139,0.7400319168653361,2.6027705980876004,-0.8634012277075648,3.236876559694781,-1.236515213346937,-1.5929876311828162,12.16,6,0,0
-1.1788561215115378,1.5026113312736944,-0.5050591593859834,0.7167405325535197,3.0578859129596854,0.8722383746289324,0.984761155566936,2.4502775332983386,0.42857265415133095,-1.2466074962726321,16.8,5,0,0
0.5649384181908967,1.9132552470548996,-2.011871224106236,-2.5002726818696455,2.1153726981284913,0.4354993937068873,-0.5748439759219628,2.9221598834700138,1.8145090911933108,0.032240719850771336,96.06,21,0,0
-0.5069410889483966,-0.9050042432960577,-4.366126974414927,-1.7190558168223913,5.053285398072329,-0.3508001078242282,5.045541967146922,0.8112357483747357,-0.5847329385009663,1.335968977640095,32.89,14,0,0
-0.6651234870843054,1.6635817454481794,-0.6703702573618832,0.17403008205903606,2.6059628841921443,0.7498599276961491,0.5539735270302425,1.836976693814089,0.856867314404185,0.8632580071737598,28.07,23,0,0
-1.8500939196513015,1.4973476815756745,-1.5837197251737103,-3.435956605829637,-1.0315211117082077,-0.9061994209558775,-0.7984672177370586,0.7610173059584643,0.8498384100394876,0.6497901502237924,8.58,1,1,0
0.9026930485581461,1.3437452024201635,-0.7408215713160802,-2.0883930744973176,-1.6841943895836327,-0.3316458122415361,-1.3585658598112538,1.135153068386378,0.12046936813548048,1.0430707771536738,134.65,5,0,0
-0.8498940686953664,-0.2953004853103487,-3.1499652650251813,-2.2777735342364434,0.7872347470839347,1.5387337164208994,-1.6788671654979945,1.7919881066680698,1.1352883365261888,1.1229508238350732,23.34,3,0,0
-1.189583198531256,0.8993820937873418,-3.241589399126325,-3.1567858602442787,3.63397552329577,-0.18855217630677323,1.598651788683432,2.840585127125733,1.3354233424788944,-1.6096076154620573,16.62,10,1,0
-1.887578241767587,1.412265865693673,-2.7604685927390418,-5.460967325152846,-0.9351666803669882,-1.537243367928101,-0.5579960947658473,1.952805039663851,0.942827701860985,1.4558026951707208,8.27,6,0,0
-0.3112966263698742,2.6564118765025775,1.3577602275632372,-4.340451851462338,-4.984436997680318,-5.141479077129125,1.4577128708591216,-1.513350344596286,-1.3709509771907558,-0.26673261945405585,39.99,1,1,0
1.4786965304847142,0.7538528821319497,-1.286608021834582,0.5714729145505673,2.4679538845664033,1.620449236995022,-0.07667359654352794,1.0196049355049728,0.9544412804119565,0.3913024972827166,239.53,2,0,0
-1.1824984360844522,-0.4313460772333324,-4.282348975325581,-9.400859687582336,-0.7356309622539627,-2.9045899576709973,-0.7411036062558369,4.4385180664192605,1.6798703665751444,-0.30138965872690976,16.73,16,0,0
0.24857845812691023,0.2260412673878056,-2.71636858464338,-2.3139485419275263,3.5075258402534546,0.4555902566810651,0.6842136565904865,2.3540066780517783,1.7491870020221651,1.2981794190387468,70.01,6,0,0
1.293132953419328,1.346386858228326,-1.6888426168646902,-4.615706264835908,-0.2570784110755473,-1.0618713126250385,-1.6190770768279845,0.6716596905023832,2.733223192374359,-0.34557081583526233,198.97,7,0,0
0.18490659220109815,0.1463042026314365,-0.6282954470790528,-4.29712365954083,-0.763464386076758,-2.2319497889837776,-0.3329082498554984,1.2968009637382445,1.2676478906387882,-1.085746864850949,65.69,19,0,0
-0.35691444821574925,1.5427768370255377,-1.8533821682789982,-2.2498307381085327,1.027127729650734,0.7018553801521316,-1.361203657503454,2.1752851077641426,1.6474214131950102,1.0399638631709351,38.21,20,0,0
-0.7147067757003175,0.8942779537183425,-3.3343740949928264,-4.203863472642725,0.19636114504407387,0.9089488417629035,-2.758985473726079,1.6310495706989894,2.6077504435243486,0.01704525307209791,26.72,4,0,0
-0.01547849331488037,0.31224923681375283,-2.156247837162539,-2.429490224115027,0.3820049201029141,1.0415646874008153,-2.2135512767328076,1.2224161369829618,1.9527790805003689,-0.11102661197290337,53.76,4,0,0
-0.8599553951153761,2.0437622783810943,-0.42124427272344556,-0.32906302437652807,-0.19054779150090018,1.5578817402997336,-2.7501653960618224,0.9616133333850817,1.6485603728489495,1.2442278304563643,23.1,8,0,0
0.7211569916363992,1.9939983729456512,0.6732348677752251,-1.976737299131575,-3.1010963248171275,-1.9373406591321425,-0.42225368277224856,-1.1263626330949663,-0.2698599649322919,-0.015066895752471868,112.3,4,0,0
-0.6540514701654292,-1.4773799557754128,-1.1196867592822666,-1.6386388493287993,-1.5367435781378374,1.94348046293424,-4.946823127248499,-0.46737836770573327,2.7700440540657443,-0.6253633838148109,28.39,5,0,1
-0.06957347849482809,1.6818265624952313,-2.1289826935272558,-5.7294826494843285,-1.453681478728279,-3.012015543747621,1.0187771054260013,1.5918187109036606,-0.047098767464442526,-0.3314837075657477,50.93,1,0,0
-0.12212971771085598,2.6839166598171733,-0.35247912050122554,-1.6735897053605153,0.7957887792248415,-0.36489420148741303,-0.5018476701916831,1.05789702615661,1.6754039677214423,1.0194763658396355,48.32,6,0,0
-0.9904978312047675,1.6619091584376893,-2.6994345792879777,-3.5808146934310923,-0.03303747395451584,1.194511842624627,-3.1278066752623355,3.179776603039017,2.0458787642121696,0.44255895713443577,20.28,20,0,0
-2.2628616853943258,0.0019106532618864414,-1.6498169664554925,0.6597636045547561,2.022697716901363,1.2265567281237657,0.9012861814861163,-0.22148846165955516,0.1003001016460443,-1.2705535680673223,5.68,21,0,0
0.8096962717197014,1.693311334844389,0.2862845266023366,1.96797640433341,1.0900506386584117,1.676743352081027,-0.6098919700479052,1.2325145997978042,0.03643940489764219,1.5560750237211316,122.69,3,1,0
0.5182862387761117,-0.5548669230125118,-2.0611226305212336,-3.4442024721257076,0.20621667921372078,0.8382206296268524,-2.8636111233651045,4.5986592216174556,1.4562275680036159,-0.2256533790042789,91.68,19,1,0
1.200328270712576,1.8906869376916313,0.9139913214972852,1.2341267937794138,-1.072167243285841,3.0616572236953417,-5.110735343480279,4.209981739369241,0.9550928226306717,0.9301586507684871,181.33,18,1,0
-0.44426881081521136,2.6862199951862564,1.8294345388541335,2.643253872730258,-0.8725799523497499,1.1100943116704312,-1.3362604049092146,-1.7736977796392581,0.44460046009967336,-0.09650929517179287,35.01,4,0,0
0.9398744237425063,1.8303128086318492,-2.187586877800638,-2.734144492678685,-0.34159727379340976,0.1438979218120977,-1.1574839507409163,-0.228631983527531,1.4724430155040438,1.3093089609568078,139.75,8,0,0
-0.8402156866658672,2.5273057428889087,0.12964766987748977,0.4883981346233198,1.6516237668084812,0.477222516356946,0.2916447311656575,1.7344606162860532,0.5158833011980513,-0.31036218899525275,23.57,12,1,0
0.2172017583845605,1.2303203286725155,-1.6957293853114168,-3.96043187924418,-1.3015879663261287,-1.2353633192090916,-0.7383823696822095,1.023675314279468,0.6997767191676597,1.3476512916077326,67.84,12,0,0
-0.5294048853130289,2.9926400904980097,-0.4335170605983293,-2.3660350387631124,1.2815953444072545,-1.1835885368625891,0.344761944332008,0.14004209178645666,2.229013799009037,-0.6646263766579805,32.16,0,0,0
0.19212824681866283,2.41133793390917,0.16905412276663534,-1.6387477083716817,-2.1368869948779556,-1.2305137301559004,-0.6050152620972706,-2.1037812061060412,0.7058743584797145,-2.475976089576321,66.16,5,0,0
-0.6860777836680381,1.2558889397688673,-0.9823732946515338,-1.2466753607915335,1.8856354560885853,1.2272903988213375,-1.7991822593859852,3.0944162134172903,2.076180165314772,0.033588103582557136,27.49,13,0,0
1.0161050683529236,0.3228343061154054,-1.1544453717743575,-4.166815940381263,-0.11970965384025245,-1.3365488492565003,-1.0298846702486897,1.7990041823174798,1.8400439173933785,-0.8930954957031619,150.82,12,0,0
-1.4502701446852095,0.6838394379130452,-2.4268331153754397,-2.906811495260331,3.0886910981690443,0.1589947740419817,0.07785726147033505,2.2200464008584264,2.3827004441869066,-0.10552503566980015,12.8,13,0,0
-0.6644769403502429,1.0982803575771962,-1.9411770568777156,-3.6662524852203573,0.9865302192519825,1.6586063671697189,-4.756134414003912,2.845393579250519,4.503434689684763,0.20679881657058866,28.09,11,0,0
0.6847054846538829,1.4834399820751014,-2.1034019875491583,-3.331262709573698,3.15869567865181,-1.1487174381115863,1.6559173012398807,1.6221706013121793,1.9959857046283076,-0.48306931039921036,108.28,3,0,0
0.7646309573089346,0.5261696871743624,-2.926114426513272,-2.155754877813462,2.1662105543882686,1.3369144588398143,-0.8264659297791188,3.1909036452959274,1.2294248895819821,0.21056423672406024,117.29,15,0,0
1.3665670581136027,1.7852039993853206,0.4791931725034093,0.8438158688344237,-0.9352363293920036,1.240082501834426,-2.2411262615268823,-1.4344459192087717,1.286393215619273,-1.6669019044845668,214.13,4,0,0
2.0662082610125454,0.9233788352863848,0.199744989544951,3.2551042282662253,-0.16763602061804717,3.4678308484003155,-2.839877750862283,0.25191120496193775,0.13207000100238742,-1.0502491282675153,431.04,19,0,0
0.529825174568365,1.438118604958692,-0.1579573791611375,1.5088173810420322,0.35960381075577574,1.3468079108472621,-0.6137713571032954,-1.9504776619428241,0.7437664084584759,1.3036280691911935,92.74,5,0,0
1.6943300116186273,5.346324460918829,-3.2819835478641215,-4.690218217298179,-1.3885840088104424,0.6674221997408446,-3.089878502754624,2.903193193005035,1.7437055606626104,1.72802388278343,297.18,23,1,1
0.3434893123936937,2.444572157630268,2.368213804280133,2.5052043036118894,-0.8156794834093188,1.802351629904513,-3.330328497534171,-0.9054925799879252,1.8508179996486591,1.1275783949588427,76.98,2,0,0
0.4396176566466392,2.2788626712304243,0.4542848653577012,2.0291497642212812,1.1437853623056402,2.758317349866193,-2.4188197336884203,4.090301627843724,0.3360394955524141,-0.22537598339434184,84.74,1,0,0
-1.2881839653590237,-0.5221110849360879,-3.298015366695507,-4.672740866442235,0.3738463727386958,0.5925624023030924,-2.5251768848753904,3.7686512670895764,1.8795633941895342,-0.010839816203747658,15.06,9,1,0
-0.25533981091628377,3.2129446395254506,-0.014185332594623512,-2.7466178474556378,-3.0740572727471713,-2.1168715589674854,-0.3400522140415824,-2.5069694528464375,0.5187084343391801,0.8203488334983204,42.29,3,0,0
0.7060015208702733,0.13654390743549372,-3.500639310571068,-3.426052954319858,3.6861598907834203,-0.15221335207639486,1.4490316007873065,2.525853693742111,1.5833762917430985,-1.0267099154487795,110.61,22,0,0
0.9226583352487902,1.0009938119054766,-0.7704142643168715,-5.84143752278796,-1.6837817236942763,-3.0327961603764138,-0.7293646916453289,1.53194118706358,1.5839862795552904,0.3759808442920753,137.37,11,0,0
0.5401209253654983,0.47481073092028037,-1.7762508544242814,-2.4102372237912797,0.48014055056935967,1.8709931205163377,-4.0692353876937,2.0878175360120745,3.1822853088658367,-0.38781978075348844,93.7,22,0,0
2.175629303952264,0.8022925836781177,-1.2947565912302224,-1.3625765848849622,3.75993039530246,-0.41518279807737457,1.6762021245644052,-0.13268793006150337,2.332645709604228,0.5806808059290158,480.89,7,0,0
-0.33987145957464243,0.9726078916461959,-1.7168905901904812,0.8119831416908658,2.2519437715515274,0.6729307031937065,2.247113367585055,-0.8112957176195381,-0.4558695883019719,-1.1850385871042153,38.87,18,1,0
0.28339339675312925,1.1982993349893598,-2.629229860513232,-5.945114435873747,-0.715790964311982,-1.1154696575263796,-1.9882118027412545,2.459264531308805,2.257615149766962,-1.0829642083570128,72.49,13,0,0
-0.6823477121187953,2.230877004695684,0.23886129844342507,-0.8731496078975309,-0.8675038191019042,-0.010520697864288886,-1.6392697054365102,-1.3777267686776133,1.8045630634959846,-0.35833737611052935,27.6,13,1,0
0.5465687766004553,1.445583612801648,-0.6705701270293046,1.9297657643371904,2.5465740607934038,1.292726250971303,1.617893093314565,1.6671717631595189,-0.901596614779858,-0.07913521446208951,94.31,21,0,0
-0.09187939213530666,1.7552572104072253,0.11076620933595227,-3.6728386947561855,-2.011049527549363,-2.742908270953564,0.057860271528734866,-0.4733664336452994,0.7479450937550731,0.3825305973379217,49.81,8,0,0
-1.0200469105547147,2.228981165351651,-0.13153745263150696,1.594252894679978,1.2864966959840036,-0.28317291855336535,2.8948778604493293,-1.5333399777643464,-1.1205239680108805,0.48896993217573026,19.69,1,0,0
-0.7121896032486567,1.9283334254494862,-0.35912351602396597,0.3453942008591502,1.7023661097242697,0.6097198932779052,0.43183544257806494,1.8558174473368823,0.2333434188493133,-0.4662732480081828,26.78,0,0,0
-0.6042482015662541,3.7536446030755997,-2.3098968697985125,-2.223235201703811,-0.3935418645528779,0.7255993697179822,-1.2187941541532625,1.7470561329521659,0.5401756236941228,0.23882115385302774,29.84,17,0,1
0.4119411089431414,0.8752425108013508,-1.6810899488959863,-2.461054094984801,0.06717269318966168,-0.10442674249004735,-0.8923196808292352,-0.5759466129994573,1.7201868767686572,-0.01808857279291442,82.43,14,1,0
-1.5861250127337603,0.4248087765203252,-2.301580871751951,-5.673575710995791,-0.36445005064544256,-1.845039399531847,-0.7506991508246958,0.9319227878157212,2.1743726654329194,-0.5784027768434354,11.18,21,1,0
-0.6383958164452097,1.344692355454964,-0.5478577703745144,-3.252478956711561,-1.5460955699145262,-1.2960997373781045,-1.1447214034028959,0.9713849186326832,0.8832905442466574,-1.4129072878634872,28.84,21,0,0
-0.6722639333886302,2.838921562822444,-0.1542343550489027,-1.924228575304105,2.083500147973929,0.0371811172336054,-1.2959481008813083,2.248172022471088,3.091452120168973,0.3160453372635589,27.88,18,0,0
2.1931054547364743,1.2295127494005524,-0.027854744616878424,-1.3107432677869693,-0.8660800751328015,0.4470640988756066,-2.3585177453533746,2.215611140083243,0.9348305421956988,-0.8331084652591052,489.36,18,0,1
0.43572626940313486,1.8373863716631802,0.7922716887658827,2.692503736616067,0.7978503579103937,2.0590510627963043,-1.1128527782649271,1.20508969576893,-0.027001051781304186,-1.5905565445738419,84.41,22,0,0
-0.021333627570394104,0.6212832885572779,-2.456430338249458,0.7073095404200476,0.23308655245772292,3.9434057228402803,-3.0880817912391834,5.619074587479152,-1.1523330508174487,0.6253240873840938,53.45,4,0,0
-3.0620724667382317,-0.4498285984893622,-3.1847143358613215,-0.5044735011280274,4.1600298275910434,1.929958425840824,0.8773388181728708,3.1913599280733207,0.5486046605917151,-1.9129420934264925,2.55,4,0,0
0.5548047388202113,1.021830472290835,-1.8886628517675321,-4.8864559500324924,-2.053718191943096,-1.718555919030959,-0.6910698194290045,3.22837467423005,-0.4178091332321492,-1.738997510125005,95.09,22,0,0
0.24365004478977517,2.4623883819546597,-0.03833783726118711,0.8489103590201027,0.15167775118186477,2.1344632491036153,-2.5656720429990387,2.461328208599441,0.7396187403489973,1.1155830873244232,69.66,19,0,0
0.846385212214738,2.922992906147243,-0.9718142956805773,-4.081056083976822,-2.403071299096605,-2.4660462031388715,0.11919056308032593,-1.2234458282661527,0.5798010255543656,0.6703089035743995,127.28,1,0,0
0.3199059604507821,1.7326599582213658,-2.1681215913424454,-5.0656411299509205,-1.5832631647894986,-2.2772195663663526,0.22487121032610757,-0.28459748889458436,0.7735356905293369,1.0503243940820481,75.18,12,0,0
-1.4561285763839,0.9337146644998284,-2.577937312647696,-0.9132676114185116,-1.9429903996173712,4.762110421103323,-7.579284833960218,1.270817402140773,2.865728628999347,0.9143172672143428,12.73,13,0,1
-1.0676129597305464,0.8808835471372964,-1.5256939098403262,-0.9238474825060522,1.2699271455653027,0.9540977338646435,-0.7919124488669691,0.12589124315973854,1.5758019359897872,-0.929220088673957,18.77,13,1,0
1.5300266497403454,0.7679519978742162,-0.622151365117109,1.7607064167342978,1.8416639448363248,2.550087385184687,-1.1401811720743227,2.669251695402923,0.13556814506686243,1.9579437795524968,252.15,1,0,0
0.3729388188403933,2.4502678806059137,-0.04091721701501494,1.5135735761096831,1.2508548288603563,2.539301264757911,-2.009572553959947,4.247320071111782,0.1773176759643471,1.055147610211564,79.28,16,0,0
0.7352184264840452,0.589557397499576,-1.417475700366497,-5.0566505539342055,-2.198080452242391,-2.2048479326908446,-0.6171282783564865,2.8128812727155883,-0.18296665663409284,-0.13204078765155788,113.89,20,0,0
-0.02069042196037487,0.9325789371444627,-1.4914924690965974,-6.9390131397228485,-1.5562554895726852,-3.432156652759553,-0.4598211141445864,1.4368987900176837,1.8561350113049375,-0.5027909438084575,53.48,18,0,0
0.19639008927067259,1.8833554795253402,0.3989240713297084,0.7688680314232256,-1.1963874140658628,0.6016503391084488,-1.2992947219489812,-3.196655197103955,1.1104771046431425,-0.24309751942185906,66.45,8,0,0
-0.031068633968604462,0.6524180288896018,-2.1099057473969327,-2.2486111651633953,0.7337545005203889,1.1562443422758146,-2.1348544882513627,1.3856535569767818,2.0772684900633402,1.7133987203729957,52.93,13,0,0
-1.3416648786211005,0.617339644533338,-0.10686698274626871,-5.426939093171777,-2.1121148607140685,-3.4180670601671093,-0.29245401530922716,2.334382018038244,0.5887543191717185,1.6592283841733073,14.27,19,0,0
0.24676189975209747,-0.6519347042182042,-2.5527607062098214,-6.243315509508131,-0.12994514519637868,-1.0404051640144056,-2.2053056463013707,4.879834819059748,1.9607844712505778,0.23495578760369706,69.88,21,0,0
0.2514790474335756,2.53531083582463,2.1014492046788895,3.063567078886081,-2.130174861764303,2.473959399495511,-3.911543620769896,-0.2620678222744246,0.4938012151117924,-1.0735899236255135,70.21,2,0,0
1.9391351744114753,1.0157583659849025,-0.6610026973362846,-2.936164961096675,-1.1579261382107462,-1.1822468194611016,-0.841804294313773,0.1690678661520013,1.0538638430383398,-0.14247481016426028,379.61,8,0,0
1.1909674751382513,0.8336931615039793,-1.802837652929743,-1.027306758486918,0.21608792190446513,3.2195711796073567,-4.7993171155180265,3.6420682642294846,2.1112531863415236,1.0222983367311653,179.64,10,0,0
1.0260632168095312,1.0026391450785683,-1.4357706879127474,-3.1511619724392643,0.23705201693486866,0.13627906220478092,-2.2407790656077413,0.9782717171182009,2.7147270092180236,0.2541829340124272,152.33,5,0,0
2.837327217376725,1.19519587962098,-1.6155039791747996,-4.718078828836821,-1.4776318096672734,-1.8757263927060437,-0.7053310613052657,-0.006715517182017683,1.3940095735960176,-0.2407361437066815,931.99,19,0,0
-1.7764913911356923,1.2148695126298898,-0.6664541387777705,-4.952987665574473,-1.38785737780086,-2.4254859108654383,-0.7893662170000582,1.8834834826271338,1.2978441255822932,0.5837695512411175,9.24,19,0,0
-0.08096959541198277,0.4616693369117487,-0.9426109505340239,-0.3227948486638376,-0.4633402708356871,2.3154726516207824,-3.7650876704135503,0.5607746753813823,1.9360210410360565,2.0378499527622815,50.35,8,0,0
1.3071026565807535,2.3500279626769385,0.39528484528990915,0.17250097079109195,-1.586230258558679,0.8558145877031633,-2.2173676588430005,0.10208517450960297,0.5128191959392084,-0.7074640144562736,201.76,2,0,0
-1.3939462747322329,1.3754293153590433,0.10748229549492128,-1.5064268823304834,-1.1706920280748097,-0.04291836200393284,-2.161321288937189,-0.049036652893205135,1.6164952103836696,0.5757513501592985,13.55,2,1,0
0.7077282227683153,-0.26859319221245137,-1.8944013899144339,-2.150612838408481,1.0053367775190076,2.6898317408739203,-4.784027592567914,4.4315257463485125,2.9378597551511563,1.573157329135784,110.8,8,0,0
-0.29855730491308874,2.05650228432999,-0.007192053041309432,1.5788220764030352,-0.15082213261812316,0.5068095861844277,0.707568800732531,-2.5392918247014906,-0.3168414704753495,0.5063439043936955,40.51,18,0,0
-0.7432499034308032,0.2954738552683115,-1.8883756186913145,-5.069500131222506,-1.2168421041090998,-1.4177352232916314,-1.428993315085848,1.92170160082134,1.36551783205778,-0.5399050830065196,25.97,3,1,0
0.9340482525101858,1.8155167069752918,0.6308500954561984,1.9738777470291053,0.7492945863240481,0.38616136172258286,0.8308501994422453,-3.4081432852603735,0.7076182057484786,0.5400591472958148,138.94,7,1,0
0.05395374916987843,0.4827568932638657,-2.3264684721995934,-6.848603502884589,-0.2276313646724224,-1.9864789584525706,-1.6475868231270143,2.6451114514869096,2.911335685939992,-1.0791534858963039,57.62,14,0,0
0.5918255053222402,3.175211384742153,-1.0208246154911786,-1.141941256828141,-1.2220789420314355,0.7219636725942751,-2.0439507568070274,-1.9101011490774817,1.7433725088342016,-0.08851696930668583,98.67,3,0,0
-0.7587827618393452,-0.1421032519071055,-2.318392449063275,-4.870982444164104,-1.694675334979777,-0.7616771560000865,-1.9291936702504418,3.3287067375909736,0.43482415607627023,-1.715040836450864,25.56,12,0,0
-0.19343601908860059,1.2211611539052054,-2.0029809589869223,-1.2720403202884665,1.9882712256841033,0.29700055830026983,0.6555924149879223,-1.0635014644530714,1.6497713734096904,0.026150502103183967,45.0,6,0,0
1.6733005262904979,0.21761536434739892,-1.305509875278666,-7.716706895642676,-2.861041395120792,-4.402936128999873,0.0012967067698072615,2.882324092589106,0.29854368843302026,0.2075715516826612,290.99,23,0,0
1.35119824086163,-1.6171420971317534,-4.82780989413353,-5.322190979127993,4.609886615691017,0.5714649605724977,-0.4580013166336463,3.0869539777752757,3.8646757140883343,0.1227452569451408,210.86,13,0,0
-1.9616802839328082,1.2898283743339072,0.07973245947975927,3.318081553280704,0.31632451141673523,2.974333150789556,-1.416551075024105,1.3137369160052013,-0.9524354883935351,-0.9823104946300668,7.68,2,0,0
0.97851809505888,2.867649348039999,-1.1164878184014229,-2.034813768818902,-1.441205662871675,-0.0760491716086309,-1.3780543849961124,-0.1787125677559238,0.828554098462541,-1.3782259888528587,145.26,15,0,0
0.7775697659776551,1.2844702837642334,-0.7854408243463558,-0.21864358544727047,-0.46522515399283515,1.5610193449534517,-2.2564163611591503,1.4136961964429824,0.5991261809777731,0.5396031000013563,118.82,2,0,0
0.7343676381750811,1.5907901541536802,0.34248574414602695,1.2792191113920361,-0.9332414476508524,3.3946598031734343,-5.361081567547928,1.1327628241070453,2.1871525207227562,0.5702557232766778,113.79,7,0,0
-1.1150524139638078,0.2880584479179953,-2.844769548701873,-4.4611989722736025,0.48088476845805395,0.32046676084326453,-2.344405466537718,2.603017063316641,2.4468733181822033,-0.013310004161678256,17.9,18,0,0
-0.2922212032358836,1.5927048270269624,0.3682167376145793,-6.544318316884241,-4.080954828911793,-5.327399323426796,0.9178136374043844,2.3472830666851054,-1.0197034225282182,-0.5376919105959944,40.76,13,0,0
-0.4504685146979181,1.302836132057146,-0.4822873672440945,0.4118125164799803,1.7289807206158168,0.7941286560366337,-0.0012249027165400557,-0.6558264596852164,1.4149017150657308,1.3182860440556372,34.8,21,0,0
1.1608037286419923,1.00243633495584,-2.7308015649902244,-2.91316424121773,0.3787174144161518,0.5097013016919834,-1.2095257098561738,0.3599891924723997,1.6804915889560652,-0.7287117797989323,174.3,4,0,0
0.04180748439127005,0.8169850950811253,-1.6744212564741807,-0.5610400145128245,2.754071689889831,1.6498579727324438,-0.6001888574855636,4.371808735608675,0.7274804801421815,-1.174343990902577,56.93,14,0,0
1.0130372378511037,0.9866186211343606,-1.0922417293290254,-7.34398113565942,-2.8028707281148275,-4.70099547974712,0.6442472401466482,1.34120130833452,0.4500427862451909,-0.08605325705631564,150.36,15,0,0
-1.2824067538962296,0.08787982554436935,-2.447513607223209,-2.1498910281970978,2.379975836642786,2.3039430284339524,-3.3088353076504564,1.915984487969138,3.844028332350274,0.5743861062131027,15.14,20,0,0
-0.7199990195051834,0.34089988862332776,-2.101115869774361,-8.30776704311869,-1.7658289264452303,-3.791702956847475,-0.5152982567179489,4.133975254275592,1.1158781061979306,0.704859912803008,26.58,17,0,0
-0.8387591093309068,2.0261372052758633,-0.17198777975752666,-2.9244966565664026,-2.948129466472104,-1.8223513212473175,-0.7074964418912554,-0.46025273766546393,-0.0054039501400033885,-1.2731761310975764,23.6,0,1,0
-0.8986098728482989,-0.001694042206644708,-2.3942011173183966,-6.324708343738004,-0.7494779079057873,-2.0735345885021186,-0.8428473517861753,3.3949481468775415,1.2266418543468252,-0.8332519852401794,22.23,18,1,0
-1.5671368646008617,2.3710577906608448,0.48235269742051345,-3.7816417033766396,-3.488547048333963,-2.8111537940708233,-0.6171599556934219,0.7802447785490945,-0.2341681077113651,-0.3282703300774291,11.39,21,0,0
-0.06503568918579716,1.453628129123166,-0.6654184479978206,-1.0672382879185691,-2.3776842784462215,-0.46114767091266284,-0.3644664425402411,-0.776624905246406,-0.9511999950848413,1.005655764088575,51.16,9,0,0
0.8864413263595117,-0.957304481278312,-0.22140441386910314,0.3097451632080825,-0.4532422101031175,1.737955898946892,-2.8941007888083923,-0.5174637830994407,1.5426299712016736,-1.7621983986821268,132.48,10,0,1
0.12979724275535864,1.6465986331008058,-2.2096954706480374,-3.5548429591533734,-1.2924027312565083,-0.6212607036826384,-0.9152890835114025,0.0730378209192577,0.8160874080699035,0.7836448137764408,62.17,1,0,0
-0.45236783038495,1.7517131157767363,-1.10510690515365,-3.262227420910993,-1.0488571266614173,-0.5418770003417611,-1.8794858809305404,0.2727503587207879,1.9258561089671502,-0.8632223286677341,34.73,22,0,0
-1.7950218431436615,-1.9606090066496902,-2.2972628482625757,-1.4430002745342456,2.1460688875796157,-0.18603210097261624,1.4893599221208242,-2.309098091493003,1.3418316261097865,1.5877457730841673,9.07,22,0,1
0.839597813573786,0.6340492307554733,-0.23080662456995293,-0.5191151885959427,0.485411898321119,1.7661063036333005,-3.461934097727466,0.9200990759554601,2.788914669071125,-0.04522577083472077,126.42,16,1,0
0.5442524909918165,-0.4208587500846481,-2.478088786237075,-0.5744263212403354,3.270783540406584,0.6963992030538243,1.8646432328627927,1.3161908272131846,0.1662212162060177,-1.1444264904738737,94.09,21,1,0
0.7977105742080657,0.12218419710846873,-2.250228322682032,-1.6728717288527217,1.7810511622541605,1.4244940794650194,-1.476329269809894,1.6656103538466134,1.939269840112397,1.1625131601769347,121.23,21,0,0
0.5724985033082227,-0.3273787703181217,-3.423170262723449,-7.5043273706476965,0.1209241986053129,-1.9617587072945963,-1.1247094108970808,3.0339188969125783,2.5204885459600437,1.1296056046101446,96.79,14,0,0
-0.31079539182903293,1.364989469238028,0.3468740159989103,-1.4761966733525085,-2.572962584411666,-0.9294248620166751,-1.0201571988714704,0.6919714697379562,-0.5960229650882156,-0.4372811564587003,40.01,22,0,0
0.7277807925596974,0.29757103012102415,-1.26782301997772,-0.2780807864558764,1.8824133690263323,0.8023625497948517,0.27539888205420343,1.3111445339367662,0.5360640652300261,0.5608176699788506,113.04,0,0,0
-1.0691863490656508,1.5687757609719022,-0.342858660287205,0.36342981150659237,0.3969313799565998,1.9463106025953323,-2.5596621408807385,1.200198444500051,1.5046723669593178,1.0058606023565524,18.74,5,0,0
-0.6617890218932432,0.4622126640228308,-3.3482444733062735,-3.944459890216839,0.42025184193351284,0.40101882114993326,-1.2658354723804197,2.9168711536723606,1.0189435873892965,0.10060315746909437,28.17,8,0,0
-0.5063452576634043,1.6372356878328294,-0.38402701554327945,-2.7268285122000533,-0.21566391050838496,0.22825874847969385,-3.1917566350378066,1.1077510746570036,3.2144865142534247,1.0477273456171043,32.91,5,1,0
-0.22273790489057826,0.9974186766409927,-2.296823522226557,-4.021924529466533,-2.065145916900901,-0.47825563432597684,-1.620734817809771,2.4616821478823425,-0.1113580409629693,-1.2436828463377825,43.7,14,0,0
0.3846864656334221,3.649307306981993,2.21245564484005,3.9458585581906194,1.7789011062268556,0.4111849348147526,2.219130669707292,0.8423409309849933,-1.4031806797578363,1.7566184713239703,80.21,0,1,0
0.06610999131460181,1.3111329267192018,-0.32623623229900045,-5.357904232664186,-2.502772709285769,-3.548423917447976,0.11604041556609045,1.5513413919208316,0.21911058495898017,-1.9090877663487815,58.33,18,0,0
1.4019140289443486,1.0933661005785122,-1.510190983962778,0.19597532675163795,0.7198901483488658,0.5738961623037324,1.0954556820656176,-0.18969127893865778,-0.7201550404690782,0.06329024997232201,221.83,22,0,0
1.093957316693488,1.2382662157788857,-0.9914630434047362,1.1032144514278421,1.7500233397583542,1.123329224575603,1.0517486780877463,1.5102062034420904,-0.7861253511044275,0.40323574594932665,163.03,5,1,0
-0.7357791319811108,1.7739641518261011,-1.8786191366953031,-3.204165800841299,-1.4495037482391724,0.06374926901759248,-2.1509170300835403,0.5753826197951261,1.3200431255002376,-0.0968530963726254,26.16,21,0,0
-1.6498724264626576,1.3819762021670887,-1.4274536668216642,-4.935470428085469,-2.3221892473216057,-2.498696216708457,-0.10506845058344212,1.0827137570023104,0.038280601278854576,-1.164282023477781,10.49,0,0,0
0.9520866218587486,-3.094366654131213,-3.021175161085524,-3.6220885805249416,2.260830857771933,-0.952938097365174,1.249603763383797,-1.1163318575593963,1.961298351092008,0.1245508997152563,141.47,10,0,1
0.6204796421989293,-0.2714915818666792,-3.3523896232689987,-4.609443145567318,1.3005777857739937,1.4898003628303027,-3.741697976246915,4.479302505896031,3.2159354546727323,-0.256401874948337,101.54,10,0,0
0.2973269425872128,-1.3028055678331814,-4.378947937974111,-7.898085125312212,1.2815957333067025,-0.8089606360894521,-2.159040870148808,5.232210698256223,3.1036753858080797,2.379586276742252,73.5,3,0,0
-1.0724988734918306,0.23719732257652737,-2.8699142390136605,-2.0867691465881424,4.763830507411959,0.35149549360481536,1.6749803847903482,2.2533814347001373,1.9443418379765,-0.3688839912836312,18.68,8,0,0
0.36387187195968773,1.6609078501317855,0.11830310260525789,-3.570686145157552,-1.3102626216914708,-2.2454671782279254,-0.4561248944342614,0.596857540911893,1.2165896891331798,-0.6399765191360014,78.56,4,0,0
-1.74665035806984,2.624819339400166,-0.4460187474461772,-2.1034183182014408,-2.4278522542409884,-0.8216600575615255,-1.0852602511693241,-0.08277974724678061,0.03764067828728024,-0.06004973805056935,9.52,14,1,0
-1.2381389981922293,-1.6822685696175614,-4.914282315196207,-7.3189398821810565,0.22353509134235883,2.885918914168805,-8.098054679568964,5.899848561119382,5.630509761451422,-0.8775276637224405,15.83,17,0,0
-0.314178291442498,1.3729071697992645,-0.7423634498111533,-4.479172644334728,-0.7038138870961936,-2.0158414971156624,-0.9655109686696828,-0.36040324870438756,2.6076126059373927,0.11143988656753691,39.88,16,0,0
0.9882948919957424,0.46664873440757104,-1.6638559499812149,0.6900295380452526,0.75560475604456,2.2871406897691084,-1.153368397140772,1.9188148517246544,-0.3166960088673303,-0.8030282842523537,146.69,12,0,0
1.260905853605012,1.6949412247200688,0.08713230709555453,-9.71364823647752,-3.6934193427928124,-7.084351486314352,0.8545524537138476,2.563875230373845,0.9502274660013319,-0.13652969236004556,192.66,1,0,0
-0.010533800081065199,1.103107144069457,-2.4499402660358447,-3.86732374609414,-1.0778919069431925,-0.7255099202207982,-0.6341710732901541,1.3581375175341606,0.30956818167499356,-1.5732774848662487,54.03,1,0,0
-2.3674176740793715,-0.6970523734640353,-3.138482450304028,-3.234207360950885,0.6297389536763567,1.8069591797648121,-3.1333627534048745,4.332018578575002,1.5427076804478186,-1.1931616096826618,5.12,3,1,0
0.8888574326463471,2.0094083423235922,-0.05369237461417797,-3.006894283514076,-2.0303223372060772,-2.174008941425092,0.06400783227012322,0.2570309406908434,0.019908097473115394,1.3464774654790184,132.8,22,0,0
-2.27965821863962,3.143124132043341,1.1341348192078742,-3.8609087239503532,-2.8817429790726976,-4.063508069131725,0.8734418742774194,-1.3453642350696249,0.435073275628277,-0.7150605935054213,5.59,0,0,0
-0.9836051507370686,0.395857224410585,-1.4824167006313014,-3.3182797804371704,-0.7761041468682941,-0.8052920265768064,-0.7448418418035285,2.3751298542438564,0.25070348317475055,0.2130655137282004,20.42,4,0,0
-1.1770142368666292,1.3481722936917144,-2.383328559857863,-2.00435649456124,2.330325232399939,0.6384079608660631,0.2194844414971559,3.880831023057743,0.5582047410778065,-0.3035735512783792,16.83,21,0,0
-0.7300060066700967,-0.005651383478862959,-2.699311632768719,-7.09463641069301,-0.9186116622624145,-1.9261835495634783,-1.740129092611877,3.5627659203316933,1.9723974871881094,-1.5920591697347264,26.31,23,0,0
-1.0744930601968254,2.1171719869999786,0.18152100162450835,0.682441022017308,-0.10672640072799533,1.3696201622649204,-1.9089202671048906,0.22068278328966318,1.0900180505087629,0.17149413578856823,18.64,15,0,0
-0.5407327723270011,0.1487737815005341,-3.035966579939168,-2.355091689691137,1.6290297505547005,1.6150825678025065,-1.664584583293389,2.945152263194437,1.507927024150007,1.2677050814368775,31.79,17,0,0
1.64674151396817,0.8872031429255101,-2.0722347702627295,-6.078957942528865,-2.2584328654123085,-2.228058349291372,-1.1254815529592024,2.3790260780420525,0.6446716922862101,-0.44522693032023647,283.37,23,0,0
1.6618397725635137,-0.1344936576065332,-2.798975861503017,-2.436642295420181,1.4689486703116117,1.4473844026511524,-1.7391732522786527,3.2246427944667957,1.4299770724949465,0.49797356068695814,287.68,14,0,0
0.9249683551496163,1.1389737665346666,-1.910361294082788,-0.8398434542237425,0.33123550925730894,1.9825506735103418,-2.3638133850692737,0.9415971360239753,1.4135424411832263,-0.4454206223616685,137.68,4,0,0
0.17258237356986844,1.1564475355495392,-0.1939127957797191,-3.5545169673406094,-2.118377049862071,-1.8358156685724638,-1.1331522868413604,0.325420383053981,0.9459427208258855,-0.1921564334555905,64.88,16,1,0
-1.1952108078753838,1.4128580894596692,-0.11738367960067642,0.19952972509331965,0.7928283533604862,2.577438320601215,-3.8769218585905025,3.243817072680435,2.139344744633496,0.08086559838507776,16.52,16,0,0
1.0737310186852755,-0.1262549132633306,-2.8062308633782305,-1.2512721531451738,1.6953204503063795,1.474119005182546,-0.6395061104970866,0.048016955852038246,1.421543051258347,-1.6030271746082585,159.77,14,0,1
0.7050204391962125,1.843057693950811,0.004397709642766978,1.5291163876457599,0.604180541707048,1.5972954761671403,-0.6839342853040602,2.252265055473473,-0.5753224736121141,-1.4848763497596245,110.5,1,0,0
-1.0926253297416633,1.5233747999801444,-0.8991162119926608,-2.0755114538371413,1.2239044768933094,1.1708727928115479,-3.135002138599585,1.6879949887839485,3.565346496444964,-1.7869216102579064,18.31,19,0,0
-0.21585959850435474,-0.2473207720749553,-3.7768824122411546,-3.619015863866488,2.9966793355973538,0.6579509317772732,-0.2311519370943772,2.401458838501278,2.218403941917136,-0.20722299028101349,44.0,4,0,0
1.2559720027715748,1.0593409425885523,-0.9690733749734317,-0.8949442432941362,1.1052334270035655,1.4984191295405291,-2.2321482965043646,2.177984470817158,1.8826801470975028,-0.3146117223296603,191.71,4,0,0
0.559383470693411,1.678608596941944,0.3693832156167418,0.16050271617311634,-0.9546548636523424,2.019382115541368,-4.167360947455044,0.9239505993485397,2.0463816908979675,-0.3290728298386013,95.52,15,1,0
-0.9281470290007162,1.9333712509796719,-0.07262355984459434,-3.331189690573787,-2.5510123201088977,-1.6708936176241798,-1.368061555202071,0.6599963428385583,0.6179556006537252,0.12721572593827385,21.58,0,0,0
0.7685032868457238,-0.27879856419873117,-2.1845143460350336,-1.9400702279094117,-0.49813983633920245,2.1316308909752943,-3.8755105267550336,1.6482795035828754,1.890832132057159,-0.24038235540742584,117.74,14,0,0
0.5719345069893343,1.856279602196228,-1.6339175003754909,-3.090299403300691,-0.2776196598217655,0.03242636991150816,-1.9366743605927723,0.27530832443318876,2.3129934011143174,0.5235315796730038,96.73,2,1,0
0.324056298569798,2.5166440742694918,0.349203158479916,-0.6477056608581157,-1.7474525061777122,0.14476840062806007,-1.9405047579142947,-0.6708128198003946,0.9463506858387596,-0.018639507548187734,75.49,6,0,0
0.03953417673669318,1.389130174446655,-0.3403069989032228,-1.6140685985611016,-1.3652616206825783,0.35411438165302145,-2.392995831526693,1.648219367017951,0.8259608816335838,-1.4582970969807194,56.8,5,0,0
-1.196701559489439,1.504203703284337,-1.6193844104082444,-7.694924949488689,-1.4544202534765822,-4.588350186621454,0.8910114520513793,0.38192744851948246,1.8225682180091023,0.09357602595770402,16.5,18,0,0
-2.6517078227937128,0.9264019630239486,-1.3592361524180716,0.5467836400042624,1.759643399178748,1.921073152601359,-0.5458622037937749,3.1128655716601834,-0.13375711698975468,2.1889048048515054,3.85,1,0,0
0.6551431384543716,-0.3816199465164103,-3.4244776357282083,-4.137157984242249,1.9571827849349073,0.676150688824735,-1.6520408957333608,1.917714352381088,2.978744001291707,1.1238295811181738,105.12,8,0,0
-0.47202358732263167,3.58342591285718,0.4539213646300133,0.22451198535625744,-2.592508563266741,0.07537822009835993,-1.1934720364776272,-1.7976045577549187,-0.1967034977276274,-2.2407178588956516,34.05,16,0,0
1.828360136904537,2.961723012685142,0.7665178123998166,-2.3580561164262726,-3.5923368610777446,-2.293602263194037,-0.34224299397459956,-0.4587128062614272,-0.6566197801684177,0.6631691624069318,339.8,18,1,0
-0.33903894169049703,1.6138949680630663,-1.7064451113426404,-0.250948658534298,1.7022658845262122,0.2801581856231894,1.7271615381175407,0.6764838710240939,-0.46799649911977537,-0.007520195174979541,38.9,2,0,0
-0.0767337863314586,2.099703650521941,-0.6426882378925375,0.8829417772572733,1.074925056283354,1.9942308546021297,-1.1246388127104527,4.159319167289118,-0.4929868789434051,0.4273155884464202,50.57,8,0,0
0.16233827359891298,1.4996665575835615,-1.3591446306759198,-0.7077081933132096,0.9189943823356107,-0.11406462320567345,1.3434016035473009,1.0598066978765732,-0.6157677576543215,-0.47350178444086505,64.22,13,0,0
-0.0563761812587033,-1.0442784259084417,-0.61676059794962,-1.3801604804981387,-2.9099275159510576,0.9905790248138787,-3.885853986308736,-1.5212677442556186,1.3740905195141795,-0.013515466916729928,51.61,8,0,1
-1.5968664012165001,2.0931860861312006,-0.31676568351112067,0.47348835740548556,2.011505061998753,0.9055973336124163,0.10812687274436712,2.1932517581110784,0.5524922045847885,0.8594197502763781,11.06,4,1,0
0.579269994786097,2.7506447311403224,-1.8701124408475842,-3.511027791368713,0.760502460662503,-0.0324988221214233,-1.8027944263426907,-0.32827078788724506,3.5589441036084013,-2.0624082039670824,97.44,18,0,0
1.5600915762472802,2.3841621684855854,0.4519925208508624,1.4534853917935993,-1.2788138619846978,1.5192592963380782,-2.0755728505589786,-1.4619305679452237,0.593894781315303,0.6171856498617247,259.85,22,0,0
1.0837337922527361,0.9115570265620119,-0.7789970992928682,0.7443905214625424,1.053495372683042,1.1165166880637103,-0.02697640603910944,-0.26491327438136936,0.36412274217653384,-0.26615947710874754,161.38,6,1,0
-1.2016584771763201,-0.29927976256435684,-3.215654791674808,-3.3664466594549878,0.6371588782513603,1.5888655271049223,-3.0546337551815173,1.9074024217734795,2.538087927381296,0.40782918553718794,16.42,17,0,0
0.10659799988958972,3.6466161154513044,-0.17413774632887558,-2.550813008410226,-1.473043559933363,-1.0300683058503342,-1.4184164345116739,-1.6134247276004976,2.15033467716694,-1.5197608026867713,60.74,12,0,0
0.45151674238902645,1.8865928344516771,-0.6543755146277731,-0.45520626990044105,-0.5692556420919204,2.1694343646515293,-3.855734685590335,1.4435766026003967,1.893627992701703,-0.0909269759411734,85.76,14,1,0
1.6939226400133596,0.3159612225067773,-1.392771070270881,-0.9716350652927379,-0.6032288001994355,3.066974346289685,-5.166138855568603,3.575947719243513,1.7959142084986957,-2.4603848950751184,297.06,16,0,0
0.18904286133479078,0.6919611341863219,-0.7863157083461854,-2.291408348030217,-1.0286593922431706,0.3829499828709424,-2.645794150231707,2.061811645486994,1.2587285735564961,0.634664628336309,65.96,6,0,0
-1.5682543276356706,1.9015179496265122,-0.9874836199368054,1.468536605460036,0.3307230721658143,1.4875218753856756,0.44262844618862063,1.6477903338664146,-1.735144256235275,-1.6689036312054584,11.38,2,0,0
-0.24863020788754314,3.6878219580421208,1.215455195268776,2.409122108426279,1.2087449198232252,-0.2700496865016977,2.359558441413177,-1.4605779392443219,-0.6009559338275248,0.22997881864438854,42.58,19,0,0
1.0006047747954807,2.1096496248208947,-0.4284827764008948,-6.522258234981133,-2.035180326400676,-4.217212549625833,0.04538246001651871,-0.18039248597994995,2.045041487122071,0.6100755765781969,148.5,3,0,0
-1.2048595604979806,1.3892627261041917,-1.5714915515875598,-4.482682338852645,-1.3603583323449635,-1.488054943708271,-1.0375437574993924,1.1095236320724482,1.1917437833431614,0.81737285762118,16.36,12,0,0
-0.8322035863468522,2.1911914332508746,-0.006460148683220979,0.8563565407716229,0.07430098816979624,1.8484445300303138,-2.482276857136773,-1.0237225846819562,1.980842286091115,0.4818111583707887,23.76,12,0,0
-1.5620100945280255,0.8902009905968468,-1.8138375685433124,-4.08406866910689,-0.9850681401017629,-0.706624136094929,-1.5456470106215439,2.2137143804027293,1.0607395060032845,-0.46936955535445374,11.45,4,0,0
-2.1296639215334277,-0.17084077827268174,-2.0365241664612888,-5.107485658845283,-1.371571830135465,-1.4169663482562274,-1.0842236688714773,4.375848298038246,-0.07121126006750522,-0.7759146572395782,6.49,14,0,0
0.275642418333971,-0.3551885536481918,-2.0800810710510005,0.08524133423766586,0.13481764664078977,2.2259060898714544,-1.480945110302649,2.088204576875652,-0.5788256721326654,0.7997864085285896,71.93,1,1,0
0.8945226439548185,-0.16176721716777331,-3.0193538365674097,-4.937705650558244,1.623438407970634,0.861125718060199,-3.364636733617778,3.341967658294699,3.9992696985409513,-1.1850123377325505,133.56,23,0,0
0.6438242703224217,1.840891593311321,-0.7202878185806341,-5.811078318633144,-3.318912368183362,-3.7602588535210604,0.14098071028954792,0.9663838212538313,-0.10363674051654193,-0.13407749210365283,103.94,3,0,0
0.16747230231300952,1.4491323413686514,-1.5104084299182508,-1.0858920374084264,2.1509003771888864,0.9602875948687519,-0.5965140199641705,1.4747355782372986,1.793769874659673,-0.04899278801725516,64.55,18,0,0
-0.4676607072838856,3.7030185246865237,1.1910255943761532,1.886105621861545,2.0269183170545126,-0.1334783095598573,1.974577773055148,0.7502061802184559,-0.22855814483321102,0.10770166866458365,34.2,9,0,0
-0.45119288435759974,2.724834473076779,0.06936847754370601,-1.969627380797139,-3.533890927075646,-1.8558338463582784,0.203748943006518,0.39864990659346156,-1.8647764004769771,-0.5921778432421403,34.77,1,0,0
-0.7302861095317096,0.2614423540665458,-2.8280729384114194,-2.0670168110976475,4.0025314985419405,-1.5670202116214706,4.732255623831174,-0.8236581978395432,0.34102220001384365,-1.6101927622719474,26.3,10,0,0
-0.43682764459225715,0.4069516700051514,-1.357896620987228,-5.5267191826829585,0.23473159613669026,-1.9418017710779918,-1.242831865107695,1.43960278603139,3.126807580128875,-1.7890018550625717,35.27,11,0,0
-0.3100904980924953,0.9324636205360468,-2.434646303694014,-4.089274324172319,0.4908435217700353,0.47454470451827135,-2.6937281437455205,2.031279634907049,2.9528100341480426,0.14724423866575911,40.04,9,0,0
0.2507446470941384,2.3746972523669445,1.4886413559908724,1.2472122002806834,-1.0094536980686215,1.6911715457496872,-3.3892467142254428,1.8055951311599439,1.0004426335453867,0.5940803256327752,70.16,14,0,0
0.0044788891807801216,1.6999041931035945,-1.288586825712605,-0.9384555557690716,1.38137806935587,1.8356097691154127,-2.7412373317336427,-0.25953769757152956,3.4065599891475307,1.4575233135642014,54.84,22,0,0
-0.9942440239777024,1.3199035759159456,-1.7870462605032913,-5.935031821608801,0.25183475389104415,-1.676422145294413,-1.7181177750835002,1.423200803379863,3.635588214990083,-0.643160132652801,20.2,1,0,0
-1.2138430169102181,3.1579326111953043,0.7758122245324615,-0.807064062636604,1.2326932797559775,-0.6786243001327243,0.026559588427666373,1.3057638661268347,1.5794807398087793,0.036206402398609894,16.22,1,0,0
0.2705722917638169,3.5295267259673873,2.588968425926093,-0.9488694972788058,-5.228695063697974,-2.8259058560228247,-0.2533258269198922,-1.470345084729739,-1.6946816588589464,-0.0493058667585299,71.56,18,0,0
1.3904527317355648,0.31716944411074977,-0.33934485841270623,-4.713345943466308,-1.8527388093492188,-2.3174350868957,-1.2852616568199415,1.4856868602589184,1.329700548835332,-1.06817610941449,219.3,5,0,0
-0.496735316178096,3.7252833867757493,1.864870493412545,0.5136922808315821,1.019517485121793,-0.8751633932581899,0.5500297585442169,-0.20056807260274945,1.3746194535032175,-0.36812936109847866,33.22,4,0,0
-0.9953220145095444,2.6526592061847047,-0.5379629382681604,0.32939081937021647,1.5265752379844197,-0.23258543636086615,1.9756845453515854,-0.05040390549217122,-0.25703532385321415,0.8955739991534769,20.18,7,0,0
-0.8479769332989034,0.47549660636847646,-2.6337843389856435,-6.244838728964941,-0.801746553592053,-1.2596257992495752,-2.0138624805207055,3.4157257263719174,1.9198656748865295,-0.32225981453002916,23.38,17,0,0
-0.4519439557928598,0.30665932650026473,-1.79704066493544,-1.1249511392066567,1.071839282996448,2.0458049013716746,-2.7963954526919697,0.8338105645574272,2.513612844125359,0.024676766866863528,34.75,15,0,0
-0.491663795380447,0.9593249751621097,-2.9894476072484752,-3.31987644955501,-0.1452007147282921,0.5301794646709805,-1.444005870553113,1.6793228967930407,1.0051369196539228,-0.3131802098132603,33.39,4,0,0
1.6412166549744611,0.9321880628850554,-0.9270072281287827,1.7853034888102692,-0.9143840370810243,2.8751419296214515,-2.5953491551471695,-1.2461800716626426,0.29831906108118056,1.2184047570112346,281.81,14,0,0
0.8847777339379174,1.5482729314628156,-0.5864951185188567,-4.762242056605616,-2.681217702144589,-2.4639502262315425,-1.0361801220308413,0.9196401965529399,0.7288047271412483,1.3193814386356775,132.26,9,0,0
-1.0571983974715866,1.639529488587421,-1.1492494151835562,-4.127087961833009,0.6881904233718421,1.2541987725946013,-5.474458564796353,3.2380868516630867,5.246532408511597,1.0917920544236073,18.97,16,0,0
-2.134941138796446,-1.0662910652511737,-2.107500464345489,-4.732282848493489,0.13702346465697723,-0.3796432192927526,-2.2376123472303906,3.4258241193651626,2.0723477519328966,-0.798413318576568,6.46,10,1,0
-0.6330257299077539,3.165120951622869,0.47775654495700115,2.3307930236874936,0.16873963061971842,0.36405294346411143,1.6810930101890083,-0.7011254703175804,-1.5955976562393712,0.9189971847607313,28.99,11,0,0
0.6790195321143108,2.919956922563639,0.8074682715736443,0.16856630662851588,-0.9973716908200034,0.3513685796295156,-1.6679142017751212,-0.9217272155929803,1.245283526102158,1.4677913274657366,107.66,16,0,0
0.10045969857415621,1.8675274049651873,0.20334567202082177,0.530223764823375,0.3862348591422714,1.5349416903255386,-2.148089295282229,1.580657847180642,1.2057699993675468,0.001744650746805591,60.37,22,0,0
2.054623568355954,1.5528028519588386,-0.849053209462266,-2.498157957432707,-1.3927576615065371,-0.40810553016399553,-1.6206072165991123,0.0859996344422187,1.1781404639867576,0.9762247956816856,426.08,8,0,0
1.199925156753686,0.17434752134283493,-2.323624067405301,-6.413290893800246,0.010968320484393779,-2.123536245024094,-0.7698095808461892,2.9417877404287047,2.0890580284221407,0.4487810071877615,181.26,0,0,0
0.36132635700607507,0.8420178256077726,-1.9879870988075607,-4.259477619233351,-0.7346046793978391,-0.5246102724553933,-1.9023880733461627,1.653116050489023,1.7735467839258403,-0.473964259446008,78.36,11,1,0
0.1310580322947334,2.0785346013757184,-0.7592173101112323,-0.0871854497469431,1.9163000237713574,0.19149784514705726,1.2435827039705412,2.0332820949470363,-0.14298608203675345,0.3846748835371955,62.24,5,0,0
-0.19206460781377294,2.5415744314318256,0.015613323371702847,-0.08450549835305572,1.6410104368626235,0.38897419728328375,-0.09203700171333569,1.8963198751443577,0.996588960149268,-0.9546092740591371,45.06,22,0,0
0.9381419713141596,-0.005963370519453726,-4.0681676053344,-6.008277287001818,1.8379029754739409,-0.6568507236616987,-0.8961109937024726,0.050272003403994514,3.9101926694538562,0.5131897435340392,139.51,22,0,0
2.2016438527011037,0.41469328983648623,-0.5598199986752621,-2.9090783959559117,-2.0187525803658226,-0.7532368505843366,-1.6706143723235607,3.0495529777605688,-0.2522884006498025,0.782765006348222,493.56,15,0,0
0.9966649868727666,1.2519317163597945,-0.8529068143626797,-4.748153122370261,-1.768797863542122,-2.1820851779220094,-0.9426539047902974,1.4633194468799366,1.0672296256814782,-0.41912295261424176,147.92,6,0,0
-0.43293245824893073,1.7834901575281976,1.7060436235307208,-5.717738424180639,-4.409314334406,-6.366905717818206,1.9811940158974035,-0.28746018419503105,-0.9181723867969669,0.30570522981382076,35.41,6,1,0
-0.4227005332862427,1.676541584502849,0.04507420791373695,0.5130371031703228,1.3412571592066178,-0.3223089317391039,1.4948194248909537,-1.0998062385473013,0.3852036283454576,-0.5219363623837188,35.78,3,0,0
-0.8944826501368686,-2.8098098842997183,-2.0524021778036095,-2.5616613374649715,1.9655771239498727,0.5446179511204925,-1.3765818567904284,-0.1580264915349321,3.039191807803225,0.7250334785889089,22.32,3,1,1
0.2898855217971604,1.3136487958197527,-2.2452422351957892,-3.132327150557725,-0.3127674071214429,0.3598600113211978,-1.8968643664393818,0.6471929281813906,1.8297753713082945,0.8415977455241135,72.96,4,1,0
0.45047605517846295,0.004453795846928177,-0.8860298823951719,-8.14980621097319,-2.407561121840532,-4.488423762666694,-0.5851869034314147,4.096549728169054,1.0114118044394922,0.7155756834134595,85.67,3,0,0
-2.185197639348877,2.7699280143966796,2.2244269472294853,3.7687618236099025,0.24121303283651774,0.9256953864132952,0.37239702379924333,-0.6969993834864683,-0.7404592372304588,-0.4997978143516653,6.14,11,0,0
-2.120748950502706,0.25254623691226774,-0.7940445104765435,-3.6936944598985706,-2.3130118514856086,-1.5915636090931784,-0.8547751479378703,3.032655831003615,-0.746316097446017,-0.8290918259819604,6.55,0,0,0
1.329347202955988,1.7050620060254433,0.31037012499529104,2.7037493960010788,2.2839173014508045,0.7595355522656282,2.097574113734818,-0.8494285161041366,-0.48095671076712776,-0.6463737238717695,206.3,23,0,0
-1.0515935896204056,0.49361117974068924,-3.2882529525394393,-6.743729098984893,-0.4292646049577753,-1.5227840127488448,-1.2539205369628783,3.5321406110825393,1.6595380149011063,1.2847406671165944,19.08,1,1,0
0.3280567123073665,-0.03130611755599566,-1.2544373007262066,-7.859258754174869,-2.889797845822469,-4.412585462572869,-0.1761308504050596,3.3455762889878367,0.2942757328460317,1.6498254228501608,75.8,21,0,0
1.7257788149988298,3.881141773645564,1.7938763295237556,5.417189627614697,0.9395081972305622,0.8418820165182008,3.392480264170729,0.3755947682460672,-3.7420501226227936,-0.7439858989408391,306.67,11,0,0
-0.3895673800327396,0.2137577045544372,-1.3764743757806448,0.2193073513017559,1.157033984898945,2.154992116434134,-1.8243994107095745,0.8537904253532331,1.2821803547133575,-0.3671606084396969,36.98,6,0,0
-0.3858958922612752,0.5377954538189824,-0.8615725373040672,-4.223510988120343,-0.2717666740901007,-1.3549302160606984,-1.3620941908102888,2.424777052402709,1.873982400880933,0.48978325618186647,37.12,1,0,0
-0.7581507798984422,1.225648005736787,-1.1712932639969071,-0.04556735975868514,2.327011430404875,1.7204140337662621,-0.9624547419258705,2.8495061531485124,1.186444514725402,-1.100320180582983,25.58,18,0,0
0.3320062330237762,1.625291638019763,-2.2746669474166197,-4.973030059983294,-0.30121341294592163,-1.293857163140073,-0.9217968077075045,0.8735763445779218,2.1075366482256266,-0.37915913681111524,76.1,5,0,0
0.2437225909160689,-0.20195293122409397,-2.8542053137685253,-5.4277551489005775,0.8211414706646354,0.17245050742166135,-2.927099360349862,4.559220968934881,2.86725003958675,-0.15453600029193063,69.67,2,0,0
-0.24257058213407415,0.6751704879510451,-2.0066428707241304,-1.806710345598395,0.6064076881931149,1.502707409035741,-2.4401138104248488,1.1075905901049856,2.0944444791964463,-0.45691207050643096,42.84,21,0,0
-0.9514152690007109,0.7684213992590452,-1.1536310356210324,-0.1598068983340051,0.7059930884009609,1.4259699237567298,-1.6079109329912298,-2.149417359943585,2.2996341183235387,0.6322175848883836,21.09,13,0,0
-0.45859704855262506,1.2797588260797061,-1.0053811508300616,1.0474556790191527,2.0690630355632056,2.021523149560071,-0.304205783103071,4.2272596334820705,-0.5942023098881071,1.5994682110498748,34.52,22,0,0
-1.0252888492440726,2.6792313601017117,-0.32896492110785036,-5.146527412034944,-3.5046999549365285,-3.7325934869134674,0.31389720061808724,-0.0260308522123589,-0.12346698091712005,-1.4152914587805523,19.58,19,0,0
0.6948174180889882,1.050955411342051,-2.0568451506305565,-1.9089576509125665,0.16443030659810565,1.1752628433947205,-1.9361854775401124,1.6163437129140539,1.2339044998207425,0.1343425529109116,109.38,5,0,0
-0.2172989803871956,0.9938875387848961,-0.9997044152806988,-0.46637410517732397,-0.8294859147483471,2.6763390113248393,-4.462097421410381,2.140823903387037,1.6115246421918497,-0.06481942516668172,43.93,4,1,0
-0.15407551944775044,0.85472540345027,-0.9213419915871037,0.4491023543738529,0.8309874221882301,1.039636615536471,-0.22873191315158067,-1.0177654520235977,0.724377869176069,-0.95467564276837,46.8,5,0,0
-0.5573584764389242,0.8870482453054207,-0.2119117956646186,-3.658225128488994,-1.2266659802680504,-1.6946751172571166,-1.293206037119794,0.10285007661824186,1.9230130878630738,0.2598272598125205,31.27,12,1,0
-0.8141190076586311,2.6224028010560083,0.11969472897447897,0.3642200493259139,0.926327272431003,0.2938248571069918,0.10861545509615683,0.06556659136231269,0.7761478394331496,0.940008712081843,24.19,22,1,0
0.6771683619449651,-0.08896180839339318,-1.807094190393339,-0.9145347401850057,0.1536506277448424,2.104793003466627,-2.9852563050373715,0.19412781503206533,1.9698956281419415,0.6520445011151922,107.47,5,0,0
0.0049072915153278015,0.6123722435207136,-0.8588094063435534,-6.7809275600747725,-1.6039513995480832,-3.38579637062701,-1.0491626244016765,1.9172969189101652,2.183556568584158,-0.2706655554492064,54.87,22,0,0
0.1581806874118838,1.0494089425273123,-0.6449663999790227,0.2305817186979606,1.0623159849191735,2.4957743099170564,-2.8811408378980286,4.425575339229475,0.9147334314088282,0.5702077851666022,63.96,8,0,0
1.6052790032066042,1.3563017741615566,0.3968579384511304,0.3763868711949322,1.618836053751231,1.1465891387681686,-1.7705392596214191,-0.8332408099529147,3.043825934193504,0.8663918784166161,271.86,15,0,0
-0.7088910583741902,1.4042124611823312,-1.22914596777073,0.22277431770356182,0.5729585585007277,1.5295337591635874,-0.9702875106527801,0.42099643615471627,0.5256816903661891,-0.3537979294727963,26.87,19,0,0
-1.4605991997796497,1.308188388938658,-1.1340969219530401,-6.843922243058755,-2.872448304198983,-3.8512691506522376,-0.31504999937203676,1.4011417330096267,0.7887903489032355,1.5171115116017675,12.67,15,1,0
0.7582953518709735,2.080294845211749,-1.0568345526613545,0.9639501268107508,2.9940296034938347,-0.341907462055008,4.035663153385932,0.7711291679273617,-1.4535139938222954,0.4442767430141278,116.55,8,0,0
-0.05559148659004641,1.5466630327881374,-0.019686734287667873,-4.975244192064122,-2.3647732407993383,-3.412973709590843,-0.16561811330802317,-0.06691604374707572,1.1113309082395635,0.16495152243687364,51.65,9,0,0
-0.8162514003667733,0.46218489392019224,-0.8631871371975615,-1.0147240450814672,2.1508507948985223,0.8837289781804865,-1.055906427244485,2.2097228321643385,1.955950682665816,-0.4593324214239336,24.14,8,1,0
-1.4736843763044924,-0.4528943078876495,-2.779410573434722,-4.165292407007086,0.6187522259535108,0.7225551735130564,-2.6940379693390692,3.6183936777546757,2.1966294789852627,-2.258726732143729,12.51,5,0,0
0.08427455104549332,0.5418354594668646,-1.2184582471354304,-0.10824542154502485,1.1214566797101364,1.5358207983834322,-1.1824334935749645,1.2273829243307568,0.9244625533997486,0.8914226284804665,59.4,0,1,0
-0.26664132875864394,1.8837008565041313,-0.5640045465627562,-3.631445092319369,-1.9038078450358626,-1.7280342132734687,-1.008981024598017,-0.4288145401512913,1.3020298979651845,0.23002807560868171,41.82,2,0,0
-0.01980350400692223,1.0538338213633653,-1.5924663246412152,-1.3593197548600717,2.1046266169691115,-0.3121294989703536,1.3481901262322609,-0.3321506536523138,1.158996083706249,0.0865707134124743,53.53,17,1,0
-1.3320600600296069,3.451092857602773,2.052191473957004,0.5571001213786454,0.8187059205399381,0.4679734504244645,-2.0143175407500844,1.6821927648270751,2.3226765314944773,-0.151566761206038,14.41,5,0,0
-0.11292944457920148,0.6745387902898291,-2.4992733831436174,-1.4405986894211062,2.412985942280332,0.913262844344563,0.33005667567493924,2.2695532853974285,0.7566065533755504,0.24734857469872804,48.77,20,1,0
-0.31468144322545355,0.8451536020381629,-1.1283282439232112,-6.5979159770113665,-2.392254988836431,-4.115250905418373,0.5727841102306621,1.1838541927344013,0.45915639539315545,-1.7637129587140756,39.86,13,0,0
-0.05600417650195335,4.371146609821208,-0.24870249772405495,-2.6586565973427443,-1.910381206339632,-0.8432158002829999,-1.625040879170035,0.9123122739888897,1.030258666487971,-0.09731077973632786,51.62,7,0,1
0.1791945876246143,-1.6076150104013296,-1.6630278327616135,1.3499370570970841,0.35271033440079935,1.360136508894866,0.668627722799668,-2.914267981102438,-0.6201029579663211,1.0672739448073174,65.31,0,1,1
-1.3437384032360373,1.374617599790206,-2.209882010099511,-2.269978907063835,3.0520561959144237,0.26984619782750985,0.5544825043862226,3.4797473095649787,1.306219853060083,0.826661424125292,14.24,2,0,0
0.6938236915500127,-0.973116972790393,-3.0136087276922865,-2.6360255678659255,0.5976582668006009,2.5240767694357276,-4.145917220117148,2.455500431538974,2.6733993444551176,0.82763743390039,109.27,8,0,0
1.2416258963718931,1.91213575965968,-1.1626392748534393,-1.6477664323072514,2.3352343801495405,-0.8466295876182504,1.767426902622508,0.9821472929428319,0.9514917105536688,-0.731216461878609,188.98,13,0,0
-0.3595842732450566,1.146412484045474,-1.554413705172494,0.16522770873586304,1.4981026713177583,0.6380886189128155,1.2536289382831056,0.2226722180239361,-0.3389419443531605,-0.11409958659994546,38.11,13,0,0
-1.8172085155894537,1.322446935041724,-0.21166541041924192,-5.438097191622195,-2.971716527445765,-3.4638772744485786,-0.4897180252624043,0.8109115761748344,0.6466858922406404,-0.6620337033956456,8.87,19,0,0
2.578594757337354,0.4721893057090394,0.1703341876054687,0.6906948419793609,0.14925160322097653,1.888116634804875,-2.9279709765178388,-0.3763710856148148,2.1018835890874406,0.2676397628990823,719.53,22,0,1
1.7082826859477802,1.9704947969876294,-0.5799103373736012,-0.137652680714842,-0.6284392991181436,1.5521858830954425,-2.582505345682894,-0.19278919110138593,1.4393249677244775,0.666835288695001,301.35,4,0,0
0.7006193231871045,-0.4977046852708724,-1.234522544775561,-4.634700797608536,-1.5866561006891131,-1.4497122256725539,-1.3979547758040856,4.705078979731098,-0.1318717252970445,-1.0664368002845683,110.02,19,1,0
-0.308306889808868,3.018027858394812,-0.9773710736489564,-1.9181894912533906,-2.5702976410542364,-0.6163739714152,-0.7570105365547801,-0.8621218944233953,-0.2889451066907094,-0.32640964649476445,40.11,5,1,0
-0.45386842025887947,1.062733997337901,-1.862607433752851,-2.907393659306153,0.17162820766914777,0.9352627961739393,-2.8787146062989226,1.9459657176193894,2.428739835908198,-0.8576988706575664,34.68,14,0,0
-0.03933461347517414,0.9329639265032167,-3.628973259112329,-6.79682215216858,-0.9293465295589178,-1.4416523556018188,-1.2815055843491994,2.8847848631767388,1.4516765038189337,-0.6707214852601823,52.49,11,0,0
-1.0322621062277306,0.9244729484390728,-0.2964528446416339,-3.5348228367598247,-2.3473645306096516,-1.3271288416798777,-1.9559696523896466,0.9788122114029941,1.0089876564716758,-0.9622299156832618,19.45,20,0,0
1.1171064648638551,-0.4924326121360758,-4.127380309754051,-4.39516175412053,2.717863002160498,1.7815457622347979,-2.6762860750740307,5.20044493830174,2.8990988833243625,1.2191666602249167,166.85,20,0,0
-0.9538209346022672,-0.8563713560805126,-1.6864450176437038,-1.1411398421290926,0.3670948080729912,1.0785394312182013,-1.2934587765705126,1.2579210089517465,0.6135875627698921,-0.6594622876802867,21.03,9,0,1
1.8774757131135043,-1.0525959597051033,-2.8875609378719487,-0.4423266216365307,0.9028351342722876,2.5487381493088668,-1.8601388597933297,0.033500103700341066,1.056506630811637,-0.03261801528558682,356.91,21,0,0
-0.46154112158520166,2.1341826556694588,0.4984917929765351,1.4053811588734124,1.3910087958095452,0.3669761707708812,0.9480125189923039,0.33263153149137925,-0.024325938638120714,-1.0797833312237506,34.41,13,1,0
-0.6186910371907242,1.5310843681946065,-2.233254500296806,-2.136109671838251,-0.011421613179486423,1.1534211061217945,-2.1651015099572453,0.19698114786490284,1.9183433168040565,0.4091146045748841,29.41,13,0,1
1.2010546634919508,0.3192648700301157,-1.9941907758255826,-0.5384599062260766,2.288230847115674,0.7071209452378517,1.1212910625071102,1.6249561438399418,0.0002908761149846839,1.4749310215476565,181.46,13,0,0
2.0339844934404865,-1.1323961206802584,-1.1960476477762743,-6.0680609390765925,-2.2938438908120133,-2.653801960063462,-1.0706303671002466,5.13370978294355,-0.36929796906908163,-0.668273053172828,417.37,1,0,0
1.3660112999538736,0.9251477229887496,-1.6418724202775803,-0.28164586944477554,0.8441829653089281,1.6595276959944596,-1.303122370993757,0.4019939054435797,1.0701960497087915,0.5659226344892294,214.01,2,1,0
1.6380117794469837,1.5121148038047685,1.109720478346176,2.2208412097194916,2.0585306499640166,0.23663997218614097,1.5135639242918448,-0.8880608212464656,0.341313888130817,-1.2650691168145474,280.9,4,0,0
-0.6339124101512875,1.2242596984842782,-0.2832783915771194,-0.8825378539184289,-1.4733122771773706,2.7380568530694918,-6.008836991591557,2.7478623898331387,2.487243834283303,0.3900859404565541,28.96,21,0,0
-1.2871320639008956,0.7270844477117887,-1.001078531202408,-0.2525217610636887,-0.3368785250107367,3.261609141875761,-5.158757849697107,2.3639482060448085,2.2891231017345186,1.6857769449231088,15.07,21,1,0
-0.12770117307141488,2.134570467506396,-0.40830516198600775,0.7074566703398413,3.298469257108354,-0.39254085164411867,3.1695818271753544,0.8210616812452539,-0.18330292799053804,-0.11206564622854076,48.05,4,1,0
-0.14757430193761234,0.9264854706038073,-2.268671577256594,-1.992058757663332,-0.14387860229188854,1.076386364957821,-1.8231276315703124,0.5271730629013925,1.2751591360814043,-0.5889636991379571,47.11,23,0,0
0.8267985787140388,2.2565261558430256,0.8408251777310027,1.297887671422431,-2.3317495596717004,2.119736001080664,-3.9889113827227876,-0.053847230046433214,0.7557652595625044,0.48063731329132153,124.81,20,0,0
-0.8758113186241102,2.147560264744189,-0.3290941142237178,-4.325072907321109,-2.831997332868894,-2.5494300470415645,-0.6213140176093926,1.2231977472461366,0.1005264350405004,-0.07565911726668054,22.74,10,0,0
-0.4177319306227421,2.0706569987834405,0.14521310153771982,-4.960514212837543,-3.274238995460653,-3.538340174307522,-0.3444290105243386,-0.1598650937025754,0.6226847259081235,-0.9942572904067093,35.95,10,0,0
0.0924225077960938,1.3362854749400475,-1.9361288777837962,-1.2623314737615217,2.3170637547956954,1.3352667435548695,-0.8867016253133932,2.4111913088398698,1.685731468847142,-0.637622919402913,59.88,21,0,0
0.8287038270362711,2.6259677086899864,0.1495859106385029,-1.6434029453400136,-1.6492050204196185,-0.7249839019778096,-1.1503805589794966,0.10999876717286239,0.6436689867008508,1.1450825110295177,125.05,22,0,0
0.7283432489341134,-0.6889288554022082,-2.60153599320775,-4.062681522921426,-0.12033214149168558,0.8075808200909307,-3.106240397468229,3.9933503305399354,1.7133843421295047,1.510330198279998,113.11,5,1,0
0.1547774176194572,0.45308218271678047,-3.107685425566159,-4.036991608095061,0.13948717721382908,-0.017517616688505155,-0.9801808589674685,2.543215235138601,0.8752012298761558,1.2239925870251829,63.74,13,0,0
0.10215397433128601,1.9558446616395733,-0.5513770275642059,-0.8715785389052623,0.41364946858217244,1.5892723748198843,-3.1073716962321916,1.3854677232636352,2.488984810320958,-0.85928128962596,60.47,19,0,0
-0.2757870743738751,0.8204864416948194,-1.419276240372279,-1.5001504460029804,-0.181203284832548,2.0828861129430223,-4.04221362935116,1.237931664200993,2.609871063473963,-0.3603456296665968,41.44,20,1,0
-2.0806566369243336,0.9673402333845007,-2.0200845483156082,-3.4406463779672194,1.9581473627695758,0.3398054340580213,-1.8708941272297648,0.6360080747621195,3.9544828802406906,-0.08733406234084351,6.82,20,0,0
1.9873685356929616,3.059645160364986,1.506092584607839,-0.15193630044789527,-3.48470198839198,-1.0292334525790228,-0.9070124927043315,-0.7736047839732745,-0.9717516807434652,-0.9666849840185205,398.36,13,0,0
1.5986367452582697,0.7220847999768412,-2.213362428541952,-4.180051932787399,-1.0966758627084363,-0.5488296544340405,-1.547223378603253,2.1719898505577,0.8604585287103286,-0.007558401236485973,270.06,13,0,0
-0.6341577023894404,0.9208181605495963,-1.4393966317046494,-2.7056110162475973,-0.22335323863087475,0.07490714475695937,-1.7526540219216025,0.596002032380211,1.8684396933826921,-0.6746121849820431,28.96,13,0,0
-0.011063444599660044,1.5128179216888427,-0.08342961699002593,-0.10580269007527271,0.9624414946631896,0.4115064108494141,-0.5615008998445143,-0.5981579839022428,1.6244414404056955,0.23254411300403927,54.0,1,0,0
0.86823760085939,1.5329565220304777,-0.6788142349175046,-7.270977601961004,-2.9257015080515147,-4.269685643381014,-0.5371176706759095,1.6702931236178813,1.2440945225300752,0.40519796780865686,130.09,0,0,0
-0.47964441127759794,-4.758935305633326,-3.092538377864067,-5.836882282917272,1.1166541308373636,-0.7978680980479733,-1.940291038251084,-0.23030188772482352,3.9939901619066775,0.3292131352588835,33.8,21,0,1
-0.7245450699917608,1.7826540018361285,-0.7503170967465029,-0.4377300219446381,1.204406591560974,1.0151354381124438,-1.1288722416167283,0.6509671375288538,1.6827070327377252,-0.11849615466585024,26.46,20,0,0
1.3379946144305628,-0.2227649516950485,-3.308310938450086,-3.63573865636813,3.139052698285324,0.3713269818926406,-0.33771148078352553,1.2273214235573282,3.0824293276234314,-0.45044027981566453,208.09,5,0,0
-1.1455277181297883,1.8867298287215357,0.3641346745196037,2.027160209365551,-0.7647492010255714,1.9774278686428945,-1.8407963287177833,0.10128783668649599,-0.17202572724260556,1.575919369064038,17.37,8,0,0
0.37689981972638276,0.7740660246990018,-1.269773115278545,-3.353000802089773,-0.5610546623516006,-0.7732492490494992,-1.124614781990313,1.4491642269150997,1.2147341052145622,0.4046820622769903,79.59,10,1,0
-0.16577567426429893,-0.1450887926723723,-1.541394562982193,-2.494406395195154,1.3099715045232119,0.930069276985894,-2.5134084711235753,1.4664840846789993,3.0911206437369474,-0.08831177560864802,46.26,13,0,0
2.0665405382925655,1.8562124238762059,-1.381248712810519,-3.6107615068352885,-1.8473523274173218,-1.1208954438909973,-1.085432289833769,0.4575736634599933,0.7069531714770784,0.8143178243232155,431.19,12,0,0
1.370967898442071,0.6673768917257284,-2.107120958014354,-1.242271373405183,0.6192056478925156,2.0225258249906313,-2.530118963609625,1.906535013291943,1.4924580110186412,0.18420172850640235,215.07,3,0,0
1.3690343119341952,-0.20802641956261514,-2.6559106594351327,-3.6866638344344396,2.266730479176805,1.2279982768732383,-2.872850641521376,2.495991588374611,3.959354168403711,0.15058493906060638,214.66,15,0,0
0.0827404090458934,-0.2165934141184307,-2.9341869273189243,-1.3495540242053092,3.1924200085489236,0.6006504248388495,1.5545225296085754,0.8381118265080927,0.7857560828048167,-0.57683733600776,59.31,20,0,0
-0.36248666067497454,2.418884684794151,-0.3900842388540028,-3.8153539874268665,-2.0970589759046265,-1.8544827787448013,-1.1194701065131774,0.5019621036476585,1.0763564715022933,-0.6655429433984662,38.0,21,0,0
-0.882429144780367,0.6937282183041257,-0.7955548835106998,-0.8152075732020124,0.6861996258605143,0.19151593163715885,-0.2087355692312217,0.18487559302065937,0.8593167743983441,0.6374862849766202,22.59,11,0,0
-0.8747225924870654,0.6128288283470197,-3.255589781331815,-4.064652168271626,2.3253350580951695,-0.007272419442440503,-0.20274798090816365,2.9271070605966916,1.9727589575991546,0.36729220558301556,22.77,21,0,0
-0.10752439821535584,0.13758986895862368,-3.573339373938146,-2.9779798789880143,1.6827881674831955,2.0603465043677915,-2.417365132959836,4.88045904524861,1.4575027114644625,1.512243831740729,49.03,1,0,0
-0.01708955829682393,-0.13805380169655646,-2.046344996649794,-3.162663940382028,1.3183263360961297,1.0328664909743746,-2.8102845508078014,2.614108372020746,3.0287543767955887,0.6179882034192005,53.67,7,0,0
0.9780395124120267,0.08890475487684957,-2.998967091157491,-1.3859512009082258,-0.11319748609460989,2.629706620138747,-3.0767927237669754,1.7958804745491217,0.9762042601794487,0.4052068337199071,145.19,1,0,0
2.051344936908933,2.8846950564908562,1.2203061688886867,1.5538934520520569,-1.2038695098326617,0.4432284140487833,-0.6667675843944652,-0.7558326521599827,-0.3307033717917154,1.6187181279546068,424.68,5,0,0
-1.3178868360616647,1.5572863471977696,-0.37731727717627883,-3.239829209348462,-1.8803617434193938,-1.695435127170496,-0.853215075713428,-0.7816297625412099,1.1724178363431095,-0.7143884151748295,14.62,7,0,0
-0.2540915355692192,-2.654285448318923,-0.6783964401908279,-1.3732901365100874,0.14357562623478293,1.700255246265392,-4.0208284533260965,1.4205866444249382,2.6801234263891516,0.9157234264304538,42.35,17,0,1
0.4505745837645146,0.4267440336034255,0.417883834229992,1.3917321719463587,-0.8272827818269934,2.4455561265158603,-3.76906568520523,-1.0481839772126984,1.851974100463404,0.7415650928081772,85.68,8,0,0
0.4125102527995617,1.9185734424345329,-1.636819092113585,-4.577471144797201,-1.2545562772316707,-1.549411920460368,-1.006620825507198,0.29793059875938754,1.6600945569310617,0.11497517594905768,82.48,12,0,0
1.3860389523413175,2.1427244865318897,0.23952258433858775,0.14612169940986477,-1.3225512161707436,2.1148451444589633,-4.305162737622926,0.9137745319862461,1.8415873366923172,0.17113043891105612,218.34,12,0,0
-1.1434627470941383,1.7990102052217551,0.5463577804383628,-3.3199720161827178,-0.7411288870211956,-2.072091333113399,-0.9886460952933658,-0.9858411532034614,2.7509826063359015,0.2327825239137701,17.4,22,0,0
-1.398874966817498,-0.8058288537226079,-4.247765375974803,-5.807583622769135,1.5474751304953431,2.3796268875967637,-5.693491678500754,5.565557986920668,4.653472892786255,-2.847866715528604,13.48,13,1,0
2.529526930406432,1.6291516183843604,-0.9462879708229273,-1.409354698158975,2.4042005065118377,1.4628642272296282,-2.2320027537957565,3.929974760432085,2.633888366067165,0.9530791057482032,685.07,6,0,0
0.3448786569692109,0.7532841444999321,-2.2510542354277794,-1.305622659782529,1.0968718471447552,1.9283486706074269,-2.110637629952885,2.0467422629510486,1.5230030165606419,0.9962563153184913,77.08,3,0,0
0.7645737443866675,0.3460689301711697,-2.3568192118561653,1.7781665914540972,2.383702112880448,0.840956783945459,3.843814822825944,-0.8855222127810245,-2.327837989058926,0.9639091265724957,117.28,7,0,0
-0.13567085247436544,1.0819937305580916,-2.071339720818129,-1.7705485056450352,1.5453283973080922,1.1894817772755544,-1.2634999773019087,2.719403183652057,1.3923079498006021,0.4074335714972614,47.67,18,0,0
-1.1664885085664638,1.2605110818111267,-1.597468369633694,0.6230969060358891,-0.5202440105839787,3.0149855343340906,-3.1464181610774173,0.8503226783359306,0.6091021288643159,-1.8542527100251418,17.01,20,0,0
0.2859461297606746,1.5299281413845267,-1.2042086972963033,-4.802298610599382,-0.8710894249249099,-2.037599493987215,-0.7142486943893223,0.6465204539822815,1.8976912503269225,-4.038452922939808,72.67,4,0,0
0.3470818885461673,-0.24797390543853148,-2.626847716803498,-2.2635845196828623,0.3665045610323576,0.9145037749405835,-1.6519621338186252,-2.2193592128085973,2.564184205474766,0.8126943291999269,77.25,9,1,0
-2.340503063776336,1.6263800143042226,-0.6367906555023672,-5.0041155066359835,-3.422963650302509,-3.475864218369172,0.43293194198428786,0.8063780506569257,-0.7798229601325839,-0.711982878781949,5.26,11,1,0
-0.9790910263339809,1.1915190854010216,-1.7742376274422826,-1.504866134040192,-1.173940380626226,0.7455656778703377,-1.4069706853123098,0.8577548905518169,-0.06876536593446314,-0.7344799623672793,20.51,14,0,0
0.7864167073603088,2.519155735764974,-0.270430564793551,-0.6084981228863128,0.7921482719439341,0.332833748014307,-0.41621952356489433,2.923442107433951,0.2858014453227924,-0.07650160381060137,119.87,19,0,0
1.8020529300808998,1.42424435957217,-1.4708859010074553,-4.518764177547698,-1.195463799179689,-2.0576896011421884,-0.0514569601413992,1.238023238214727,0.636152373386222,0.2048743607205121,330.98,10,0,0
-1.3907287182827,1.1863068836438682,-2.0620932600073854,-1.4189724082679889,-1.047585760005896,1.5363063168763669,-2.330686294641631,1.815038393565932,0.1545222238704811,0.1296454456083002,13.59,22,0,0
0.4285674905599541,1.051766590536996,-1.7601591289995981,-1.7429818923191867,1.4084320538963537,1.2656459220681244,-1.7977014828973796,2.482474880443052,1.8622239492067076,-0.2799923753394864,83.81,7,0,0
0.1914312287879292,-0.43994490328961366,-2.6675350182514617,-8.451765083643306,-1.6862143307455275,-3.380815289156746,-0.8639264274374104,3.832228554969035,1.3275900424056255,1.5765281165725482,66.12,21,0,0
0.5235230374500165,0.9847085322767074,0.10336590744205276,-4.132738305393356,-1.7561266031896627,-2.8648281197392356,-0.14015926762245753,0.2075752636688073,1.0142432149661949,0.3294165543860612,92.16,3,0,0
1.3199553077309158,-0.5276731741827501,-0.9235200761607534,-7.767017269063007,-2.9665260431168536,-4.772578175858633,0.23747839947514843,3.647822677863595,-0.15412361117874407,0.13468460369000992,204.37,1,1,0
-1.2517536466427495,1.4407979332716772,-1.438591983483942,-1.6005729791355214,2.5727702908590837,0.5307911386802808,-0.2751369053829558,2.31269864147401,1.9034933565269467,-2.802098234322607,15.62,2,0,0
0.05530954807859383,1.8397259003327235,-0.3595669041600015,1.4209867265204812,1.64800880540489,1.3032058885690094,0.40891705944437057,1.8784084213215855,-0.42081898470583856,-0.23229526386529697,57.7,15,0,0
1.2331227772209001,0.9294228836031463,-1.74596087567117,-3.8975644392551887,-1.3195311135351002,-1.0631040105311786,-0.8323561482771652,2.0231954828907313,0.26962632700262634,0.8911506270300875,187.38,20,0,0
-0.4757867713355788,0.6588200924394269,-1.604983731866996,-5.162247267860155,-1.5492485530623905,-2.562114937170129,0.15856762459480767,1.3071900777183252,0.39400494205163883,0.5464466510361671,33.93,6,0,0
0.30596806338353544,0.29958044229823,-2.922992750344473,-0.7593630932340455,1.7569926698734963,3.607692862951491,-3.743035721292168,1.6745344821346537,2.7717028550594263,1.5219088758513586,74.14,13,0,0
0.11623071274610418,1.745844302979659,-1.2032287082740463,-2.6480448978074973,-1.7048431858917534,-0.15654784458345872,-1.9288719227097628,0.3250458394868969,1.002454833968193,0.8398878057911872,61.33,2,0,0
-0.33487326330835665,1.0763950453825692,-1.2967901448346002,-0.12996806680182738,-0.44214864501709883,1.8425266852194804,-2.215763874489719,0.40118806937048834,0.7138150974453177,-0.7868490502283152,39.06,0,0,0
1.8652182590637447,-1.230693896048898,-0.45256965843048313,1.6442860083841127,-1.123198670476383,2.487938677668421,-2.7012492718791647,-1.1700758900101889,0.22677447465837208,-1.2088221258444205,352.56,23,0,0
0.0011110959637770233,0.33688017297471184,-1.3334709236211957,-1.582914818578061,-0.5437508238924216,2.676819191346044,-5.645422975904618,-0.11659748774024759,4.027470752364394,-0.5943403542936242,54.66,12,0,0
-1.253329797859064,0.32161159794378746,-3.2699518181947775,-9.429535719346065,-0.7688962721191822,-4.6230671060455455,1.1823079258747573,2.9852222682656198,1.349323911152295,-0.7123583940605412,15.59,19,0,0
0.5796686252864102,0.9463534733656565,-2.2201099802433957,-2.020792634980402,1.1526842927048742,1.4994168872703562,-2.1605833380402006,2.212034051884462,1.9753095129390443,-2.391325257653695,97.48,18,0,0
0.9934750876458612,1.7882070393736416,0.5975183081789406,0.5674244041530982,-2.1273129000782527,2.6796163595014333,-5.579676966361825,0.33685223807115194,2.1814212687543924,0.13018032501875906,147.45,4,0,0
0.48344030495860746,0.5885197836413629,-2.7313550272283504,-2.214627313051781,3.2187416189350175,0.09429392484511578,1.3115417651267476,1.2256992408520382,1.478172368200287,0.8208783121768755,88.54,6,1,0
-1.3588111476231322,0.9823328195211111,-3.0398955892031037,-4.469581574090207,0.14842829308645022,-0.057223185351460204,-1.5371535001874945,2.11764711021239,1.7752971676824365,-1.0997332625269813,14.03,19,0,0
0.7580486664661085,3.2574692996358037,-0.6521187229311147,-2.8313260092835857,-3.0065768898137826,-1.4211331653731125,-0.741438569990674,-0.131421928717131,-0.2861660542615829,-0.0034953051347554076,116.52,2,1,0
-0.9062363667239939,1.6220329430497848,3.372861246539281,-5.680925095014246,-5.743424373759454,-7.444041253800547,1.7114402630163665,-0.9400422616138278,-0.948011700032849,2.2370339521306994,22.06,11,0,0
0.6792640943502468,1.743121406843482,-1.2510444989278675,0.7493936655351697,1.6762430115253806,1.2391249486687785,0.7217643289539668,1.7423968247132264,-0.5590957627116024,0.5488280021174409,107.69,7,0,0
-0.17962838196733735,1.945047763641325,-0.43633635986190245,-5.190995467977164,-2.795676499618792,-3.740099127782784,0.5670412410739205,-0.04251675968740387,0.20621985516803354,0.4261823139157429,45.62,4,0,0
0.8600272776040752,1.3732246506861465,-1.0896442909684558,-1.9805506239038706,-1.6221045325271195,0.232162359944301,-1.8999389955184116,0.9734550707360156,0.42615748396153963,-0.04864923184085249,129.03,1,1,0
0.44012945635307194,-2.52256311426713,-2.0106555024662676,-3.162935271004448,0.23017919184802427,-0.2157872363433495,-1.2280160976423935,-0.5186196992294093,2.002407898991984,0.11050523535411677,84.79,17,0,1
2.260574524575159,-0.5525591964566818,-3.252511401918464,-2.9984617930138957,1.833087699309333,1.521286573600465,-2.0096241332628764,2.778714538067484,2.1992398457040276,-0.49088415887829606,523.52,19,0,0
-0.2700074622008277,1.8126906840051626,-1.3420330020499882,-0.15267402955926462,0.08385894983966335,1.0241622016077534,-0.4675421523872762,0.3546545567644791,-0.013156511021998218,-0.5670243826373781,41.68,20,1,0
0.232843677455635,0.28386385981093565,-2.7407676271934704,-1.0414764285466394,1.6770438867277768,1.9685006912315193,-1.2561899500521645,1.202147795529542,1.3389616169185385,1.1862838365730002,68.91,1,1,0
0.837911625653537,2.4169190721807734,-0.558271602058974,-0.9341225590100148,0.8460175127313623,0.7878112427589119,-1.4936489442830259,1.5657180656927197,1.7006253523532695,0.09799688391764075,126.21,10,0,0
2.192686643998981,1.04734586674244,-1.985317014380529,-1.0518792620960242,1.5346057653386196,1.4857244779946772,-0.9752529503797561,3.3992020976244373,0.5322612907660006,-0.29831236415810286,489.16,23,0,0
0.7571120997921601,0.7238864896180679,-2.1344305918023894,-3.8238175644219066,0.9532337446459865,0.8453468805313276,-3.223921028850261,2.6664368482205743,3.4206645727857445,1.0934885235705698,116.41,8,0,0
0.5229438151726374,2.5687522784123975,0.9125664564242661,-1.4481844912684876,-2.5871031290843307,-1.4362051636047166,-0.8044651955711899,-0.8125137744056092,0.16698124167497275,-1.1518000822336092,92.11,11,0,0
0.7934982559723087,1.4909958773512233,-1.857567496945411,-0.0207128995833606,3.388836937912391,-0.21675775440767864,3.540048931511187,0.21785614283822674,-0.3731284344772159,2.2780281460309175,120.72,7,0,0
1.2090858067074923,1.2536138192953339,-1.4377690349606047,-1.9258242669446748,0.3675117625833948,0.5596518230456484,-1.5036073067836748,0.9868499493303793,1.6243296289829328,1.2066752995947492,182.93,18,0,0
-0.21238467132222869,0.47997051320614903,-1.638899226174038,-0.7485179749361615,2.0979097237323168,0.427521527173803,0.7400371138186977,-0.13259566157510116,1.090332925425556,-0.9200920812103255,44.15,18,0,0
-1.7608239376920287,1.6331746920810435,-0.45842860351031667,-3.6231384941650426,-1.195826497430271,-1.7355455215235909,-0.8601737015943411,0.05925533972747532,1.6095318023893652,0.6598039983517154,9.39,20,0,0
0.5607226712366268,-0.19785865649893042,-1.4423080860012691,-0.4624222500348503,0.26915339373012925,2.93595214540143,-4.166575308310513,2.252839343697607,1.9788374663688215,-1.2733927101181646,95.65,8,0,0
1.2850436007140977,0.9920983395611399,-1.646958932156282,-1.4262816323276553,1.763538378002775,0.08120729732342258,0.558618705379837,0.3196348348673884,1.1898132138519277,-1.448227268244485,197.36,16,0,0
-0.0975808080991956,0.3295108182080191,-2.5605436161578514,-0.990220259662193,1.2692331893167568,2.004608793232369,-1.4728140093173663,2.1421686116830356,0.8270085796779021,-1.5724552981980908,49.52,15,0,0
0.48799155866667804,1.8572084081048768,-0.8500464409691731,0.589984826658313,3.3615347319796474,-0.8420806360058017,4.28415219391816,-0.13783504879544095,-0.6893005921987967,-0.7430735861979357,88.94,17,0,0
1.4541439391959994,2.117505140854198,-1.807529309508539,-3.7996871995415242,-0.6756118420253293,-0.7223318326487338,-1.2989567511942106,0.018541275248717515,1.9788055667817575,-0.9296287652649251,233.72,2,0,0
-0.40035821529737836,1.4580299964254928,0.12714656036938332,0.8018424739276114,-0.1761469179820041,2.09310421698201,-2.9781189786915383,1.4494262396419073,1.1564722651818502,1.2895817818913886,36.59,0,1,0
0.32473804813481344,1.237712753826644,-0.6371415451054967,-6.16370937407715,-1.9882087347428044,-3.496770763009698,-0.49337296972542577,1.32246559916238,1.5012892339458876,-0.44889253225858183,75.55,16,1,0
-0.5210810791640171,2.0397212945362186,-0.3406777077747998,-3.203536032809341,-2.160273913429278,-1.5200180705038089,-1.1980724622342336,-0.37020558988251007,1.0633204270940877,-0.9222208270161131,32.42,1,0,0
1.5568196228364526,0.35376996397839533,1.2922229698983536,2.360734527129293,-1.3499934421773412,3.552351394848687,-5.585835513070014,1.1780961989387169,1.6323549001261224,-0.4621505536600177,259.0,13,0,1
2.286808497240075,0.982711211695291,-0.45366078766192663,-0.1032184239463101,-0.552525844477834,2.9642976147236126,-5.133143355485188,1.9849786713886355,2.4027333011893743,-0.5030755087790977,537.44,11,0,0
-1.0392965261309097,1.5687977230539913,-1.7668936324227964,-6.732523456524072,-2.7221180155495506,-3.4922451268880437,0.032428444556134535,2.4285171305607776,-0.03569605089944061,-0.8174883204526571,19.31,22,0,0
1.3310924349755564,0.9448588801494948,-2.81932983990304,-2.2057499821206226,2.2495156860517964,1.3989707566786174,-1.231036780152829,1.9618622121289193,2.1906890229422773,-0.1156490215354761,206.66,4,1,0
1.3462437397735598,-0.1916837354878922,-2.4060228821745238,-2.558386312874748,0.9981322499967341,1.847929766950453,-3.4674462401147577,1.188666242863698,3.305500069356121,-0.30247498238254483,209.82,2,0,0
1.3271104778678118,1.0073620216922763,-0.8079931686931718,-3.561886955206057,-0.9233111097930314,-1.162249746337417,-1.3312898225516179,0.8417724580944039,1.6278612892960864,-0.8160642089064917,205.84,22,0,0
1.1014719083778486,1.3405646647228981,-0.2052265676938807,2.478461326185525,0.1372348815021689,3.1988644241906483,-2.464400288997074,2.392776839768815,-0.41600714516473225,0.48198591526942297,164.26,5,0,0
1.257849645213006,1.060613064743285,-1.1544197641790865,-1.9853736721520832,-0.7852807807440496,1.6204833203435947,-4.237202311215497,1.0714697688052115,2.713210896621499,2.1121726545968444,192.07,10,0,0
0.7675248824071019,1.4879439225528177,-1.416631816956231,-2.0835537396490755,-0.749789607181601,0.6604090816959467,-2.1623625054846243,1.4497548565170097,1.0952378388077437,-0.6393012603264765,117.63,11,0,0
-0.9052426871580707,1.713554598955978,-0.5824877425771439,0.3896510140838366,2.6632946725576003,-0.6869979349288684,3.2301079846648824,-0.20930591460233283,-0.28390070024624303,-0.45024168024323574,22.08,20,0,0
0.1487299258770365,2.5558275687803427,0.11030606455981573,-4.699002340950248,-2.217580421620452,-3.5049032700854577,0.16794442071397134,-0.9894744783117024,1.3584227983145984,0.6327081581612665,63.35,11,0,0
1.3060548638987468,0.42166770897161954,-1.8592110856240356,-1.9379633695788454,0.0499888198871854,1.60863266723112,-3.0436508915162412,1.9000024310275359,1.8541090582508053,1.5860505539871161,201.55,21,0,0
1.0705352394865046,0.07673616607630107,-4.383110468733548,-4.901003319086398,3.9111231610011306,-0.9857585336742434,2.226884174707396,1.8264562721390112,1.961114180872177,0.8877007741686137,159.26,14,0,0
0.2057966930772341,2.227756125568696,0.10047171857202541,-0.5909940595666183,-0.619865484070035,2.145780804958541,-4.671616427791128,2.9264778748531453,2.2636473419178986,0.02061378598352363,67.07,3,0,0
-0.4052530382501377,1.6733787740064794,0.10979798605515745,1.842753293373847,1.5081525608499597,1.7917569234997965,-0.750759200067079,0.47015989589589824,0.7888212599714627,2.371371400402806,36.41,17,0,0
-0.2816697568997289,0.7409929291477315,-0.6399241026210575,-4.430622514349305,-1.3146723548346955,-1.5656810623909627,-1.736667288951082,2.557769395359979,1.4404780746218924,-2.11184426358586,41.2,13,0,0
0.28467468066661517,0.6714133706671416,-2.017057298159827,-2.3168429572675353,4.311261351644723,-0.6558352996373198,2.1673592590678514,1.7767517996035123,1.918155945706859,1.391729608850479,72.58,9,0,0
1.5598313028153319,0.7731420151641738,-2.427566021448553,-6.405060331822608,-0.6598955594721622,-2.195397360703379,-0.8031243544985314,1.7895569750578657,2.019363561379482,-1.3191942451365213,259.78,16,0,0
-1.2039284250272582,0.9166790477049668,-1.4603725572693584,-2.136217171974786,0.7657022935162746,1.1389281661821788,-2.586818498402936,2.2834389404183124,2.2975704134433848,1.332332143337666,16.38,11,0,0
0.6548907127796415,-0.0960372026223657,-2.3216877623426377,-0.7995117278677727,2.691347053037199,2.0664578092851933,-1.1727088507165833,2.803939192716949,1.490670149520511,1.629070978847584,105.1,7,0,0
0.8033137425125324,2.1732133064330474,-1.4390621269646695,0.39069993362369826,2.7865993591975178,0.17629886568622966,2.879592800933016,2.0285335396991284,-1.1196294249654197,0.6706697632764529,121.91,15,0,0
-0.46101967754819295,1.52981952789452,-0.2800140231271476,-6.662061263306683,-3.33121722855103,-4.685362846550608,0.4104006349194547,1.5417890205405949,0.09198933441208568,1.1771005059887385,34.43,8,0,0
-0.6752501393166092,1.5750297737197134,1.0826255991585707,3.127109473023525,0.32610696614621815,2.2215597484570284,-1.567969366624578,-0.5479005032695294,0.4458908128680339,0.6161304849466878,27.79,20,0,0
1.0243966382400789,1.1745776432056347,-1.0424198152594575,-5.147270444132998,-1.5495725939659613,-3.284696492163201,0.921950594802259,1.2814315068207272,0.12641943317375048,-0.9400581585063968,152.08,4,0,0
2.2925613187655403,0.2227196880224992,-1.881592418592784,-7.834421755929977,-1.7776650559124496,-3.907241876664636,-0.13201513505063772,2.794284061205007,1.173039970210611,-0.2909968571911298,540.54,11,0,0
-1.813009809578394,1.7595084253219204,-1.7997792613728554,-0.20156488586404764,3.2737478877430117,0.029909308124552503,2.825542903508771,0.7702589324587578,-0.02447837222137328,0.7947932607129373,8.91,19,0,0
-1.2199173656612383,-0.7476382232328964,-3.4204957695694436,-2.399746497737461,2.362685665037562,0.49688013372202366,0.5594136218599266,-1.0555486347597778,1.8982140608702949,-0.26540320328408573,16.12,2,0,0
1.4628852774890733,1.5004216472515974,0.7489308932088503,-3.046401956525051,-2.68992915490192,-2.0168495881984216,-1.3516086778037881,0.7173663921525112,0.5958534498844961,-0.03217590627739187,235.78,0,0,0
-0.6932225212610373,1.3746856354666734,-0.7964182001849924,-1.4846375648432977,0.22382186470107812,0.84149232072426,-2.3720137483478823,0.1190472862493328,2.494142878909406,0.3680093082619451,27.3,22,0,0
1.8683362726193582,-0.3031260471271755,-3.849639460036042,-3.2634891487291386,1.6199534430764813,2.421029833104224,-3.2741087715524477,3.9606273527084044,2.390596558575739,0.6886953483767342,353.66,10,0,0
-1.049420237447742,1.6406626229141923,-0.9495983068959407,-1.8457179818522185,-1.168218675939738,-0.18306496709899234,-1.0799727956380607,0.01894316964361753,0.605181915482742,1.3400743279482292,19.12,2,0,0
-3.1636179183638418,-0.9753494319687748,-2.063883628165751,-3.1694697577608006,0.9298324244114105,1.4433169629737328,-3.6046879932349283,3.5930501552328593,2.7977008739935836,-0.07060096235078114,2.31,20,0,0
0.5738232660196686,1.8831341841266411,0.42256384014642845,-5.046672627802224,-3.181424959740764,-4.667657102674522,1.3817851972280266,-0.3133775083828616,-0.33473856762357523,-2.0916692667597507,96.91,18,0,0
-0.7245281240911069,1.0878299470462836,-1.248349259408757,-3.6123838624568614,-1.1851220600022885,-1.0042891069388005,-1.3949639109178864,-0.3353499378625939,1.7792370327086344,-0.20737498386796405,26.46,23,0,0
0.18899166814417628,1.485967682597335,-0.8457948769112195,-3.4252016023764176,-1.490554776003328,-0.9728455251382624,-1.686551540745493,0.29089318260471186,1.5798432680366437,0.5116562947208708,65.96,2,0,0
-0.32267298414422063,1.2374277993407472,-1.6841700083386186,-0.3263626206759481,1.5038871486586904,2.049285668985319,-1.5645566851064825,2.9185019983363274,0.8515310436834744,-0.35008826383154745,39.54,15,0,0
-1.4460828500742775,1.8714033263579815,0.6120932568211035,-4.6542817304074715,-5.669804894762333,-4.451108935307431,0.7022891282344379,1.138711482324195,-2.660319545706747,0.21098769909229065,12.86,7,0,0
0.7026427357847578,1.9455295596670374,-0.9109502494728394,-1.9191796418255729,-1.448164784174261,-0.6791419014500201,-0.42209965905223584,-0.7114169923382363,0.2751645102394411,-0.11281684766931167,110.24,0,0,1
0.5651512610709866,2.1419708799992456,-1.1780930001204513,-1.208211253371398,0.4366859601507518,1.376165748557541,-2.6183745617399876,-0.6675954643630291,2.927413359636221,-0.8302645434817891,96.08,4,0,0
1.2553599571553629,2.053131579033823,-0.7218798003873037,-0.4109046435465317,3.01946939643438,-0.24949161248264184,1.9269253932226145,1.8124179320454508,0.5764857815221867,0.998767692948598,191.59,14,0,0
-2.0692644969422895,1.0399716737073237,-1.385399354020253,-1.0818994107692907,0.9423089766035924,2.7981963749010426,-4.311187399677431,3.8240860449762737,2.5190199387608034,0.4415181665878009,6.89,2,0,0
0.8380923942385187,1.4659404373683933,0.6592869552979155,4.02016346264196,0.7113440347335934,1.246946858260308,1.691504615624805,-2.895978762940664,-1.3231980562437144,0.6087285495923104,126.23,18,0,0
-0.3942141789242778,1.3958847474108595,-0.02511253754683218,3.80325014668764,1.1296322640152385,2.5254791006328823,0.33133622711623784,0.8958713552327517,-1.6633142044904259,1.4071706165699536,36.81,3,0,0
2.3580560549482494,3.8543649359102785,-0.7839411444291213,-2.682049436483217,-1.4966676162578199,-0.08048638389422802,-2.220549999390757,2.4146453401857766,0.9539470162115549,1.0909410313800596,577.12,16,0,1
-0.6528443974723472,2.1148584424385737,0.42946829524316077,2.261103077613932,0.6267886706232816,2.3681273695474756,-1.8124972252977942,1.5200359830206251,0.33024088356835846,0.28659062050141215,28.42,20,0,0
-0.5169549631305633,1.5023104736232693,-2.5707993831754976,-3.3234813885785286,0.2114071765509835,1.3342627055084748,-3.2540412073701614,2.40310984211924,2.5414046197290787,-1.5889671257760032,32.56,13,1,0
1.1733341210388457,0.4650283436611342,-2.424165075408859,0.7325730169891213,0.5432874866942029,1.1277730062065576,1.5927737601968268,-0.8683051281863758,-1.690897365355349,0.4715257661047016,176.5,11,0,0
0.10528953461599495,0.3575746712507033,-2.5960381555249183,-1.4971851593057435,1.3257817644501952,0.661883022869325,0.08025791761786326,-1.6713363872224665,1.5491027540938465,-1.791010361414726,60.66,22,1,0
0.46952479916041734,1.0138220758257293,-1.1696836003620037,1.0386382621860133,1.7256162825001249,0.7158108212663651,1.9329823198364815,1.4745067463080168,-1.4827442696487971,0.9380980955264243,87.32,23,0,0
0.4241170311331865,1.8638426608488694,-2.428012377227557,-1.997974146768461,0.9139652799989302,1.196803668653742,-1.67291720670257,-0.561298113758725,2.5198004512578764,2.78809537213801,83.44,12,1,0
-0.34785621889307716,1.5373666425698254,-1.2200426204024564,0.6893456236222689,1.6103978488176507,1.7793561574053136,-0.15619712269905658,4.203693964449325,-0.9357859564551119,0.6862364025653667,38.56,17,0,0
1.306123757411937,3.2745369313190027,1.1243100916150912,2.694622662878278,-0.18834290258893382,1.335091085403893,-0.4044936757521236,0.6311714428339291,-0.8607733163049838,1.039458947050327,201.57,20,1,0
-1.6570119941152093,-0.0023111310677488284,-2.657236348652231,1.400255889839823,2.9096772115184972,0.8676851497132084,3.920410405536465,0.06355872493121995,-2.260622775586879,-0.5476400710129735,10.41,2,0,0
0.6845013352898124,1.6771079167104594,-0.5593460106423513,-0.20426026838363523,2.659786675906836,-0.922635332501353,2.7367096923630516,-1.8474456657959475,1.0588113127250276,-0.25673970178639877,108.26,6,0,0
-0.6450039813048909,0.6212825155834091,-2.458253369782346,-1.4262390064357755,1.6620979558352218,1.4545620718855412,-0.7975477028120688,3.510069328180701,0.4455063896571231,0.11358338111098971,28.65,18,0,0
0.058291564494859505,2.7856956032232687,-0.7762223547607932,-0.5944612170074608,-0.07084012182469679,1.2746133919664857,-2.353412294024094,-1.5099881293768023,2.525357736988357,0.16205880475211,57.88,9,1,0
-1.0532711774410506,2.735742476482744,-0.30915206380178706,-3.0198427920485504,-3.2712782015828656,-1.9727418251721027,-0.23334481841069685,1.3821558759092258,-1.2805718464952067,-0.9961725863490972,19.04,16,0,0
-0.28581632874118057,0.44669999955250883,-3.1655660713907428,-3.1630308312888054,5.359272442269319,0.06035639556067096,1.4961416645024301,2.8327696672532414,2.851212802352342,0.28278081683260775,41.03,5,1,0
1.710018233126516,0.9571028108884141,0.31757102288841255,-4.312097675853651,-2.193922601735781,-2.6260912440953392,-1.1108956668603533,0.8191313071108997,1.285411581694434,0.790687321872357,301.88,14,0,0
-1.1634566865605656,2.298409880796091,-2.403798989715866,-6.210366120707238,-0.6869778400419442,-2.480195047889188,-0.193434087752734,0.15074266218521215,2.2603273556765204,-0.6540005875321958,17.06,2,1,0
0.14583931528726432,2.037889137328185,-0.4194589235973747,0.6562095006422661,-0.39471307313758563,1.8119887054591457,-2.182189134764173,0.1776748166119373,0.824865484670937,0.5526541595745067,63.17,18,0,0
0.027328172534576093,2.923812414321394,-0.3018399918879029,1.3872799635949644,1.951701099655488,-1.1290702119841407,4.4844018716952085,-3.029803412933843,-0.99153579501321,0.4533626358214858,56.11,6,0,0
-1.0540395076627598,-0.0018020539415004588,-3.1541708270524906,-6.555115081221204,-0.6532380487015609,-1.7311899234680617,-0.8915000252248706,3.2733612513610355,1.2129834820718421,0.4495392885886288,19.03,9,1,0
-0.35732958581677277,0.563697602566368,-0.6606591483671789,-4.17029320245684,-0.5113818362715606,-1.6315177869984607,-1.2107759530922064,1.1814403595466887,2.1117742262189654,0.3275053858746695,38.19,23,1,0
0.8372422888191394,-1.012750244339162,-3.3106605409320666,-4.650542135267261,-0.10670967043770307,1.5761344205384065,-4.823708781487517,1.009575247778988,4.155047570700172,-1.0976937825553101,126.12,7,0,0
-0.12127691148644165,1.0183395422030337,-2.6519759292499243,-4.539924949299815,0.055248390917669976,-0.824660627072678,-0.6839950865438816,1.6722334888971875,1.462001990579915,-1.3258710562626512,48.36,22,0,0
-1.0210838530445814,1.0276227256083719,0.2767171505110746,4.110016991385488,-0.4206621078551438,3.1164027683464615,-1.6156857070309716,-2.6181253172126056,-0.26017258355767003,0.5191638378170084,19.67,12,0,1
0.9641887427348095,1.142033479683406,-0.17369723336679077,2.175373473772811,2.3401579720809425,1.6371310904668839,0.623279111035352,1.653307938839059,-0.3231274209567976,-1.1715028514804537,143.19,18,0,0
-0.2757291156826219,1.551291601821952,-1.2439324140174233,-3.308300608856695,-1.189277021730743,-0.5569000841702096,-1.5792399766414333,2.1409550015905676,0.8004163121804257,1.3418638429254617,41.44,15,1,0
0.15177098697229277,1.5581576283407403,-0.4839542591426763,0.1730070309091391,1.6225334950013317,1.3953642379322944,-1.157951444823635,1.9143304146068534,1.2941046082387802,-1.2097545775780847,63.55,22,1,0
0.13196605367570546,0.1465602953408378,-1.0619811206084853,-5.784241149351375,-1.9410310807487967,-2.899323813303842,-0.5803476725453433,2.4147374645872697,0.6755733549417962,0.07146781655153475,62.3,2,0,0
-0.4925878198035147,2.610678392679002,0.47311691544338186,3.5549646799700314,1.3500093291147917,0.6098744140333185,3.2085565265690756,0.9215883426139956,-3.091326289905899,0.22231924307060122,33.36,18,1,0
1.2672396837411057,0.487214302795251,-2.131162867067338,-6.17124204850101,-2.5623781278643385,-2.7318201069835535,-0.3064137602817838,2.4271522855097647,-0.2288735199761347,0.37407355508200857,193.88,0,1,0
0.0017422482161937574,-0.48692643709691397,-1.2909897962370611,-4.6219067586825355,-2.3290939147162275,-1.4609654020559462,-1.6599810801316879,3.347875227207579,-0.057577333742789394,1.6376159520901303,54.69,23,0,0
-1.4609536711578714,0.9840705756856227,-1.4319505572028175,0.8596095530969456,-0.1950402473161601,2.5384297580195136,-2.0008838126278023,1.3677497890082826,-0.23901333459638718,-0.6270354390098477,12.67,3,1,0
0.7134133907189523,-0.13590715914200469,-3.1931959523327578,-3.972416436222009,1.7313318151104538,0.8801180867950609,-2.183690227020091,1.6971546983194177,3.2830683736596216,-1.658634867342038,111.43,4,0,0
0.3084389737336354,4.239606602208455,2.8531215610062537,2.7819254449768605,0.04767675447983932,-0.3231073646788134,0.850049630259761,-0.4593937196220479,-0.3835430069084469,-0.12625140463363388,74.32,4,0,0
0.09219937086251942,1.4120766115073875,-2.786414175641452,-6.224490846760909,-0.5541802188992984,-2.223720756077152,-0.06743215205774081,1.7761278842312826,1.4014291058753172,-0.9984770182043612,59.87,21,0,0
-2.596273883510003,2.202994220595885,0.9356284401655295,3.233245085806348,1.400394099335445,0.48852876956768043,2.3144610704935316,-0.8365519616780202,-1.380479888012642,-0.5930589994277885,4.07,8,0,0
0.6698386715933028,-1.4145590154635326,-2.292501743104105,-1.6250553824362317,-0.17719361609570639,2.426668897416666,-3.89747789283349,1.4946725379729244,1.9035750212895115,-1.5662196546372755,106.68,7,0,1
0.09657911325179787,1.067364304663792,-3.708041830413512,-2.8290243300399003,3.321691606777323,-1.378484294345746,4.429526940878374,0.37766414379585955,-0.3375606395254287,0.8521159696057011,60.13,2,0,0
-2.0511645609836693,-0.2712263807641708,-2.0324729034665805,-6.327391991589556,-0.06640601992344819,-1.7332629573768363,-1.6545249566706748,4.014193526011766,2.258447459978719,-2.3062369391360615,7.02,19,0,0
-0.5979209818969567,1.5361115261949168,-2.1307744403311633,-3.849300106857441,-0.7720276664601807,-0.4320778940084591,-1.4344015963021468,1.3594047786577166,1.3021427586068992,0.16359747978999847,30.03,8,0,0
1.0557479944070909,2.003962290397122,0.5031292819762998,0.9306065910913038,-0.6785174662728353,1.5654834009695493,-2.4697495193181327,0.5792842240551596,0.8486660946167011,0.8398489430020328,156.92,13,0,0
-0.4840877713057746,2.774638327531773,-1.2736985078206795,1.2788317999640273,-0.9781236629804313,2.6000648866700002,-1.9922434625179197,0.9429716766069784,-0.7301103001747307,-0.2855430031133081,33.65,9,1,1
1.2091962772928255,0.11406277906031015,-1.9942690796556697,-3.3211027747685673,2.272399976364312,0.6475578827885277,-2.1667691723258766,1.640528679649756,3.890593005872079,-0.6214319345869118,182.95,5,0,0
-1.0584896959116799,2.487772721656617,-0.05394454343598132,-1.3923993304243192,1.3352539785990465,-0.25002717608541025,-0.38576854676065303,2.704269810820179,1.334270115714052,-0.7111820520184021,18.94,9,0,0
-0.07984766551976852,1.7288091497532299,-0.704054942811656,-4.120827451729154,-2.773573413624864,-2.5314720266103508,0.1441225689280169,2.2639674394543636,-1.1215153893751861,-0.009525199255475913,50.41,14,0,0
0.3859147441434087,0.9337945864591193,-0.5837487506564067,-2.5421726073731596,-0.5092402489190213,1.1332253202176823,-4.547546008674085,1.267455341547372,3.6228117962995503,-0.6782737025527472,80.31,15,0,0
0.5659580021974486,0.6501623416372576,-1.9815644000835158,-4.568756418015285,0.7651622281519652,-0.621995551882094,-1.5679973004603514,2.7025437264609953,2.5350148387202514,1.663614573057481,96.15,19,0,0
-0.3661877580400192,2.4981476583290494,-0.7793519064055756,0.6645511765534526,2.9823917251305794,1.0629730921997678,0.9087173479511854,2.6380941263160285,0.3618143459003439,-1.5060874395418105,37.86,20,1,0
0.24718622113528596,1.9879230607835154,-0.9860705253004084,0.9013335668360047,2.937084865810358,0.4668417448117793,2.239055202427989,0.05695757895384457,0.12647133271070032,-0.9632348827342287,69.91,17,0,0
-0.16766564213079244,1.9315445364191595,-0.8007809111601182,0.009575743091158221,2.034793248373695,0.08891283907584224,1.5013613630086555,0.8994739559351542,0.13593278466631165,0.6268766401423571,46.17,2,0,0
0.6294051167813508,0.3036230747710488,-1.0221714222570224,0.6449480036590272,1.4550279326419686,1.4637690791564797,-0.3887244302826684,0.17510998384863807,0.6839276062232222,2.55105150450492,102.45,17,0,0
-1.8488913717616735,1.787175386431384,-0.9822510233986864,-5.015282853013923,-2.25680391719866,-2.4864120279422988,-0.657589632668325,1.4739961314917964,0.599657816218201,0.779292823087791,8.59,11,0,0
-0.08704515320922493,0.8785691248656602,-2.40318719485737,-3.289536834340683,0.9697194643342328,0.6318164579388595,-1.7921125300714327,3.15893689771513,1.8163024619485257,-0.021516046626029302,50.05,9,0,0
0.06508238024138072,1.1873816741981094,-2.460658713204135,-1.9893495404783281,0.2118368962922712,1.281120780665858,-1.7065164841808314,2.0363542777922587,0.8374212865636914,-1.1195753252658256,58.27,21,0,0
-0.7299710425193209,1.0240303587825719,-0.06122599136002482,3.1952537833902426,1.1842734984227774,1.6245244524905422,1.1931585267362763,-0.43628327906400166,-1.4149965073949387,-0.9848095233007201,26.31,18,0,0
-1.2322298663646967,1.6275926318974687,-0.9361028100603097,-0.008148250120685416,2.852857812273241,-0.8833996547792957,3.591930151297005,-0.049806557115481764,-0.37481768952062233,-0.3640345208099638,15.92,21,0,0
0.2727000845867594,1.7284971878780317,-0.5878874283118346,1.928760665180247,2.272696173836838,0.96179996689873,1.959157611508547,0.5776288795757671,-0.8818793919593071,0.6048290949392263,71.72,13,0,0
-0.040149879912125375,1.8448000855652147,-0.832837558306341,0.3612409461120982,1.6229006458749693,1.3895918830500142,-0.3635669068630722,3.1651095495143444,0.00835792145849501,-0.26475442712795094,52.45,21,0,0
-0.2741758469866023,0.1113364276882951,-2.4414719296311844,-5.905835230798125,-1.6185374708457094,-1.8385038830621605,-0.856705010148728,4.326679877599784,-0.10799371333554308,-0.12130036044696381,41.51,20,1,0
1.034200780768315,0.8759891082543037,-3.4168155011682,-4.424478242428435,3.402539689498382,-1.2691966503969214,1.8221243688000508,-0.8145263976612995,3.074495503456622,0.775683293913644,153.58,20,0,0
-0.88572770050557,0.730404729119093,-1.989890373705609,-3.7143645508316867,-0.7081358903621877,0.3818837358556242,-3.155302047838234,-0.07614109418959325,3.0622846661386345,-0.08663017838527556,22.52,9,0,0
0.46393794736124394,1.724209538926262,-0.9699124192773845,-1.0425589458468711,-2.3933942382731406,0.05558227387262327,-0.9254081614819392,-0.45098855853054953,-0.8016915408485483,0.07592423029248081,86.83,21,0,0
-0.9185758245018536,2.1303315015564577,0.28277061615399024,1.6480605808081314,-1.1890388932560592,2.0637309952279868,-2.6296464997391618,-1.1649358445219151,0.7455796478429388,0.8535916577752174,21.79,3,0,0
0.5243429277614572,1.189211684508567,-1.3365067303665417,-2.887206538422262,-0.6363931568021415,0.2289224186672334,-2.375767061071106,1.5918522302575693,1.7437266047400901,0.5552339378172155,92.24,0,0,0
-0.8426458754335135,-0.19149526123099014,-1.8970457100323213,-0.1192035541633547,1.8873332214954517,2.1810252389403706,-1.4301279836348284,1.4657316188847485,1.3099826697758754,-1.4982068577437304,23.51,17,1,0
-0.37249367598416183,0.39823911164413694,-0.4428549805713107,-1.382933430199616,-0.0990000606263921,2.059970625682041,-4.996014703749348,0.9768567877086991,3.754650047530898,0.1452372432220835,37.62,5,0,0
-0.13284620585258233,1.9545801637752536,-1.0580505903427555,-0.9395324190408428,-0.3208582995127214,1.086764422124534,-1.9542354067943224,0.5682778976766656,1.2019698441509403,-0.82752515558569,47.81,16,1,0
0.14269230353809956,1.4691682408100422,-0.9118659247788381,-6.121306778635674,-2.155645039286878,-3.8331147343518417,0.5044371276746621,1.5879595500597092,0.4267855844157131,0.4342818079843617,62.97,3,1,0
1.1193196207418818,1.9820035761236392,0.6208988467477301,-3.6015274357268536,-2.7118335543801093,-2.4035657455854693,-1.1258735826574033,0.798242701630676,0.6923441599971017,-0.3342834658957636,167.22,15,0,0
-0.01928852824046752,3.287000261894862,-1.2603458546328403,-3.6575300618995015,0.5292019518980067,-0.48281811360249394,-1.9690941767309575,-1.198242016337007,4.212053932035041,2.272659959467549,53.56,19,0,0
-1.0098410315734485,2.471087974181941,0.629768724884501,1.0646469347153127,-0.6107411447039206,1.740569393699737,-2.489099758679249,2.83107595470627,0.04691523404866893,0.8495771793361879,19.89,7,0,0
-0.014476217335685762,0.2964843377724321,-2.2155155538159317,-2.46856328804289,1.538113342356632,0.4934412348592314,-0.8799770612780281,0.7746128753148872,2.1414169538234185,-0.47357478330007835,53.81,16,0,0
0.8000002162762524,-0.018316319501452405,-1.931317570276006,-3.9197543374081314,0.7706887846917525,-0.48935706360766873,-1.2295883144622584,1.6571448429790996,2.3000566790665884,-0.008017790803276022,121.51,20,0,0
1.1417120822484919,-0.060207809181535676,-1.9294309521282487,-4.404083750745003,0.07415268162246691,-0.9540553905847946,-1.104238610539072,1.9221105156853837,1.7896393519318907,1.2511286929328524,171.01,18,0,0
2.7095991096321907,3.1812481407100406,2.0374058034319695,2.7183929224239227,-1.6986120676484309,1.5597776741268146,-2.3568276852745518,-0.08780931358753774,-0.09588658552393747,0.6349041444901481,820.24,11,0,0
-0.738685429115121,-4.342617365965594,-3.1304130042314218,-6.511022410641302,1.4386245998136795,-2.0229592162294985,-0.2583414115422671,-0.005312133152802767,3.374354118424198,-0.7097208000364904,26.08,13,0,1
1.735161242907085,0.8817856613386563,-1.0235321808315108,-4.85736143260838,-1.1957915931395726,-2.4994624970328987,-0.1931805734173418,0.914479406692122,1.1847653943622212,-0.6829585276349857,309.56,4,0,0
-2.3685636473040077,-0.1617473525086699,-2.4974139737205228,-4.438687048923444,-0.3675879946184962,-0.09730656130751925,-1.9926011692346512,4.174702916747909,0.9408700124256242,0.10456802439506863,5.11,20,0,0
-0.7546329879355672,2.662051694490919,0.3048342304525169,2.141968697569774,-1.456965788405362,1.7375525794550823,-1.5704863095652686,-1.8748124290056831,-0.17497641413658616,1.061817408359611,25.67,2,0,0
-1.81003627284479,0.8753967026171092,-0.7459439914800914,-0.32470675061388976,-1.6477610727541885,2.7458310529625694,-5.063889420590812,1.1111129557088815,1.7759880677714444,-1.9575236888871594,8.93,4,0,1
-0.780760348105087,0.9512983583271221,0.09658186088976528,-2.4914207174144667,-2.0868315016616683,-1.4093090887509911,-0.965985029852665,0.4431749824939143,0.3031014894842743,-0.7061962591647216,25.01,11,0,0
-0.5570042151148524,1.135781381986196,-2.0280887444217663,-3.1312329435378095,0.4713798484506395,0.11530198679420467,-1.4900163855204653,0.440949402336128,2.3482774885573363,-0.38681597824213454,31.28,14,1,0
-0.6236650687636967,-0.6335141389532428,-1.1757641476846157,2.873780629879738,0.9624551486678348,2.0618604598095365,0.9047870923274157,-2.3440568016091703,-1.0702829201441502,0.12339450125790133,29.26,19,0,1
-1.121705632900811,0.8499719844362147,-1.2407787271992476,-5.010911981650391,-0.6329731118071873,-1.8324192913530497,-1.0989523937855266,2.1695072589280806,1.8047201000518378,-0.7130816546120057,17.78,1,0,0
-0.5674645716892988,-0.04489487110499879,-0.5571271560124015,0.839190671809645,0.4395014428372195,1.0881151533418674,-0.6046000786513961,-2.756724906041483,1.1943578090551572,-0.4988677717872762,30.96,11,0,0
-0.7362509506509202,-0.061749915971588853,-2.1014984640611596,-2.1235158270234415,0.6499426691295984,1.3367823401351788,-2.4009935518351813,1.2405779905098804,2.1177424436514793,1.414503131822602,26.15,14,0,0
-0.624077382103894,1.3974938601784335,-1.5926484451270877,-5.003257919345047,-1.4556667646722699,-1.673401887238182,-1.2887731523811157,1.3955093611543319,1.4644222958133208,0.27560790401803537,29.25,20,0,0
-2.4366127130977437,2.3004636258099875,-0.3110181326013408,-0.7448223815913761,0.9812950733021075,1.013266275527977,-1.806319028978072,2.734722183877372,1.5561571827490364,2.0253292345605227,4.77,1,0,0
0.051311237678750427,1.268613910572093,-0.4812304165242227,-1.952554722091116,-1.4366973469327449,-1.010460635662352,-0.3332941708948291,-0.6023136438164172,0.3037389812504435,1.6959922586552665,57.47,7,1,0
-1.4340832468297158,1.4901242687615321,-0.425895908386265,0.6659779791804046,1.9106398751504816,0.7495938580873964,0.7429748158451739,2.4401152188961985,-0.29826667407839214,0.3766423511630469,13.01,7,1,0
-0.24505000946669953,2.966099786831688,1.3693218203121715,2.678028998494474,0.9955213927084652,0.3430561095704583,1.5649554371249417,1.185999794541206,-1.4217285507316049,-0.1416294853952422,42.73,16,0,0
0.17623221512903914,1.0811239234490064,-0.8355644996936753,-1.1724491139160171,-0.7371956966328879,2.255460322497528,-4.760263700436949,1.4567105238216158,2.648319768233881,-0.6457864904733802,65.12,5,0,0
0.5964323545082624,1.0477478119606514,-1.4100124881203455,-3.056764029009861,-0.6042644762457892,-0.20353855031219437,-1.5574371887985015,2.5864235896812238,0.8404037329180487,-0.9538583098353907,99.13,10,0,0
0.8403540783338441,3.121477715505737,0.5691160628306751,0.7999012347969998,0.2681053332478054,1.130285744799702,-1.3884335557287124,2.1756682136023047,0.44479454250825023,0.17161502370638262,126.51,0,0,0
-2.209521312588293,1.9788903518673941,-1.2533080777865784,-0.22799687216439846,2.9646622217121035,0.256654734642613,1.9278266904045156,3.112415320455116,-0.3122851112670113,1.4919681302323855,5.99,11,0,0
0.275818389199044,3.086911902845185,-1.3459736275829486,-3.12876085311324,-2.5652735885263453,-1.08809922602476,-0.8581019145166472,-0.4154653835826305,0.15118104061156323,2.00755812595277,71.94,4,0,0
0.6512648651610274,0.2309480602016113,-2.7551095408598893,-6.692351893367535,-0.27568280841641724,-1.6040293416249902,-1.6719349534597239,3.027156977025279,2.450074649107398,1.4457392706541927,104.72,1,0,0
-0.2368867370829561,1.328256951363746,-0.1265243041140085,1.399010258633035,1.3046913224558279,2.0629993839028646,-1.5660497487788898,0.8165001377827266,1.1860671402877572,2.038549243359203,43.08,23,0,0
0.9692518079016957,1.101467687221352,-0.6643541271615675,1.041695042690985,2.65246299678234,1.334864521335584,0.329769760682254,0.4886605480321571,1.0495774229989296,-0.3835507344416874,143.92,11,0,0
-0.04534370408101227,2.5161536676913796,-0.0048827432381326474,-3.3013002062536843,-2.599789882072306,-2.5166897826221346,-0.03024060716309675,-1.3912617755000671,0.49971735022921704,0.1840962906727816,52.18,19,0,0
-0.4693123358238911,-0.7811313202873327,-3.8543574553526776,-4.356430381214081,0.5793055143850242,1.7989710962829597,-4.065831734866205,1.0132501472301132,3.8227831729580464,-2.215129473694291,34.15,19,0,0
-0.8134741018829972,-0.5162189905594523,-2.7683084676530525,-7.451181667053238,0.060476337107635336,-2.3297335389033202,-1.0546475282955505,3.7204984631688003,2.3632763353925537,-0.6549424155017926,24.2,4,0,0
-1.1745373953741765,0.12414280800833266,-0.760806091619967,-8.088723812625583,-2.5491526345326214,-4.90270154859727,0.03515533758273491,3.549108656964836,0.6927554674708593,1.006955562568036,16.87,7,0,0
0.6943074995403692,1.5450624317462318,-1.9280355907148858,-6.422845506855155,-1.4083636478282422,-2.4714056233093915,-1.0124266796211265,2.1476034561647936,1.6870809601343284,0.49098445879878383,109.32,6,0,0
0.29319560201529704,3.0740911102330584,2.723643371639872,3.7714288462276992,-1.4278798400073212,2.025562965091677,-2.749798922310835,-0.7549042329521638,0.35152672513540395,2.5054808158790918,73.2,12,0,0
-0.37126710852628236,0.5236922084430264,-1.1302446677298685,-1.4139932775173205,-0.0795336157402855,1.781603107065127,-3.865813078697905,-0.39605182075509116,3.2567733592032386,0.08677656364094927,37.67,11,0,0
-0.17168177049758734,0.7223084627556378,-3.1078330283910454,-0.8482470032018046,3.066802896897502,1.2072588077828617,1.3634904948566131,2.1750082814531138,0.025810873298458104,3.605928312471027,45.99,1,0,0
0.1665493661012248,-0.29341235227977225,-3.4153340083449875,-3.4856607583333292,2.4230193202863806,0.3644554687700813,-0.27578262957105787,0.7604034403043188,2.4868392981212133,-0.06426234834872199,64.49,18,0,0
0.36417842146895585,0.0645198389814674,-2.883067052411109,-5.443885237030418,-0.27059163801278574,-1.185921740079015,-0.9916759169873812,1.3928650101778484,1.8424090685938022,0.40096987456702243,78.58,21,0,0
-0.06679788888017879,1.1648741432326812,-0.8327445324778148,-1.6492061340401494,-1.1144252693807855,0.4114108061352586,-2.0897164312462433,0.16507638131642866,1.2063918725733849,-1.0486279307256405,51.07,22,1,0
-0.8896490286310408,-0.0897402423813598,-4.17551469597046,-4.5703925967269825,0.2711430104766328,0.5839610676606659,-1.3641941261811485,4.014928028093227,0.4918979244669419,1.3296341900583293,22.43,5,0,0
-1.1861468409619678,1.878953928542506,-0.06679690286312301,0.6326445431951943,0.23689352426447252,1.0050862874982012,-0.8120162603904572,1.023923528312292,0.17653766736300924,0.6392265100260534,16.67,6,0,0
0.12398883594283631,1.1590018146095065,-1.2954210963655315,-3.0672427138079095,-2.072350587149451,-0.8452292571403194,-1.0112803679844107,1.5161553085765438,-0.29657371718997805,2.1764876207542634,61.81,5,0,0
0.7096526115799495,1.111731849959889,-1.3231955419906858,-1.4238708269011444,2.9801638971511704,-0.25678186592452357,1.090763955551913,-0.4373567607685964,2.2722923444576706,0.12891498133983983,111.01,17,0,0
0.06534881898745445,1.6763346698844934,-0.5779475888836931,-5.15774793076791,-2.2474513507559633,-2.9478772443722443,-0.6314596835771606,-0.37724520059156386,1.5571978380597433,1.0930315320946558,58.29,14,0,0
1.0141572950104394,2.287322847330704,-1.6053953285273095,-2.9466766344137283,-0.8111644375239211,-0.7050332059280879,-0.5875447816362744,-0.25950072074840724,1.0820202859859358,0.7814589561745385,150.53,15,0,0
0.6105609196874764,1.1707823528889638,0.4499402104967134,-1.6299160679894902,-2.345883624733025,-1.2884136434837115,-0.602592583366738,0.5514227328736248,-0.5397655897618172,-0.5318404331759038,100.54,15,0,0
-0.3022470534695143,1.3229474147038065,-2.029756978350779,-3.9849536919563935,0.5141058518684625,0.08503984049243685,-2.33279724708393,1.4788579567484332,3.0763845323486967,0.7196675695486353,40.36,5,0,0
-0.19962732013266282,1.5554148662036444,-0.8961748180925099,-2.5982271794197187,-2.8576426620609294,-1.1015546731014696,-0.7965891078548876,-0.0605066995829997,-0.5480904993931619,-1.065749652411491,44.72,2,0,0
0.8457233357856627,2.3374341478702547,-0.7897423422526267,-0.9449934166316657,0.7608371279633093,0.05755075591736181,0.11651045683232639,1.5357373489689277,0.39001546289419275,-1.5295953175313621,127.2,17,1,0
0.8827693607576595,1.7845767397583143,0.6595873474071119,-3.96016905249678,-2.15588467573113,-3.061978592153789,-0.12857479606412475,1.4785163529150005,0.3721261466211403,0.5310022579705713,132.0,10,0,0
0.23057887173393912,2.4007032259582557,-0.6530280196671375,0.5986517825481127,1.6680963039214785,-0.8958475177262699,3.6982277591224095,-0.3024219118038971,-1.4976391165279412,-0.23356309518995766,68.76,17,0,0
0.6815975199727375,0.28193180815960506,-2.6191913392739714,-5.772911722412007,-0.26687478334613346,-1.2395694809010416,-1.4267463217936047,2.7573755810126404,1.929831523421776,-0.058193700687030954,107.94,20,0,0
1.0799378637052288,1.6984623996283177,-2.454099631095664,-0.6439069049055773,2.984245336485152,0.207505793580526,2.8335049247534645,2.6677239388720375,-1.0483772308103185,0.4137478963029295,160.76,21,1,0
1.6990027249253368,1.6902629844200976,-2.729681216949138,-2.0028213211268358,1.6941833660527357,2.088794869156205,-2.693280771573932,0.5157324790851096,3.343223563867892,-0.8803930810083522,298.57,8,0,0
0.5231064092115366,0.41189205387349037,-0.4563022063564539,0.006090780542530744,1.1209259667921652,1.3464445413871362,-1.5703074739947445,1.1422512449415805,1.4674501248194471,0.024227931049615948,92.12,6,0,0
0.03839011763879717,1.252722295538272,-1.2831665770742078,-5.097879975899226,-0.503956915350509,-1.4610158446817036,-1.788988138326048,2.3699949856541513,2.4003695133986147,-1.2142680591492423,56.73,20,0,0
-0.9461176868058482,-0.053989149469266806,-0.7597531606963783,-4.353901544913876,-1.5615584613426696,-1.6339570563962094,-1.7822564353514994,-0.12011612431777907,2.159016143625497,0.8379880433957521,21.2,23,0,1
-0.5832363967831445,1.190061657353718,-0.4926510736187656,-0.19747907788501892,-0.9205404097056731,2.9538406556098753,-5.238327222625316,2.3379050522401306,2.08674254725936,-0.5331315979081842,30.47,17,0,0
0.21127204364633567,2.599381819036588,-0.6093311014516593,-4.198355016495665,-2.9424196442371517,-2.791533888863155,0.04497574032666098,-0.9861892986777521,0.26672318173573273,1.1792212953543175,67.44,16,0,0
1.106908938585365,1.8094408375161857,-1.2839728411184208,-2.201129708086588,1.0547216542345388,0.3487518494100512,-1.3933009503374616,1.0638305496761675,2.364500670474091,1.6720462985512583,165.16,4,0,0
-0.0437067405599568,2.9047612222678127,1.101965118465624,-3.7175108260921688,-3.351424753075915,-3.9066934117334533,0.6050795406208338,-1.7091253519506096,0.2600333576803584,1.703256297704485,52.26,4,0,0
-0.27437452332060625,-0.020170414896186317,-2.964284256993328,-3.0253814479416326,2.1779526930256803,2.3715464406387565,-3.8138380981090605,3.2974134056220015,3.7622172703575387,0.8608330808678287,41.5,7,1,0
-0.8300163373160209,2.896759529896899,0.568811989555984,-2.5395516454927662,-1.3406534119192148,-1.5559984139384486,-1.4001862711204003,-2.958132725900102,3.0030046734484226,0.4482895635701661,23.81,1,0,0
-1.813673934067412,2.07728015366845,-0.8070468498575449,-2.1871452590660696,-0.6167571213765115,0.023007865291868823,-1.8559257026308147,0.23907220816266694,1.831451696086572,0.2877697138442382,8.9,18,0,0
0.827824645968853,3.133773364955264,2.1010989930703072,2.852187551725684,0.8020891453970453,0.49212637954276217,0.35933015018580505,-0.9696635045956221,0.3517156013308841,-0.4002426481793795,124.94,15,0,0
0.2289053731520751,1.9692964910876525,-0.988975558150178,0.7705085419820087,0.25416319887496786,1.1965959259657455,0.05574273204400394,1.0228983876757316,-0.87359653421651,0.9564749532160683,68.64,14,0,0
1.367185693615086,0.05085847393090748,-2.8599890907510934,-3.7420612742173827,0.36062995893818584,0.7409838336162373,-2.2873108443557464,2.6452691858011272,1.8526354428299237,-0.5704902196903511,214.26,22,0,0
-0.28573006727244665,0.7223419039341284,-1.9341201451783263,-5.279479288581533,-1.9486853621174103,-1.896236469842747,-0.8590835012872521,2.3819732689805555,0.30100179935096405,0.35838160210620335,41.03,3,0,0
0.6883236039330279,-0.22792042803377432,-1.8430621876774858,-2.0949362481450033,0.4486710090513454,2.747083693274986,-5.367425800448212,1.5735742686388619,4.01731493967364,-1.0679825410004467,108.67,18,0,0
0.8207162775865947,-0.101738670045328,-1.8684301511706787,-0.8351592241482539,0.009998666141088242,3.796152776890003,-5.855836600792344,2.0939995667811924,3.0837664012235244,0.14159198407015447,124.05,14,0,0
0.224894432878847,1.204775474085665,-1.3772189299797102,-0.3741095932629356,0.8022561508309431,1.8017276698422893,-1.726556974623307,2.6959835836298005,0.6147087773317785,0.6703696268511166,68.37,9,0,0
-0.2337267657088938,0.4652490080513413,-2.9077658010027907,-1.282869799261248,3.116357285740243,0.1962324841703127,2.4198561355593093,1.2046856919990399,-0.0043363858631322305,-1.4233419074368574,43.22,4,0,0
0.8898646812556179,1.1854967350049985,-0.6674941224927706,2.279328525329358,1.2585168521560126,2.354285967835428,-0.24121445210576947,2.589629271548009,-1.2376969940127374,0.3872999050116704,132.94,2,0,0
-1.1987109804975868,-0.14856251589310365,-3.2057902739519832,-2.55476289894686,0.8921302543629144,1.8802445383141901,-2.5448907553050177,1.9862968505179663,1.9159424292063014,1.0414120197959875,16.47,15,0,0
-1.6905145621889315,1.6632038036356769,-1.4930503351546627,-0.3452679536734873,0.8427187066390787,2.543822425691469,-3.21108673714692,0.36167610513982895,2.62325536430716,-0.7764536479233544,10.07,4,0,0
0.08553105787583146,0.4272450247145346,-2.8183979791255447,-3.410226826923292,1.9643962655382898,1.2383765754165548,-2.2305736069813995,4.238845201661576,2.3931406598581995,0.12379085320430366,59.47,0,0,0
-0.5359936692582756,1.2282836666287997,-2.3205143681113265,-4.585019510303821,0.311466831773217,-0.461112914697958,-1.87387813410958,0.428699754331367,3.2054649090389793,-0.10155168663274074,31.94,2,0,0
0.4783442485081654,2.624504298210669,-0.6064602684355503,-1.1237065077586996,-0.48031391510726396,1.0221430936735754,-2.6465615594515026,0.10828925845425896,2.1005013211330237,0.08444099208439905,88.09,18,0,0
-0.013657085053393997,1.9982062685764865,-1.14329318927143,-4.370838288213333,-2.3818208461978108,-2.1506157819200196,-0.5470516818637703,-0.2041461697904816,0.6737218559319872,-1.0838351674627549,53.86,11,0,0
1.305826918536644,0.5764972885745816,-2.011529935122333,-1.5710941529117668,1.7715905313858302,1.9799033387121696,-2.3780439101314363,4.181676471655018,1.66320239389681,1.0111530142718392,201.51,1,0,0
-0.4840723942344919,-0.6659607685924058,-2.3592439886748213,-5.723378078782077,-0.9543002876289305,-1.3404532678815977,-1.6634541002182954,3.0602879093887,1.3855540389898844,1.2846342455787167,33.65,15,0,0
-0.3742934754646744,1.2535355677933302,-1.7086610179296302,-6.261610455605058,-2.5168620461392996,-4.15678942573163,1.6520300134818195,0.7164222100384284,-0.6188643395647166,-0.23691444909734177,37.55,17,0,0
-0.43752599525004016,0.6408827039103392,-1.6790992570228014,-1.1292141808511775,0.5444515829651776,1.6941321618445346,-2.2855294212277792,1.85753661545784,1.3804897020026392,-0.26749826170072377,35.25,22,0,0
-0.5725038755809276,1.8899714269502828,-0.2133607233480106,1.5952082444019544,-3.5431322115762836,3.842845625663548,-6.152132017594136,-0.9606072014193161,1.0196719211834147,-0.025681462427314183,30.8,3,0,1
-1.2134026520819823,0.7178703161529135,-0.6136983212356528,-0.25772539248706117,1.5756090969479892,1.907408822576246,-2.733570889027282,0.33132012944345046,3.1216989484118756,-0.9534371352553407,16.23,5,0,0
-0.9346501217719247,0.997439066403383,-2.8867781944573,-4.017019380089573,2.153663782277229,-0.0625465366027036,-0.5549618724228326,2.4168151530933377,2.444407817211398,0.8762302963756843,21.44,13,0,0
0.46065190750348145,0.45795169700067306,-2.3488807641836473,-0.5135867348638605,4.2454224101865545,0.07566498220227591,3.3666449802906837,2.110485325672991,-0.30352090524536157,1.3577838510894613,86.54,1,0,0
-0.5174735208590431,1.2523664074549636,0.926369480074545,-6.2912231313679685,-4.862791164259419,-6.764988754601838,2.7384694255415596,-0.7004451940041743,-1.7230971819360132,-0.2280850318609821,32.54,6,0,0
0.91895328378582,1.7679531933697117,0.16632983120215572,-0.7974608424220777,-0.26284501314657405,1.371640525951602,-3.609547209836742,1.4844055059738832,2.4719557601243984,1.2084188703512122,136.86,13,1,0
0.7183489188072744,0.7780859272419638,-1.1688506090165014,-1.3274482771442249,-0.5096637544250491,1.2662747409484292,-2.772685873167333,0.25304461597394656,1.813775859936329,1.2783899823410922,111.98,10,0,0
1.3989035367723643,0.9440587484480336,-2.2712762533203636,-0.46863696298340607,2.9563835191189183,0.038391166124571274,2.694124938908869,-1.0668934849527962,0.41212930022241967,0.48150367270570127,221.16,1,1,0
0.46863175518388434,2.3936442722894853,-0.39788873435700345,-2.2216817752188174,-1.2864247950528773,-0.7540567750005598,-1.2793400501006336,-1.6206538752065132,1.8100951035116903,-0.8125290562856948,87.24,18,0,0
-1.188268337141135,1.969358266688014,0.24594692190140388,-3.962266816839991,-2.1088782196745752,-2.9715772111005716,-0.13526530446357277,-1.3468620579132058,1.3905026898122994,1.6792841409559054,16.64,2,0,0
0.7373779090572095,2.0003020631938173,-0.3679830690689566,-1.153028142392213,0.6681110566107186,0.9188269101998534,-2.2746593799397026,1.717030283899616,2.2110001117642564,-0.7777590049275146,114.13,11,0,0
-0.5305564529310308,-0.26457300174959886,-1.4039468325140632,-0.544257608305647,0.6411603772188278,2.154691378466356,-2.896334771573224,0.7500010717493053,2.031824544827595,-0.5245102561820747,32.12,17,0,0
0.4271600679262323,1.1871748502959019,-0.747177045765526,-1.4479180884536234,1.1500244723122928,0.3256787879020543,-1.083195432867614,0.7036606778854799,2.0959035927697753,-0.6736050335184611,83.69,7,0,0
2.0905009927022955,2.6548468125670457,0.43737590506369206,3.5386072978753593,1.6199845918392644,1.80093622947795,1.133197609932689,1.7129674084291053,-1.6903473842898935,0.3131683286050106,441.64,1,0,0
-0.5281142352564563,0.9156134104070821,-1.2068995714543755,2.1053404685000965,2.7091535080814375,0.7353081679203064,3.301232920192373,-0.33816470202253757,-1.5451793539756131,-1.4338351947129802,32.2,15,0,0
-1.6158081566168576,1.3802997513375752,-0.3098644879953236,-4.809594727438644,-3.916314787202799,-3.6917719206310657,0.6668691764912159,1.7387364615961167,-1.7341955245763183,-0.35667697822232275,10.85,13,1,0
0.6956383438925612,0.7687664481948382,-3.2953952003600744,-5.899477399114557,-0.5684540731469093,-0.7746924425819759,-1.696466148902245,3.2874293192159287,1.5051793849225252,0.5289361944060118,109.47,18,1,0
1.1296708608323824,1.7897454539315083,-1.1201296199538118,-1.9652872661247693,-1.5100418419268942,0.12730475480302772,-1.708178954750043,0.04192251650387169,0.7728423209623797,-0.48548197011742,168.96,14,0,0
-0.6772297922550797,0.7189471238564467,-2.6492981340007518,-5.167652157753373,-0.6357320528442585,-0.7380864571620032,-1.604435000737696,3.5485483852623005,1.1225912776741032,0.6242851583649125,27.74,2,0,0
0.34475950278974954,-0.22891711634720746,-3.7989564485140805,-3.110862806300458,3.2382395252931415,0.7203295136007792,0.34697474687944174,2.2618897935489164,1.7679894540962193,-0.14961448605604522,77.07,23,0,0
1.8621198045326377,2.445122450597153,0.9445809646632821,2.7948609713832275,-0.06331396003871093,1.6646296301235288,-0.758349605808205,0.10587118747525515,-0.5044158103366918,-0.5200454189142747,351.47,19,0,0
0.3528040653243106,2.3316116728661433,-1.221339475046239,-3.079868547922797,2.528423103455035,-1.2690372828872925,0.673069535383127,-1.5196405800316415,3.7186788217200624,1.0430990351123144,77.7,13,0,0
0.3624997874750798,0.9890238983848196,-0.7622658538691498,-3.6362167125876064,-1.490206708840717,-1.6462038396950958,-0.6663115594835425,1.249182884857277,0.5712160315528162,0.7393456408906561,78.45,19,0,0
-1.4914937780474282,2.5919888286410186,-1.6521764603590323,-3.141604393753675,-1.3786898979992268,-0.19315282322644522,-1.8150288564066726,0.4139188529996273,1.339790539104319,1.4056653569363042,12.29,21,1,0
-1.0767719773405122,0.07442577067718181,-1.3779368775338647,0.7481335310460945,1.5372720506070874,2.3473578461750844,-1.3346832969359155,1.7901647027549115,0.5654942484766312,0.9716370945043861,18.6,0,0,0
-1.31705346644072,1.7706474853662413,-1.2788624003845421,-3.2368295375405274,0.04676208062244491,-0.34175557378776544,-1.79770047162101,-0.37544908195887716,2.9622713320373424,0.5341704010814811,14.63,0,0,0
-0.977946505386214,1.536023673998632,-2.555545819819871,-2.3425430271132694,2.433913752318092,0.3918317716192006,0.4026773028493045,2.958107964930649,1.0199230080534596,0.6603946572261862,20.53,10,0,0
0.8307391086416878,1.2857932697048733,-2.1745504400757545,-1.3209060117626155,1.4309184451039652,2.180603628523353,-2.8511991017206832,-0.27145321803197353,3.348012385941087,-0.8988735394912516,125.3,10,0,0
0.7684125741837405,0.7631957274411502,-1.7309909218699149,-6.740101421335606,-1.5368255376249094,-3.39073126593886,0.003663023211477766,1.6643350412281983,1.2235449202792963,1.5911641270402448,117.73,23,1,0
1.682708595921657,2.961658796763621,1.2342685496130208,4.3024271788426605,1.7392457072483793,0.6481925005126873,3.128237596133739,-0.5389193975384543,-2.205566422453348,0.5576777778089187,293.74,4,0,0
1.5005256436037584,0.9455841330831454,-0.7487624556977519,-0.43430992373550154,-0.6976509907003774,2.236216848348074,-3.904178289260404,1.5699205670826266,1.6274004570756189,-0.3454211680243405,244.82,17,0,0
0.9997619365526034,2.2451162377812226,-1.0684202000580516,-0.04989888848310283,-0.4145830264525916,1.630412038755434,-1.9766343583099102,-0.030839254099765068,0.8996553614845788,-0.8735646800664157,148.38,10,0,0
0.35803537627473,1.2052366907372245,-1.3919677173495415,-4.960534652839893,-1.1493495664206248,-2.183645485728321,-0.546744319876113,0.2744657250019985,1.6726807733588454,-1.3018279682971496,78.1,6,1,0
0.85509039167518,0.6535687749233094,-3.42366024922939,-5.17597943976527,0.5487468990505451,0.012524336050864004,-2.0195360303688843,1.8708857402669947,2.766611450440212,-0.1800723239861219,128.39,15,1,0
0.9999606730991136,0.6924274051348104,-1.2654235017670283,-7.062834378853657,-1.5249961231158116,-4.085257324253451,0.24382526166470264,0.3217887849530058,1.958035637134523,1.2175579660641624,148.41,20,0,0
0.7921205890357808,1.3934193255660794,-1.413927820777087,-3.861964050410118,-1.2359743172238553,-1.1038918779629736,-1.2936315483782241,-0.07650595872213373,1.664973328415007,0.6640583328201229,120.56,10,0,0
0.15440116202313361,-1.076268904249812,-4.129804088192455,-6.029315865040879,3.75481620481248,1.348369718526616,-3.55502325124532,5.351588065776467,5.204522952098589,0.47439502330860495,63.71,21,0,0
0.5772636675907324,1.1110515918375736,0.15360837284906226,-3.8733545163054,-1.1365501723227007,-2.181964082247288,-1.0094686531504058,0.14392784790495705,2.0703394613205033,-1.3216349329167039,97.25,12,0,0
-0.41226017177688673,-2.0194277552636706,-1.8578695362185185,0.07147106923411796,2.2555658858694327,0.8470483258303148,0.904889605290439,-2.2346404226224,1.1410794276315361,0.29804215407354484,36.15,1,0,1
0.7453605906093989,1.6948022268067282,0.9421712137244016,-3.002324819073492,-1.570472145634659,-2.2114718847960657,-0.9626071796746268,-0.4412188826376042,1.7899328864985065,0.16514229730550004,115.05,11,0,0
0.7937516606290831,2.3239046974970625,0.11789653954628077,-3.278466184472478,-2.4046909595283736,-0.918480762135496,-2.949685715106879,0.20868695453390962,2.1411219600764513,0.3821148066842185,120.75,22,0,1
0.32861758050760503,1.7551620524525824,0.6446543355225716,1.7140329184000533,0.27428541132634865,1.4128152085000514,-0.9895244372676596,1.7905829631645953,-0.3035911359192667,-0.14607938052367497,75.84,23,0,0
-0.0283411242521544,1.6359415427128452,-0.9987009630753025,-1.5390480052510263,1.7411745149250826,-0.032608145751717554,-0.03859798428285325,0.7474825373796592,1.8194110110258659,0.9549699832425438,53.07,21,0,0
-0.18091872720366847,1.932093441676219,-0.7525204423630698,-4.475350958330781,-1.476708587908529,-2.641803881650725,-0.04048426515989857,-1.1004476927465319,1.6373046611531745,0.9835278902019053,45.56,0,1,0
0.8500820055705822,0.6804699197754673,-1.8531682815069648,-1.8293609775507285,-0.06613704824019062,1.5886549403858938,-2.831816214522886,2.5214611063395225,1.3244130053860983,-0.7001456317276464,127.75,9,0,0
-0.9481267993697987,1.3713999018157805,0.04964837402059019,-3.7437071040504915,-1.765186430567002,-2.174454991820165,-0.9138886065936692,0.1378955246428859,1.3864347780513187,0.5689617890907062,21.15,9,0,0
1.690901812076047,1.3979827785013894,1.0905443779102797,3.032349334182572,-0.5171451407224077,2.2619909239798384,-2.1243296215667025,-1.526295880351533,0.5644848267968129,-0.4130746194957523,296.16,10,0,0
-0.7415323007113973,2.5033273217670398,-0.46589801426654687,-6.143009754821972,-2.8606248811961787,-4.149181108749512,0.19323597924357822,-0.2766041537552013,1.093335316523628,0.9621751444904889,26.01,0,1,0
0.14582925752935405,1.6850761085842845,-1.480037847491281,0.4482323762609473,1.7173018595452572,1.6329033813864136,0.14170395633615748,4.033825512645516,-0.9469063276896714,0.35144853707752993,63.17,10,0,0
0.4889313455679532,-1.5406705385850186,-4.586046859123178,-4.750263290802332,2.488964928300576,1.5622352439672167,-2.3545597765409805,4.453021196092149,2.6839226534500913,0.8099594988870917,89.03,19,0,0
-0.023283422742919013,2.0701873047973556,-0.36016037521889976,-2.3599428821154724,0.9290809970587668,0.9126353365691995,-3.389677069224896,4.1260311555251725,2.9648727308413125,1.0741158751308626,53.34,3,0,0
-0.13204914864285866,2.1215448573472493,-1.652215417127713,-2.351972239156309,-1.061112617983989,0.37419129850179744,-1.9252231095533319,-0.1577482394850811,1.4206093876223913,-1.374243390616708,47.84,4,0,0
-0.24120617232542008,0.9338691060159237,-2.7648595010400774,-5.09603719887777,1.1946803633679626,-0.6037934507788543,-1.4542817790990046,0.6531256876165459,3.6366451820269274,-0.523435608286433,42.9,4,1,0
-1.421844566193958,3.0669125620901223,1.945796410004686,4.191213536277225,0.6989598710835021,1.1245759381152969,1.1797391776514032,1.150501411435051,-1.9909522522966843,1.1167995694743174,13.17,12,1,0
-2.09589048617415,1.7976529044569056,-0.32690283039224954,-0.2113986104677478,1.5472222393739568,0.3679295907329878,-0.15230209028503916,-0.5762531647049278,1.8025223313894794,-0.38910813942393574,6.71,9,1,0
0.8077731882856615,0.8367307115565357,-2.1132936366573745,-2.0872596162880237,1.0678254035863628,1.5323447639933871,-2.7190179234029452,-0.08601048601861971,3.287420578597972,1.2513554436487238,122.46,14,0,0
0.911566539699055,1.400110370293261,0.3396727562912425,3.1397705513821568,-1.9740758727956627,2.70873757882368,-2.3637747635879043,-1.2948771179235512,-0.9441155680468352,-0.4017064943655242,135.85,9,0,0
-0.32358553803851586,0.3823625532526712,-1.542720465148874,-5.4005367111268106,-0.8431457098473016,-2.1390844711882515,-0.7634609201723151,1.796863994438695,1.5868333037003994,-0.20081071033067488,39.5,12,0,0
0.1261699269987342,1.8026835409852533,1.1423264810020914,2.952060111291941,-0.2601610492272288,1.7377427143842132,-1.0282349889262687,-0.05034348710513026,-0.48616004991183015,0.3815023977775766,61.94,13,0,0
-0.5664647234972655,0.7039657543047884,-1.9587782096584339,-6.193622952429943,-0.47037459684129856,-2.1558732084062227,-0.9827038643483202,2.866498639413893,1.9434063569671503,1.580666539083153,30.99,5,0,0
0.2873162950429037,1.3822304094608913,-2.09061136729433,-1.0629626795346512,1.1166938085157725,1.4755996137547958,-1.1164164718885807,1.9886148581898406,0.839383616452011,0.021339431595552915,72.77,18,0,0
-1.3387180184652745,1.6411648743472085,2.00721796134434,4.787854632362722,-2.2013208943146783,3.0210945793046458,-2.654096693747046,0.9544679511262234,-2.0511333218168533,0.5449512047356013,14.31,8,0,0
0.3437926836933248,0.3615301513540312,-2.318815884643734,-2.1400534386122896,0.7188939432758417,2.298149681412136,-3.8292410448328886,2.425411139702751,2.693184293226164,1.8952438199060906,77.0,21,0,0
-2.791833083364708,0.135501829603891,-3.6497293102979507,-7.254619005584364,-0.5099630116721786,-1.532866073753759,-1.5270900939201213,3.1139512260237936,2.0604593102782696,-1.6059944440913263,3.35,10,0,0
-2.8245584224194493,0.6365766674563813,-1.4041558534797285,0.32937604908205037,-0.3015569637192075,2.9675232639190505,-3.447908171992125,2.1410153648643666,0.6790049014622253,2.6108408895554946,3.24,14,0,0
-0.1666265256677427,1.0346320140132053,-0.9311861459212789,0.9200128994225143,-0.9506072036742725,3.499979894757817,-4.514763493324064,1.5728997114279808,1.0224467998575393,0.4599451630623084,46.22,19,0,0
1.2773711186526404,0.12143979007336769,-4.595954429647808,-4.47585108753267,3.4286186322386962,0.41452981968733704,0.4288794995791671,3.8733713359795754,1.711354338633626,-0.32083665997648125,195.85,17,0,0
-0.1443840848219828,1.0164424794800988,-1.8265316048099796,-5.602230907959127,-0.7068096939329385,-1.5855304137580046,-1.7035792299682642,1.5576153776607067,2.5325798452333657,-0.49956752922876985,47.26,7,0,0
0.31938921942881726,0.5259918403873919,0.4790443389168033,-1.9890151427491896,-0.7593477194514232,-0.5621452586117852,-2.002178878872656,0.8261548038851795,1.8392227539529125,0.5745552776006649,75.14,3,0,0
0.617245640497941,0.6684737173483047,-2.371351278391328,-1.0928123165787416,2.9360669472692793,1.2167865564459408,0.08564760981290474,1.4819549300227093,1.539200777640381,-1.8819503988672885,101.21,22,0,0
-0.5177696192245714,1.2479069446168078,-1.3325828821197117,-0.9259005197176963,0.719269538323976,0.9378439606102361,-1.0374944840985396,0.8894677358055534,1.101736362016484,0.8179765998355063,32.53,1,0,0
0.84878140997658,-0.17032275333322433,-3.905789606037551,-3.520098365604046,1.9585529358138287,2.7486999486620114,-4.105079235933558,3.449226578024077,3.609718585981576,0.525472777463964,127.58,7,1,0
-0.07597214005664149,1.6869021263084898,-1.22452669814782,0.280551535897668,-0.24042265794929385,1.1937244601709118,-0.7748235562621673,-2.1021096625077274,0.7013229554092546,0.7921499016973548,50.6,16,0,0
0.17363792920336577,1.9457166853976822,-1.1884204966364629,-1.9174409060477913,-0.5955609164273465,0.202465410694469,-1.4016072645494544,0.48997903695306966,1.1039308809516044,-1.1164103224718267,64.95,10,1,0
-0.904516812941139,2.080945938336254,-1.493712118450576,-5.550494957880224,-1.894698453630331,-2.8411738213005324,-0.12742326324619443,-0.1699815673988121,1.3003110586081101,1.108648084688428,22.1,11,1,0
1.348419188453688,1.6301535976163222,-1.470944436387174,-4.1187202692189775,-1.8324666727758607,-1.7837178260782414,-0.32260147337101197,0.6560503393115478,0.3212313870794533,0.8649150697964492,210.28,1,1,0
1.4683898938756972,3.857142919784896,2.4753966588674237,4.574565013605184,2.5998424028147458,0.11487960007623466,3.6346093979729868,2.1428636771782,-2.4736143344039645,0.22886531260764523,237.08,14,1,0
-0.16688943851273946,1.5803218054087622,-1.011225760137912,-1.1582620994886583,-0.28451647521579515,2.3126906485774583,-4.404178755188948,2.341850764461635,2.3917072064037015,1.3060402748738544,46.21,14,1,0
-0.632718992074693,0.9391324878129252,-1.9091839319892487,-3.994758729609959,0.22205568568021627,-0.06749245249937075,-2.3001097840188676,1.3754784765176917,2.865075987196791,-0.05620885945868899,29.0,2,0,0
-1.0817923413282944,2.260587371963183,-0.41275946475431,-4.119016808990133,-2.0796539850999185,-2.403121475645851,-0.39926260659727,0.6926397841093551,0.6449681264069365,0.14879418357023327,18.51,1,1,0
-0.10041743241722395,2.73443126617896,0.016315875299908855,-2.1446051181446757,-2.3299342517371677,-0.8209508174850081,-1.6003715171011559,0.21668737883197098,0.5919183334492505,-0.21310757628464663,49.38,9,0,0
0.7024772492189924,-0.4197527450377956,-4.239258012531591,-4.768963292932511,4.107803843190897,0.760913032583179,-0.678197982700306,5.1453746174683666,2.8276751120976504,-0.8085057313519137,110.22,15,1,0
0.8023894278518712,1.5791897347607142,-0.4822424980554205,-1.272251028246359,-2.4478509718998835,-0.24804452360225315,-1.0146262616595225,1.2169399078304304,-1.1330759264724881,0.7343408267491824,121.8,10,0,0
0.06176351916524496,1.471034167210083,-1.9900825442204684,-3.517934177050996,-1.9860933392939577,-0.7227735219084086,-0.8496491456312787,2.4971772800204493,-0.7258540637778594,-0.5016671719698894,58.08,4,0,0
-1.1988872631767773,-0.9602091158132364,-2.168426729344749,-5.647711324126405,-0.5009317150660143,-1.1108302692016747,-1.880760815588772,5.049762272055776,1.137750922265644,1.3954271486965326,16.46,18,0,0
-0.9262527535587839,1.9150005982125338,-0.5073220137566882,0.38538978023248555,2.102682513674967,0.11236798144300919,1.596401245793855,0.892756623967973,0.032534442837079736,0.1763339262448514,21.62,12,0,0
-0.727379975817935,2.8128808075828355,0.31562465021173103,1.0441801976324543,-0.6288023238027984,1.5018396234642573,-2.202435985278292,-1.5868753151737096,1.4987868768046648,0.3287497812404093,26.38,20,0,0
-1.0320929198383413,1.4932121002257903,-0.2865451558662587,-5.323828205652551,-0.8112064828166914,-2.806328582010637,-0.9094631892751508,0.7688409778251963,2.7018286285608424,0.5149451075936546,19.45,12,1,0
0.488656329786777,1.8684518774730623,1.0838621725577087,2.187687911482159,0.6957264011696017,0.24021873179807485,1.142009109782967,-0.7628340467434693,-0.5433176451628283,0.5829937257319047,89.0,12,0,0
0.41182577087586203,1.9768612105021346,-1.0388445793617935,0.7188573212199516,0.6180610721386637,2.525018564136178,-2.4415213989431614,0.43599109225269184,1.467061334296262,-0.2738492753247169,82.42,4,1,0
-1.2042451297358334,-0.49076776690349444,-3.322469991338459,-2.097117207500315,2.1137820836378762,0.24094714531303907,1.0056574648370045,-3.108008675553985,2.078294797146313,0.9205577129338618,16.37,20,0,0
-0.2569145647356723,1.8528073284221385,0.40962042234399454,0.2636164412162605,-0.987113659814751,0.8625566565916816,-2.252718240342008,-2.2139720845903748,1.8666843011581737,1.9013390067198548,42.23,18,0,0
-0.2650152624596914,0.006910983608745758,-2.695343867707141,-2.7732590240359123,2.3361879306958366,0.1714293830467606,0.1410766486570799,0.929894870115226,1.9665688818934444,-0.2592129023380716,41.89,9,0,0
0.5304197827734385,1.5026214328313476,-1.1494028383027874,-0.6411930865150852,2.569493917600799,0.7846996280490361,-0.08190626395864645,0.8946381299431474,1.907040744062852,-0.2790296634745166,92.8,16,0,0
-1.3265860510764031,-0.6835340381391846,0.8526284457153939,-0.5457208406902055,-1.3302784673512733,2.1736439737324402,-5.9376880498414275,2.0223257317110495,2.926006251762937,-2.112609808547903,14.49,13,0,1
0.7442987875122917,1.5428706498061686,-1.8184844088286234,0.1413519315319285,0.4728941911914972,2.1333140878917103,-1.3440757574243292,2.3443201382670855,-0.23303252014714926,1.2452854309223627,114.93,18,1,1
-1.4933499095649883,1.3776024716168194,-0.1508284050674389,1.15462282252102,-0.615321614807757,1.8516101369819087,-2.106704733117083,-0.3752819459375487,0.5672511481840813,0.06214620832056088,12.26,12,0,0
2.921716048783923,-1.189715384529668,-1.48168059918728,4.200664026940792,3.4774660487128193,2.347536189610046,2.9345324568108677,-3.0209339833419167,-1.0727352874067224,1.1444773456410864,1014.06,7,1,1
-0.14414731750431614,0.45425347004270766,-0.3285866481854458,-2.489906665572519,-2.166460203619276,-0.6711305124666873,-1.7740657943365985,1.717239876846929,0.08798094224254482,-2.164039482861485,47.27,12,0,0
1.6426979739823384,0.6522260061369543,-0.6899249229567134,-3.02910662087825,-1.2349071419876716,-0.2164632412715608,-2.6368377722942595,1.5222908354777591,1.7447507507267401,1.290872171211244,282.22,20,0,0
1.0402156157627924,0.8588756501772116,-0.9720102486879991,-4.703947673895408,0.41043496680018743,-1.3637966577120268,-1.6787560103848023,1.7592522382879157,3.196842581744473,-0.19375340340416722,154.5,3,1,0
-0.8282537249445496,-0.8099746072145397,-4.584723695985848,-4.048360360518387,1.451546698157532,2.133557746912702,-3.138299195631707,1.9593333443606946,3.0417418308799133,-0.013383631676573807,23.85,5,0,0
1.4094676094932805,2.291893795766452,-0.02145990986106905,1.0920155244606409,0.9996902474143419,1.0486998867084398,-0.09646290436002784,1.565487862488044,-0.11131529324196876,0.4714931074668801,223.51,21,0,0
-1.4857826462124193,1.321103581656813,-0.003172924996977189,-0.8510501150910253,-0.501075197838678,1.912988278994631,-4.612386761319364,1.3134549102600912,2.976852818626034,0.5185128504195842,12.36,4,0,0
-0.07662494622776458,2.6167375996060342,0.6174626463763129,-1.4044816388546422,-0.015513153361610632,1.1399928807864088,-4.254975775805283,2.1002169238355624,3.5074434057765584,0.7816014215240603,50.57,3,0,0
0.6033293123592394,2.0235320244432264,-0.6052337100637201,-2.5800805569912733,2.7119790298521247,-0.25628864009163776,-0.9701131314693807,1.4167789322606523,3.822840687235118,-1.1260429753812284,99.82,11,1,0
1.6454108262330744,2.421509311085786,0.07132588565607612,-0.5402625165818544,-1.4038766947391716,1.5955046883769706,-4.130242292551256,-0.4380454389978854,2.531432447722916,0.2092571719282493,282.99,23,0,0
-0.6291504940542256,0.878324130102583,-0.5539778518251942,4.0454001037028835,1.256636231969952,2.3021765426234935,1.663920493537136,0.8117882612537906,-2.8814591482741836,0.6572621779205976,29.1,2,1,0
1.9631341726737987,0.5672071816577423,0.5386210315838695,1.5383845767756386,-1.4029632442782975,3.4178752889443897,-5.413117248469207,1.729735022375789,1.4248349148012014,0.7223931283504847,388.83,15,0,0
1.0455179697252097,2.592566597252988,0.15389809135681598,2.5535704234648855,2.5582210298758015,-0.9457544679467993,5.350443797082938,-1.6658602524149513,-2.1515726057351188,-0.45658883143570167,155.32,4,0,0
-1.000679028510739,1.7430602376905875,-0.14109546763361314,0.7951947282014195,1.1926639764940241,0.2259032949900175,0.9057468653124995,-1.6603345271721486,0.6776632130111059,-0.23151854406281586,20.07,4,1,0
0.2601902497961898,2.743697793949665,1.8431135621459338,-1.9359227075701078,-2.200005149419905,-2.2264133869154175,-1.0102771865386826,-2.2255324105329626,1.8704714872425856,0.31427038494613285,70.82,19,0,0
-0.026385307581881737,0.2641191241642925,-2.1351018076085304,-0.9657551970169614,1.6070408362454152,2.14963108257391,-2.174839390072712,1.612069702373396,1.9771704713780343,-0.17573986515737391,53.18,23,0,0
-1.810789357554256,1.3237221174732852,-0.5713683147412483,-3.0301697129553524,-2.3880453915817736,-1.699656501354268,-0.41097358317341626,0.14529535209908562,-0.15959933389163883,0.5746298169997943,8.93,13,0,0
-0.2559646168944877,1.342565758431533,-0.8260665029037935,0.8522528609616492,-0.21536865196350052,0.9541893035566638,0.07882996220080113,-0.687905466674567,-0.6472211914354753,0.2876787067327999,42.27,10,0,0
0.023480439626678524,2.261007287016996,-0.879204273931639,-5.656995121320331,-2.5954140144841107,-3.806305246661296,0.7084138112368461,0.03588626389053573,0.35674165323761875,-1.2893232954970095,55.9,19,0,0
0.2484256382305766,2.235816527606312,-0.664019183280196,-3.1346354044437734,-0.5240123425306296,-1.366406987455262,-0.7033360209613222,-1.515744583776933,2.3875069510448403,-0.171430829296219,70.0,4,0,0
0.027198662256950466,1.695320435735622,-0.7252758004921485,-1.499203296049956,0.43830670015537443,1.1769959814018922,-2.954573981589449,0.8401673577430729,2.8746942069576495,0.34310939588874845,56.1,13,1,0
-0.4733288406120066,0.9806073041813615,-3.7013825616109592,-6.116434136838137,0.33570266181401953,-0.9858691128698561,-0.9668915777326917,2.1348857277809046,2.1779587401181146,0.23406089587758525,34.01,10,0,0
-1.565931175192711,0.5698684264678157,-1.735329429452269,-5.941617056115595,-1.264712790122592,-2.0694988664213385,-1.2091778304863499,3.8505755627100884,0.9827371724949641,-0.46238027783600866,11.41,19,0,0
-1.3438826222242877,1.488673033728869,-1.3456481912940248,-1.3778785008091314,1.8149950725968456,0.5566690284038854,-0.4365237340607809,1.7316877292402442,1.5301036123922376,0.3942802149874846,14.24,4,0,0
0.7440974610361853,2.002427086637112,1.1556617542904724,-2.3322873477555066,-2.9025810727881303,-2.03872987904638,-1.0536838189713307,-0.20924239301786685,0.3826600228478829,0.45074437564297926,114.9,15,0,0
-0.4838646395739224,2.4663871762218204,-0.5168518714358589,-0.41328002915825435,-1.3761966294784485,2.6144130691600678,-5.070375683430476,0.9466537637522244,2.3739872169484038,-0.05830420266161629,33.65,16,0,0
0.9555475687513482,0.8147122371418001,-2.9074464889815697,-1.7259514789137385,0.25973165318152946,1.6152480539556595,-1.5508638940747608,1.6743562163245012,0.5433515803136897,0.7091320000016029,141.96,12,0,0
-0.5633751286448461,0.6282494330282057,-0.9541342946671758,0.4478211207399315,0.8784198632490505,1.4452396195403268,-1.0461527907318466,-1.7758603294846556,1.6170088275141485,-0.11181872484335133,31.08,21,0,0
1.1544058355321574,1.153584254482582,-0.25421515121742233,1.1841173751383738,0.9883036151211693,1.0873979746658335,-0.16314406387483543,-1.2800682042368308,0.7984948698726972,1.0906462969808541,173.19,15,0,0
0.46040932302015064,3.1592466682674463,1.6087387998097922,-2.2857229792308007,-3.2309905797733007,-1.9180748969662864,-2.0054755337088137,-2.0303401444910865,1.7844963434810697,-0.40840915562955493,86.52,12,1,0
-1.147748527213775,4.151615834117766,2.5530583300845135,4.886289631828803,1.158992907115987,1.0584347448351676,1.5918732833024614,0.8650644985177578,-1.8261103363266005,-0.08034970632524031,17.33,11,0,0
-1.097373371842928,0.8957899898918317,-2.293758250882938,-2.703029359635655,0.1812490137371674,0.7956359027078544,-1.9024836765468227,1.696750400647559,1.5288099927649212,-1.4573193143553655,18.22,1,0,0
0.7270050596342048,0.3012321495391064,-1.6498726842271796,-5.442852594287551,-0.9179452184234085,-1.486792837454633,-1.853415002329965,2.6904737672341574,1.9237445510765179,0.08543940641768892,112.96,23,1,0
0.08844146080463702,-0.23092001716275123,-1.2561798254140566,-2.1876523005572728,0.38349610372100296,1.2512186043107512,-3.206011245641603,2.6196580386904644,2.285665522108323,2.169415075337394,59.65,19,1,0
0.7911435821084823,0.22998814336672646,-3.433291939389675,-2.474308627651761,2.182165544730031,2.5132931296118945,-3.053193937104852,1.6607238678094576,3.3937035383216356,0.03671132635962395,120.44,14,0,0
0.4388526718260234,1.345966237875137,-0.79228797534903,-2.203398685496994,-1.1445604047841993,0.45420361443862145,-2.788969043386636,1.0832622471632272,1.6652454859307944,0.058990650019687445,84.68,21,0,0
-0.5290135762229803,0.34837599621270565,-2.2732199355733034,-4.774997649266763,0.06539769086557201,-0.26748738100849645,-2.3162148432033223,3.1340938256157416,2.2811454519275123,0.7787076598706842,32.17,20,0,0
0.23837276399531213,0.4464234969812514,-1.57226231934765,-6.329227290434811,-0.19199934818397413,-2.1940843452853267,-1.6482837031394653,1.1396055236947695,3.548412266829982,-0.458215234243964,69.3,3,0,0
0.5808162867047205,0.9620711493959382,-0.4783979828038053,-4.181673600789254,-2.258192541645197,-2.625808298802516,-0.014103051160589516,1.2075236881786424,-0.10537939416403042,-0.13550070110811013,97.59,12,1,0
0.227367749680957,1.202352916611279,-0.5855970527692457,0.5468589948263199,-0.5016151366422572,2.856775275833221,-3.779392170726126,3.5801243580275433,0.44183997950470144,0.2770668702678946,68.54,23,0,0
0.6814687585528699,1.7729836174914633,-0.27867439501357916,-4.086526305367319,-1.9952640186884376,-2.553046253829124,-0.41314795629513895,-0.9660777342683626,1.372432948872738,-1.4017007027119064,107.93,0,0,0
0.6073796816498379,-0.935337339612395,-2.1666782925509747,-3.1936692953158268,-0.801544508012562,0.2531025908424579,-2.2507581187988728,-0.8712827422749754,2.1205292715277264,0.25750755705067496,100.22,15,1,1
0.9467892696723497,2.1364271059367246,0.7748062785181284,-1.5835640563888889,-2.8150540223356306,-1.5187049883142147,-0.7046096900994493,-0.5568290631532311,-0.21981508002426553,-0.7230592569725008,140.72,11,0,0
0.6293504457644843,-1.7010801270579983,-3.0594866122380493,-2.577984070680843,1.3438762035206206,2.431416909458192,-3.7240638642908803,1.9327455890825713,3.081999699101096,-1.2748650355129483,102.45,16,0,0
0.47569869169985063,0.3377755735500795,-1.5150653640452418,-2.08512989653965,-0.1340655727453568,0.5760520230927797,-1.7538461398476073,1.5042632836335232,1.1451747254250444,0.9177796011515451,87.86,9,0,0
0.8190241278086539,0.31249531323336577,-1.8662713223366914,-1.9516206240294687,0.7572977852540739,1.57352945904351,-2.987990712896411,0.19567797667826792,3.0793859785875837,0.16203908960733115,123.84,2,0,0
-0.877686788424407,1.9371442709537976,0.11880755440213453,0.03254491600805793,-2.1640398144958324,1.491643462963531,-3.69330434066168,-1.95104119995237,1.8282489618128843,-1.0754860458408404,22.7,14,0,0
0.12293407378508614,1.0144453655958978,-1.6510846670500607,-3.621698429096057,-2.4105520076997555,-0.600170247133265,-1.6868413331230436,2.892735447761967,-0.48802118429728036,0.9160299968882906,61.74,3,0,0
1.366287286535751,0.5775139785264096,-2.516803824030461,0.46364865223641827,2.974368787577044,0.4862421951707311,3.3824796750963233,0.0660764981898776,-1.1785095527883176,0.531307358400531,214.07,0,1,0
0.9540950499349071,0.2506926179601381,-1.6863095470330518,-3.150250920106279,1.227990761930305,0.8584022301483902,-2.865682387455262,2.799448253876559,3.0961807023308063,-0.9404469478098437,141.75,10,0,0
-0.4089248820789673,0.1568776277464028,-0.8644107596868247,-0.8613010813582358,-0.9892289143289769,0.9736123483870174,-1.9317301213610782,2.1731773921772457,-0.15639470102003994,1.2357919585472972,36.27,12,0,0
-0.84252494881034,1.7315375081495263,-0.5358831780686771,1.290144510165563,-0.19801458328446753,1.6502755136835112,-0.9680872861917599,-0.1985419111846085,-0.1669132611275328,-0.23566432996808778,23.51,18,0,0
-0.8582215967665723,1.5449987783941763,-0.7606314050484911,-5.90036427513637,-3.1092600329635713,-3.958797535598668,0.6174417884301205,1.9515603792040181,-0.6558689344078403,0.38334964122678655,23.14,20,0,0
2.533696297462244,1.5918419689440892,-1.0329999762889852,-0.7689012737367179,1.9073002390778504,0.8280426502616616,-0.37931060995627863,3.1153270578393784,0.8101583042082523,-1.5243770615074939,687.94,10,0,0
-1.210678352732271,1.764111649252734,0.13422655169302455,0.7847967072309853,-0.3656012197061078,1.4452579593972477,-1.8965610459592037,0.7612385006960853,0.5371782857703077,-1.5347430129775337,16.27,12,0,0
-1.113165458738313,-0.44963804734804613,-2.950464582323252,-3.6300270539185227,1.198476299186823,2.3259459091849024,-4.58278280590047,4.914697115089537,3.15322673982906,-0.6054048588221018,17.94,22,0,0
1.3760329110003193,-0.19899388700507714,-2.577134222312274,-0.946637299047809,3.7291554118128545,-0.16243210651399465,3.020450775426882,-1.0528284984807408,0.8546459335926013,-0.5467802029087245,216.16,1,0,0
0.08805621629959647,0.3154638548621991,-1.9176459264379218,-3.0687708093234813,-0.5659948932955632,0.1703783220462598,-1.8140889726736669,1.746298243474417,1.1193090228620497,0.894665249739952,59.62,0,0,0
-0.3497697827243082,-0.48575520832323815,-3.1931508607887835,-2.861348289560733,3.5564234320528865,0.29603080970933693,0.809650085478691,1.9642177798531566,1.9006413423097652,-1.2801959796957925,38.48,21,0,0
-1.0437211369027333,0.06751304384297052,-2.341241303537626,0.17493186612521383,0.9638754111068577,1.4996756653718457,0.22657629298486218,-0.7632228196624689,-0.08980022740406923,0.005410652886336716,19.23,22,0,0
-1.201439052686664,1.1787368462647319,-1.3666532618435412,-4.899376315913028,0.18657130251058884,-1.683931489605078,-0.9579225492698822,1.3220748592618883,2.647174643659212,0.13323575140230665,16.42,11,0,0
0.24002849796113027,0.33042755617284914,-0.8488742868049424,-4.083370844875903,0.5777936694138037,-0.6913880014807945,-2.3356692012284723,1.57119913176118,3.5310014385900486,1.2799675220105484,69.41,1,0,0
-0.4644292665134301,-0.6561959074126644,-2.608067969272439,-4.584685709850875,0.6859255678640752,-0.0854971066637773,-2.023483433101849,2.1432138214830583,2.643751459583921,-1.5299200760882354,34.31,3,0,0
1.5027850902156612,0.23521228095710367,-2.8018277428260676,-5.618413582065909,-1.7307454362936343,-1.5344167658275203,-0.8132916073141192,3.3342738494652338,-0.13517278468756877,-0.11762732735588753,245.37,4,0,0
0.06738102571852511,-0.12978977631562216,-2.7765243479857826,-3.550750859638647,1.0999198893276103,1.3336272594299077,-3.0850387394206917,2.569026499603166,2.984498858182995,1.3518508384701744,58.4,7,0,0
-0.9905582266193909,0.1493744774515724,-3.7866524132239725,-3.4342077604858425,3.1889401900077337,0.6567635270130717,0.16766642134908183,3.201204816415758,1.7070089844015186,-0.4213927724703129,20.28,18,0,0
0.7235777041881041,0.7881184964623026,-2.1983348007342163,-2.7101147310314864,1.9943790702404294,0.6637272538268625,-0.9887884018196409,4.1050576295328876,1.4719202719375168,-1.5716471229312272,112.57,19,0,0
-0.2971631882359553,2.340435078036214,0.3778006332050228,0.7791291175997345,0.6782332547816953,0.932773358487034,-0.8514518401710264,1.1425990690062322,0.6714334478299189,-0.2503521180706513,40.56,9,0,0
-1.0878696735173077,1.1909846798957326,-1.4915005196419433,-1.5077308205964655,1.4014111920357182,1.2487241669217652,-1.7611540963269992,2.6756000490589917,1.743163983504433,-1.1461056434423067,18.4,14,0,0
-1.0908021815345974,1.4672702768416752,-0.12600843851939514,1.4949121117821713,1.7105585400804277,0.8008263654252592,0.9977309868754579,0.20184933660823945,-0.10886765133180787,-0.5947638249677298,18.34,19,0,0
0.058653422114057614,1.6354456176357344,-1.170088417754917,-5.552366998244946,-3.0802770468696927,-3.147960791657903,-0.14651473207420845,0.8533295084206063,-0.0003709493918484519,-0.7892863086631654,57.9,5,0,0
0.09833668061912254,2.5147299581491005,-0.7876720972362858,-5.147072734579908,-0.882061312612411,-2.272915401301562,-1.3270354330470662,-1.0473134944240756,3.461475240939472,-0.7734323900572303,60.24,15,0,0
0.781680280554154,1.5966680644848181,-0.7184438816355705,-0.3361396667229458,0.5540538528052089,0.9204079761520132,-1.0884828543774638,0.31686455362578625,1.1772267646180907,0.2892797761676543,119.3,6,0,0
-1.4540371693165741,0.5238612429022905,-2.000747022137367,-3.580595763925764,1.2442782333991864,0.2304657824190116,-1.8721177448292599,2.363530668097681,2.7125038061150497,-0.2509482127418381,12.76,6,0,0
1.2695533824176173,0.629690296386423,-0.0852832884457928,2.2876178205358326,1.2267341869775101,2.254794830103987,-0.9696150956776549,0.5744669469551317,0.23488412817280324,0.6042343207794799,194.33,11,0,0
1.9808435231754493,0.23029600547420725,-2.4751701440104883,-1.078066926746846,1.6272357585983344,1.2894035159695807,-0.34477900513899895,1.0699111408362554,0.8184885878985471,-0.2839418619499268,395.77,23,0,0
1.192755911550684,0.7056970762732802,-1.8934270921753842,-2.686678307593823,0.7067148135263754,1.0102531440137137,-2.7072555438633303,0.84296907569549,3.0210210565282782,1.5998204890261702,179.96,12,0,0
0.5173407618597827,1.7014484062394128,-1.6918652447306042,-7.009041328189739,-1.7042673734961538,-3.4485323030018167,-0.2769107819907135,1.6241407261183045,1.5604621714405775,-0.9859041720458999,91.59,13,0,0
-1.0352515311260857,0.38065303383926463,-2.787907077343517,-2.865279990423437,1.932545763710556,0.9759869419551268,-1.3452197148656289,2.2239193836811655,2.2314778490030607,-1.196178244040378,19.39,9,0,0
1.0597472451279286,1.3216541057130722,-0.7953820563345586,-0.1678944860257693,2.3814740591204595,0.9151149290515763,0.011510142389832818,2.8811923845055056,0.7514082038716002,-1.5158609662935316,157.55,19,0,0
-1.5982665286513433,0.49958763642895376,-2.3594244364370205,-4.355832103686803,0.28157569021112794,-0.5364489939376228,-1.182441313166092,2.6736820371977585,1.5754515778500209,0.8174734409984437,11.04,8,0,0
-1.434434389279496,-0.3004374758099926,-2.9026527975119456,-7.326403344570806,-0.2874737330198571,-1.9706017102472253,-1.418438483735792,4.6118823220396115,1.8744687245712772,-0.40364246359149075,13.01,3,0,0
1.321648336070658,3.1103259967899075,-0.929824735511628,-2.4222242674986636,-2.21949646605656,-0.8270879156761846,-0.9289617797522508,-0.9077200489592248,0.46012339318446915,-1.555875204680415,204.72,22,0,0
-0.6184325009730715,-0.9839158038842724,-2.2050653130897935,-6.927829444233431,-2.007708518521212,-2.501362563373175,-1.142380726378269,5.352999869292255,-0.07320549477638205,1.8242554894414604,29.42,12,0,0
0.5624299631492404,-0.9825489100278226,-1.0287284963083183,-3.908316080460137,-0.32846193906104226,-0.8220188089402176,-1.9241308529055887,1.9554917005031913,2.0203588479640633,0.5008886317064386,95.82,13,0,1
-0.040073102148572314,0.07436376556386093,-1.8109409296138086,0.39682167794600215,0.6981154981681085,3.7712727954054603,-4.12447956529328,2.5245410090888845,1.5937802274266577,-1.1371844427119588,52.45,14,0,0
0.13213865038541203,0.1473364196929794,-2.0098086089763423,-1.8185256717128846,1.3115486912144538,2.54032341962603,-3.952753489545074,3.6471881366548224,2.717006210417005,0.8095734686960578,62.31,17,0,0
2.0117173136867432,0.4457597050190676,-2.2484994775077505,-1.5418058297601298,-0.3891098762667644,2.1519380207737395,-3.15730606048262,2.878116897850031,0.7994421371534869,1.1389332911833032,408.18,11,0,0
1.5837172161013229,1.2396415540826289,-0.8017439241682407,1.3198916648982069,1.1147161924849165,2.1372433521088086,-0.9924132304722928,1.635436614356719,0.052016841437992456,0.2250142333826396,266.06,18,0,0
-2.0320347430322148,0.47323798742026557,-1.6234405987204625,-1.1443746620100659,2.137850450392719,0.93685147783771,-0.5570329001706126,1.260717961045812,1.7303377274007263,0.4918945280959914,7.16,20,1,0
-1.5337140534710094,0.6189117258643363,-2.031643448727824,-2.6180235263910148,1.9682365474641763,-0.19547074716954582,-0.19820589954747533,-2.411663271099936,3.469663665724318,1.1201434169107698,11.78,9,1,0
0.2786355715140651,1.2618309605731244,-1.1117530609190778,-0.5047679394065532,0.035050234195817875,1.4740376061850264,-1.9342971621062721,1.3505375821267458,0.8404627997795908,-0.9206864641269674,72.14,3,0,0
1.5171794207389715,-0.5854797483287644,-3.4679892572991493,-4.23627288216069,0.41905760710618467,1.4618867753957028,-3.3807182671975493,4.292706071878859,2.001955641621928,-0.8399714738832023,248.93,0,1,0
0.41287386152763456,1.8432940917447145,0.4426328118125795,0.9113606523439751,-1.8800928806529178,2.0699747839409794,-3.9323976467454282,-1.220679675305708,1.5741932337508113,-0.45532513372121974,82.51,23,0,0
0.6198744742043522,2.1616851937490713,0.7141402627615927,0.1572685477471919,-1.4447174490960455,-0.056491370184125866,-0.9448779983733444,-0.8637043193944123,0.22122713530903548,2.453986713321843,101.48,16,1,0
-0.043841065115576464,2.496037780240057,0.311102288253575,-2.5011484336788947,-1.9536043088254065,-1.8598213449069494,-0.4449944312835276,-1.037293146746037,0.874051787700673,-0.2190837265918183,52.26,2,0,0
0.5719042572756993,0.20473203527332495,-1.6113049597209728,-6.502387415698463,-0.4252858956198078,-2.2621853011211757,-1.5941978734883844,2.5697551021914378,2.803640980815019,0.7612785115933033,96.73,21,0,0
-0.8827807343605869,0.006611083847153587,-3.328573198254735,-2.409126997696788,3.151531363835348,0.5564666808416407,0.6922053857976496,-0.056207174298940066,2.1857627228888274,0.3558247286507517,22.58,11,0,0
1.2877508819849344,1.269798436169744,-0.6685943218585044,0.010275413182936415,1.5884879872827755,1.291418892348537,-0.962420357539417,1.9546464025131236,1.0977661254049091,0.5661362373016384,197.9,6,0,0
-1.6472804358723592,-0.07316465374791425,-3.977527095283163,-3.496771031889874,3.1593514301730794,1.1264949426177826,-0.5453978855564912,3.669698726663622,1.9438378106967482,0.8032018531998337,10.51,6,1,0
0.9637692118929433,1.6729700890470007,-0.6167232497158665,1.155354909955704,0.39442525768005987,1.9039748839556643,-1.047104876374395,2.504034448335074,-0.6482939475907334,1.0243875794595092,143.13,6,0,0
0.5382065319149919,1.8314442539899018,-0.8316151238822674,-4.671418929041923,-0.9017184827060707,-1.86071157395692,-1.3029399855165127,0.7552586056122601,2.3580252905208976,-0.03840551097234644,93.52,22,1,0
0.6463572194556845,2.36669538916922,-0.4068130097526046,-4.535758193723557,-2.2020333492956707,-2.64735453823744,-0.624141939627074,-0.5576556369216359,1.44819562096815,1.5450216298249113,104.2,2,1,0
-1.3329050318487685,1.3492013789918877,-1.72197171171163,-3.97900650721965,0.18336220404698533,0.9106281380444003,-4.279230269731839,1.9998173744264283,4.112299874437614,0.0727187022044121,14.4,1,0,0
-0.8144884404253618,0.28499786352903067,-2.0388675718829816,-2.985675989868817,1.7015477122319669,0.1098547799641425,-0.9639607144549112,0.5481209823612951,2.7911964020705273,-0.2725184730362525,24.18,14,0,0
-2.068264121836695,1.9636444936131285,-1.0860737352540475,-4.546046911371255,-1.338505172494902,-1.7026825296473502,-1.2156786944468922,1.2844846196307838,1.55750007024831,-0.04440909272333034,6.9,11,0,0
0.6526628730177092,0.9450995901047792,-2.176727835996105,-3.3976676537615327,0.3013229354514195,0.26308081051627674,-1.8042052779658933,1.9654400889465862,1.896744854758909,1.2683996812003226,104.86,19,0,0
-0.21053771109476888,0.540690379979547,-2.395560635928092,-6.1937354427137,-0.5711424409118758,-2.2607191702975107,-0.5148456342306988,1.1532281646416533,2.0105198165520948,0.3820481568531738,44.23,0,1,0
-0.6265158260343674,0.7944798712879454,-2.411950858689689,-3.2930882845935874,1.7195437979445996,0.501474694226065,-1.3770509533967392,2.767060530155989,2.2942000528998205,-0.13829930033622212,29.18,8,0,0
-1.125264810532819,0.8760431833990165,-0.049653137692837745,-3.9338625560225484,-1.1160075744375457,-1.5210974602579095,-1.8926451696792388,2.027071718910051,1.9021024132794144,1.4069507299152106,17.72,4,0,0
1.0618279349039337,1.1216224124956828,-1.5845973969195122,-0.6602675227788578,1.1978138860341399,0.4937834426783225,0.264106576730797,-1.5776735873614667,1.285145454270854,-1.0396544891405974,157.88,14,0,0
-0.160248369967276,0.7850896774784779,-0.5486890561577432,-0.1633563590849593,2.152656139345577,1.8194323204795237,-2.0831255768753496,2.7503987758069712,2.158645449227164,1.0609097887479455,46.51,17,0,0
0.6658569555593195,1.4594958369477644,-0.7861673581599951,-3.658115145483758,-2.2176163072326074,-1.1429389882152967,-1.7018043565160035,2.180350376313611,0.38249495164349345,-0.9772468242404968,106.26,2,0,0
-0.9612346268409167,0.5420588857964378,-1.5313420506959332,-5.859735836780275,-1.612746672138813,-2.443541679251412,-0.9254226153436046,2.155774736356503,1.1934705807644452,0.03069710026654776,20.88,20,0,0
-1.0785483353122058,1.203149872522304,-0.7616346837093273,-6.9071773386297375,-2.1681224776914023,-3.916815091465234,-0.44435212435940585,1.8907145568059824,1.4550339712872908,1.232436190113905,18.57,4,1,0
-0.2832601907710681,1.297772465948282,-0.47704342127192045,-4.16419320330148,-2.4460642220232938,-2.6121740883778832,-0.12251411722380766,0.6721043822220286,0.05106498578608076,-1.2707065592986462,41.13,6,0,0
0.00064771648642174,2.007071064648727,0.309440718368873,-5.184682787607526,-3.325274256564362,-4.47135993480203,0.958429046744617,-0.1021281640887779,-0.19136069184554994,-0.5139986905915511,54.63,11,0,0
-0.0032058418575748593,1.9720963011851675,-2.1531806334862056,-0.9073799131508474,2.9549146429317443,0.44571514331305784,1.605030471850619,1.700612768235737,0.4902577401807796,1.3367260894063673,54.42,4,1,0
1.0668818305186503,2.0125271744531124,-0.708647070556991,-7.092695603765681,-2.6429103055862813,-4.824353315169165,0.7537792600545457,0.703583919759291,0.8738965916405612,-0.6690499567882913,158.68,20,0,0
0.8928104216832944,1.9844236727890148,-0.5430987943319937,-3.758892878589805,-1.8624450601298084,-1.4342259204597758,-1.4874708175292979,1.6903770523809367,0.928825354105561,0.990218372359,133.33,17,0,0
-0.0007412582354759837,-0.7427028336657577,0.8190474385989306,1.2994719934799288,-1.7484414570961937,1.2758001782526083,-2.330553136500453,-0.3052614838395058,-0.15029837551253422,-0.7492304630927065,54.56,13,0,1
-0.357869112993061,0.7957259459212325,-0.8599713669851189,-2.3617375995235386,-0.5652117665490339,-0.5042426825252722,-0.9640679214379612,0.8723140585086858,0.9337749257130148,0.1989079238543777,38.17,22,0,0
0.24421370417432245,-0.16856323375333426,-3.6005939315313835,-4.844614835181987,2.8161395573654318,0.26385595515842974,-1.396412175693079,0.9150426101422695,4.264175582376429,-0.9040841467136802,69.7,3,0,0
0.23600296254830577,0.34437832351461695,-3.1563238339057156,-2.3085778327412503,1.4350530203146652,1.5208749978492593,-1.5396728290061255,1.197158941466426,1.8938914231445354,1.4792708374117007,69.13,22,0,0
-1.5914286980539354,0.564527374705588,-0.41010764738424954,-4.930769401892329,-1.9006025574687548,-3.0509868875094446,0.007756386584674521,2.2385831871154256,0.18102679128922028,0.38299890949437043,11.12,14,0,0
1.046992575075993,0.8484701134640732,-1.3297811071933547,-0.748376031968624,1.9654827803713661,2.216449421353203,-3.105438974651897,-0.7091371781687701,4.129190120762879,0.5260069570917719,155.55,21,0,0
-0.19015562253138696,2.1384006098093775,-0.6801442963710207,-0.5474911224296146,-1.4976433839561956,0.12292118226142112,-0.64872165451558,-1.5979743233146662,0.08670111400622349,-0.0324860077386821,45.14,18,0,0
-0.2652040061840052,1.2687772770479397,-1.2801059098518561,-3.933075225349137,0.5415671161969591,-0.5537462933833355,-2.044677824466177,0.28978332107711535,3.633893862257379,1.608193430811278,41.88,11,0,0
0.7141056410526756,2.1408524896381653,-0.5823159015519951,-3.263320709504178,-2.8253883803983832,-1.7933962349557802,-0.5025742101380881,0.9684381750212272,-0.5803810690467908,-0.6553553974987388,111.51,2,0,0
-0.33323360627869275,2.0037687557103467,-0.619958002534133,0.9977576059311105,1.4260166326795989,0.4786643559309418,1.6445636025271457,1.3732468656373618,-1.143818555492189,0.00039144955111737167,39.13,6,0,0
0.7221167661753046,0.8884487235349259,-1.734577351856089,0.3380872175103736,1.3940809489220867,0.8947201895338674,1.292542353808281,1.5086498672659656,-1.1610004267213176,0.7662534678541173,112.41,22,0,0
-0.18079585758419636,1.119236889808759,-0.5682927656725214,-3.44525718290026,-1.6220438586515615,-0.8008975063806933,-2.226764863142569,1.8423052318030828,1.3283519867336853,1.968978362929579,45.57,22,0,0
-1.0236208093021193,0.017200237857086575,-1.348553491361299,-0.5500283712863147,-0.09593151225592522,1.7723412710069408,-2.484684372876519,0.32645858946734907,1.3388713513347208,2.1768318088486414,19.62,22,0,0
-2.0748594701271386,2.810304619042735,2.152627757227587,2.862419102853223,-1.1566726216285572,2.593046006689919,-3.8582219358920136,2.353129346867047,0.3961552850245177,1.113597284832161,6.86,16,0,0
0.46629124155911084,1.6161928940987127,0.594102678557755,1.1703223893747006,-1.2195993365866322,2.895160899649989,-4.757113605792206,2.47107940952226,1.1474600788300742,-1.312421558074272,87.03,22,0,0
0.7193188561962913,-0.1400574612250527,-2.4443278294522335,-1.7861135808702968,3.5528238935655514,1.569686431016218,-1.1485763066734171,1.955907076480103,3.0367415880506847,-0.8556149358976146,112.09,9,1,0
0.5929237816916234,0.6321686718886762,-1.0770810452819166,-1.1129377297884553,0.9010626225291543,1.115342745688829,-1.927544421265687,0.36139752930973945,2.2511524945368566,-1.4666543970152952,98.78,20,0,0
-0.5674715246293163,1.6544201863320764,-2.2477503783675914,-2.3253410118885744,4.9604617253884,-0.724533452286598,3.0122156424519155,3.891385518446752,1.025870221660804,-2.1411130836036505,30.95,19,0,0
-0.5293081148045281,0.7194113199120039,-2.1088575026259395,-0.8801620230879088,3.0075884487007425,0.4958592682134798,1.5077305630466684,2.097151390276048,0.3257277783191288,-0.1737066064271497,32.16,12,1,0
-0.9515060279989843,1.6627060774472204,-0.5436066101091543,-0.16988319101921118,-0.49907207052500113,2.7845118529163075,-4.558319890226157,3.4770857085833784,1.5108622425621236,0.24004468568396148,21.08,18,0,0
1.387903900445587,0.44390114961962357,-2.580814137706092,-3.1960234573160364,2.521213937892276,0.8005366426523857,-1.2604021872941367,4.172318690644882,2.1681083335404607,0.15216329916580879,218.74,5,0,0
0.643075570597847,1.5963776820090785,-2.4053294513290004,-5.1506605643761745,-0.7026444270452891,-1.3945501696453957,-0.8757531326313893,1.175276003112886,1.6618889226555287,0.5397833713202946,103.86,5,0,0
1.2754425193581485,0.47881897634139436,-1.508768075244201,-5.066733254892257,-1.4500535989005379,-1.8306433068162953,-1.0435726680449033,2.7050576172573715,0.7521325072812102,0.47634651848709814,195.48,9,0,0
-0.00245141148749578,1.2390720730131775,-3.7315237598732445,-3.654257212970388,2.7128210005091002,0.635265311155974,-0.1358866224951933,3.9045228348205603,1.4996237214476225,-1.2771436611232394,54.46,14,0,0
0.2767315546546937,1.4473932533996345,-1.230228316054817,-1.746070776456691,-1.0278535985528847,0.04232858635788794,-1.1805210176431464,-1.2574812495238519,1.1132594727967804,0.5305851211270626,72.0,19,0,0
-1.1636587223226202,-0.7472701629168275,-1.3526861751420898,-3.9260195529510766,0.6427425939477254,-0.30095800852317656,-2.18372996911402,2.838169421713413,2.5740852777641594,-1.4126709514778892,17.05,8,1,0
0.27295790714326534,1.8389422757353788,-1.491326725722184,-3.3178039448444308,1.2615026642775637,0.2947545862407116,-2.1804964544562697,2.5805320516989028,3.049931288070836,0.38048106267522896,71.73,20,0,0
0.7317291832183865,0.3288715180904327,-1.8817870700991643,-3.3906903731293934,0.2975073426986703,0.33461589556909077,-2.316821029316146,1.7547832824142027,2.399719736375234,-0.48050545795725047,113.49,9,0,0
-0.5472618283300744,0.7592506985640383,-2.9899523963917707,-2.064381048644586,5.154079249548898,-0.9261070153179964,4.4992922222999745,3.143409471171024,-0.11779524247759698,0.49641973742691364,31.59,8,0,0
-0.8961324455305324,1.967880558541328,0.7647379024247847,0.0989598746783875,-5.966240394271504,4.229738865782551,-10.653667283885245,-2.240294481934952,3.9708150307939816,-0.3187537280101973,22.28,22,0,1
0.7169928960218265,2.2660668905239856,-0.6034811470749346,-0.6242878681089308,-0.5591000584955537,0.9755599737355355,-1.8819936822438115,1.024386131387438,0.8057335564578374,-0.3818835051318676,111.83,7,0,0
0.8328051544801481,1.2688141673228357,-1.745709461330416,-4.055521467466949,-0.024661384957370025,-0.9029418047162192,-1.1262887387855156,0.5405629589189309,2.2800714351124243,-0.004905003734413969,125.56,20,0,0
0.08078905256551826,2.4518377300125915,-0.8589057872555399,-0.327878811843367,-1.5195766370067816,1.0234253313816575,-1.7212145394341385,-0.1900540421826793,0.11336942702916164,-0.29268366396298157,59.19,17,0,0
0.614395333657911,-0.5180130210456666,-3.3985162832913716,-3.271441611544142,0.6299999755570557,3.1588585854455875,-5.417998096985816,4.566039405537162,3.0229096513524776,-0.1777297886716801,100.93,5,1,0
-2.050166874408336,0.7230976826535067,-1.3144582084334386,-4.9721096352705825,-1.5518448636552917,-2.115578135916322,-0.6690450031761789,2.3550203133839456,0.5862663946352034,1.5235166833971054,7.03,17,0,0
0.5770501056599671,1.0987594134089709,-2.4055420982496547,-0.48949995926579626,0.7041898856009615,1.8290516627073463,-0.8274199877916584,2.222994664014809,-0.28683639662131233,1.587076765902297,97.23,9,0,0
-0.14675347263920774,-0.7905822220339525,-4.51994362709198,-3.9066244413775584,0.611606288248966,2.106706801926448,-3.1907767472494544,2.2379343646565557,2.2112261542733185,-0.4467524176996545,47.15,5,0,0
-0.29674956894899224,2.5697301716286587,0.570213291382546,-1.3074615355617287,-1.9151455570258897,-1.2670738006199815,-0.4358365977280253,-1.3440819963354744,0.460152269848335,-1.7977388679271376,40.58,1,1,0
0.331395236560246,1.6402424457832936,-1.2602381728279917,-0.7882223867318033,2.08769271429766,2.765845099563374,-4.150628152729168,-0.1442868860623414,4.8864259225200435,1.9958701444422808,76.05,1,0,0
1.800367075704792,0.6477223126969619,-1.7892412360204974,-3.248063977960543,-0.26183768219751424,-0.08237103831859405,-1.6321932707765383,1.4853448748176037,1.5339521315440092,0.692729338286548,330.42,20,0,0
-0.21729792970817033,2.384327879039467,0.3719438893928717,0.3967170658863838,-1.9368085861489892,0.7601081379610417,-1.988026071622816,-1.2497961614731425,0.45801465671783625,1.4693537676008963,43.93,17,0,0
0.8871359675857555,-0.6859170418130973,-2.859067419545863,-2.5733818638442907,1.4513284214752444,1.8229214512969065,-2.6565990451455415,2.522788050026066,2.3506897635455215,3.0071160151089256,132.57,23,1,0
2.0100268168465805,0.6854886816809056,-1.8290311809438593,-0.9274449260260876,3.349695934718934,0.47523883527257793,1.1122615062410783,0.7860987176156669,1.5543116707097449,1.6009594118134944,407.49,5,0,0
-0.702105705697462,1.3525046149770836,-1.2100144775660342,-0.5285294193995301,-0.3749108342804205,1.5821540396890772,-2.217617083462339,0.9176278822586786,0.8538652785403403,1.0641416443068683,27.06,21,0,0
-0.18138072416991444,-0.1234440127232368,-1.3881023269390294,-3.157680789139117,-0.2194367144285836,-0.15349638898047702,-1.811325065353756,1.9236812757751252,1.5593081242694455,0.26946514295530316,45.54,15,0,0
-0.8498033966714585,2.026434087048211,-0.7994341153873779,-0.6447254332334762,1.3744648561985908,1.300706634084538,-1.5447432302979653,2.9664274179953933,1.325403726355152,0.14505262308143965,23.34,2,0,0
-0.2833594881882118,3.389922010074061,1.0918517444568632,2.575957083254071,0.23167852311174453,1.4601158019168194,-0.7328824177141068,-0.27816749120820417,0.15415597096347278,-0.011777722324538003,41.13,20,0,0
-0.930961964579065,3.4185291418141084,1.2859628473910483,3.0017039928995275,0.8184850235029808,0.5570336381296769,1.4930576336679284,0.1304169108297435,-1.2713773836439135,-1.093435816609383,21.52,18,0,0
-0.43351576104029954,2.5504866118386342,0.31325216461155736,-0.0910747646243426,1.4650325521711052,-1.02085928898413,2.003195854152621,0.26804683414617647,0.11694339833971812,0.42419450595756825,35.39,16,0,0
-0.6837047412119718,-0.053901735137388274,-3.2924070626043482,-3.014925690507121,1.7481257762541045,1.7856289336567646,-2.4949807332543164,2.7575493536421503,2.526952993717527,-0.29898992378728456,27.56,12,0,0
-0.5081021722410526,1.6312368473015457,-0.21300537741703374,1.3451775729805537,0.29966752485111214,1.451190068040955,-0.9203102288724122,-1.6190979248553667,0.870913601671073,0.6990193666520478,32.85,3,0,0
-0.5421166535593182,1.6310727908155773,-0.14167199568829258,-0.11415413630075903,-1.8571485623653068,0.5485820237036809,-1.5158822775611962,-0.3026660483635817,-0.18410323298571019,0.6833576846668491,31.75,9,0,0
-1.757071880727056,1.4979617937288559,-1.5270907898256652,-2.3764481811476577,0.3266131564929682,0.9174945311298389,-2.4435180895813917,2.6363491144211224,1.8516318891650134,0.053295235962769104,9.42,13,0,0
-0.4769569036860185,1.9440924290023402,0.974423976050858,-0.49700421938247435,-1.5576175792976934,-1.2072633262756607,0.2728232329141756,0.563342346621649,-0.8611004937977855,-1.4726819210501485,33.89,22,0,1
-1.6610771926388324,2.256918545036274,-0.004016861440410802,-0.03993611213830511,0.3471077962662201,0.5065462802422719,-0.8047512092049343,0.21377460964679118,1.0280223438427003,-0.9132771218495829,10.37,7,0,0
-1.684612203693952,0.38557823005507497,-2.1684076802021073,-0.16860249260953825,1.5821263988998793,1.4011621198947162,0.20167094911274208,1.1464286177207026,-0.01567600171673833,-2.9155480122991695,10.13,14,0,0
-1.6765740186433356,1.086189031881013,-0.14267722028625274,-4.392794475691909,-2.4602578645537303,-2.8012376369821723,-0.48977716561865864,0.20591198925584409,0.7313806180889504,0.13897414275562092,10.21,13,0,0
0.8841715820582203,1.533292577606607,0.1375922648758161,3.89915874990992,0.7479581651843764,2.7227770130910844,-0.5174770259779296,-1.7282854575958515,-0.3072805966648362,0.7366508936792273,132.18,23,0,1
-0.4331039951623871,3.9007784685413585,3.8880820682962227,5.218999148195496,-0.8064259347573486,0.6591037967362308,0.19077898792515058,-3.2874617272673916,-0.49456884802201295,0.7194938911520297,35.41,5,0,0
0.8809763134661028,1.3919154147774548,-2.0742724766623213,-1.775530601660663,3.015836860974445,-0.33647860159290777,1.7980312369902416,0.46785107025638595,1.357175823148003,-0.0834356597942555,131.76,20,0,0
1.7030611440942365,0.8488423038704519,-2.407559109627843,-0.8483750814363634,3.693814979193217,0.43211331237509343,2.2801955813711836,2.738807214257326,-0.033045944040579034,1.266773958077,299.78,17,0,0
-1.7837716802806545,1.5559070984678565,0.44510893336403434,1.5865237975475825,0.575574055613513,1.8314103057567885,-1.707365780364134,1.1645476760106785,0.6848086692680474,2.494623835853028,9.17,9,1,0
0.6358862584430358,2.5010806820954548,0.21837807641879947,2.0142011290764525,2.118448717650952,0.6056980154577035,1.5917440040976802,-1.2438398704603368,0.33019428676420637,-1.3326490620546836,103.12,20,1,0
-0.2789711107924645,-0.31434314972121635,-3.7308752688100046,-4.063525533911723,3.20804996975658,1.1684552817998328,-1.6817817585603518,2.902498277040112,3.50089489082122,-0.12547385011243717,41.31,7,1,0
0.3483081328327691,-0.47586008773202204,-3.087650755014217,-1.432299142518124,3.8486352313529535,0.8910836804145571,1.3398853945004492,1.605658412660289,1.1452149425618623,-0.6774003926051014,77.35,12,0,0
-0.9372821067703355,3.090899215617643,0.7863298112363089,0.6785670829209014,1.267595494804696,-0.4888283497852568,1.1455024849284292,-1.5242060829852158,1.0889725501143663,0.2124086698390927,21.39,17,0,0
-0.08819474986773551,1.292822481836002,-1.0942102481620486,-2.8956350670471522,0.6281988279376782,1.2810016537591222,-4.2566845519575,2.023964297433815,4.097472645857993,-1.2992221294078505,49.99,9,0,0
0.6355895531582605,1.0937485997887775,-1.9893686194571956,-3.5972204280643836,1.3894254963836008,0.4854845555779712,-2.5791761246634337,0.19556517709778598,4.2731751197701096,-0.9004128753333075,103.09,1,1,0
1.126198096297274,2.876184559416711,-0.5102332462998993,-0.3203213814763357,3.2099330048336396,-1.2011552660050164,3.6579000899875473,1.5586085612712397,-0.2890380467965712,0.6996953587373086,168.38,7,0,0
0.03731668314935392,2.398315576545912,-0.4171241503876426,-3.272758418333828,-2.144676120086949,-1.2222344637098956,-1.5467622228079372,1.340359486321048,0.6907960081629863,1.0907833982925381,56.67,14,0,0
-0.4216084645328805,2.1617692961828006,-0.7180514934349148,0.4675850440911796,-0.7301781528269629,2.29513260187171,-3.0231710556656264,0.6551616537812013,0.9546732553700477,0.6476450662918393,35.82,12,0,0
-0.66160950801852,-0.7566321854519529,-3.6905044861580025,-4.3577870105620145,1.7275661799830933,1.1182603359024454,-2.3339877702693914,3.658107027331768,2.5637483473732887,-0.14590513978844585,28.17,2,0,0
0.7383362708987211,3.2787466417740783,1.5833839223633868,2.5476287007831626,0.48356670917071154,-0.044503023378563045,1.493384093371078,-1.1777784914062364,-0.6705152024923413,1.1728604080533318,114.24,1,1,0
-0.9216149336404471,3.031551703056424,-0.6684524871117176,-3.1022040066256293,-1.8683008128835596,-1.8460788555202732,-0.14480596421828998,-1.9549064033926948,1.0901807290863141,1.152604931693283,21.72,21,1,0
-0.7571279168954337,1.044503267311579,-2.088643910557444,-5.884180539114674,-0.9330337403082845,-2.2915150087698706,-0.5739084836142795,0.6301880972810625,1.9559273916798108,0.44396104649250795,25.61,12,0,0
1.182609233573114,0.4451218099140559,-1.9794324390723455,-6.106413820624529,-0.7823355477245122,-2.0632817257591825,-1.256429805145786,1.728922215868257,2.246412822059947,-0.052542918432145834,178.15,17,0,0
-0.9162646872871953,0.15637473070019325,-0.9471158265154747,-5.9186726248350245,-0.1599108487098353,-1.9069502302684775,-2.1473930666587817,3.427370879554524,3.0177197993215117,-1.5449751586728582,21.84,5,0,0
-1.62346748275318,-0.6571537471169269,-3.926895208544849,-2.8425053058817387,0.15994085438091088,2.325249647476574,-2.955392131342256,3.579211991152892,0.7828882692808492,0.2601302849584724,10.77,2,0,0
0.5391468740487062,2.9426587196101295,-0.7233832532943845,-2.033318611924023,-0.5920744912411315,0.044112613092809116,-1.930635850119657,-1.18498024318694,2.5039131149757683,0.10396522966980583,93.61,14,0,0
1.356012609396527,1.8652082318872902,-1.3098952110141344,-1.4305509382318913,-0.3483444481352539,0.49028577468739165,-1.1850891202281426,0.18636268206060747,0.9449067519216512,-0.16384266973134534,211.88,0,0,0
-0.9165202016544245,0.042548606478464146,-0.4778937147784975,-6.025828894713727,-0.9810444206863963,-2.4640175404895626,-2.113125106476103,2.357286048072284,2.96749915628742,0.4308271645506757,21.83,4,0,0
1.6197634299818646,3.465162064620098,-0.4778947376459769,-1.741888825677971,-1.1910893530416187,-0.5037449733813943,-1.0826246821209122,-2.2168718546850874,1.7884530466007584,-0.9465105181258694,275.82,5,0,0
-1.1339877325743486,1.2052859499736885,-2.4305207689840875,-3.9514552851321283,0.4759001328443855,-0.08143144846657902,-1.5616161976011622,1.2171787541567909,2.4019786400154395,1.4956276328797313,17.57,11,0,0
-0.07271878498731973,0.20580643904375195,-1.666730397890884,0.05464544240235265,0.8494950378128969,2.072170705878517,-1.5845412195275024,1.174940874526164,0.6987275547917909,-0.7138858869978485,50.77,14,0,0
-0.8087476814747663,0.9738129732274192,-1.0439067386567664,-0.6186414951306328,-0.6926545169876692,1.552759108687211,-2.508542151088122,1.4002065816582887,0.68474970426132,0.12807215859582197,24.32,3,0,0
-2.0314469506316137,1.9645240396627948,-1.9128610004568682,0.7207805573698342,4.115766852335266,0.12492087859408896,4.124888005198438,0.6276146765888732,-0.7389505562171608,-2.515172337558671,7.16,4,1,0
0.7898966262579707,2.315648530005937,0.1296740846788531,0.04633990582632864,1.7245597895252387,0.8743052270266563,-0.8899668936268866,2.5965788158603953,1.3113158995465464,-0.8148829836329221,120.29,14,0,0
0.3302816595932999,1.7218406218115594,-0.43205226584944156,-3.9379868101462834,-2.4797579653872672,-2.1688017194465936,-0.7438591496921838,0.6004311035902419,0.4295527975051041,-0.29766246044405364,75.97,11,0,0
-1.8272271659451267,0.004205446115077338,-2.194726407396394,-5.17100460220734,-0.4398860353184859,-1.3010770126802655,-1.153886436089872,2.46813628056292,1.5082954915354028,0.28784518580402235,8.78,13,0,0
-0.6717468550462996,-0.04630094099994575,-3.734535403420564,-2.8458567778761226,3.0870211102721856,1.21880850734165,-0.355562684801304,2.537714062359444,1.9301165035373464,1.1755967910884515,27.89,8,0,0
-0.347135548691209,0.8026087132698698,-0.8600761848845824,-5.093968183793274,-1.5413000177886529,-1.7920153789665034,-1.915623185612405,2.629515000984075,1.6413177575884732,1.0609184197795942,38.59,22,0,0
-0.03711591132636336,-0.005754649358660213,0.1753993850060691,-4.408448065030401,0.024027319799780456,-1.4890337443027444,-2.6429301870292066,0.8080129620339076,4.154409007568009,0.329201021320942,52.61,13,0,0
-0.283375918770405,0.0006512972138843498,-2.2520799254544115,-0.32209225785836787,1.5590599235487612,2.2170258244827825,-1.5735297428521966,0.17062666565086837,1.6411795189659313,1.1369802345374667,41.13,11,0,0
0.09992288389062748,3.0225513615889072,0.8714374513395404,-4.161941765405224,-2.844171462992228,-3.26168850140399,-0.5727166884405798,-0.14545042465926983,1.079495299056163,-0.4867585635524417,60.34,19,0,0
-0.013574604158440915,1.815301469269269,-0.006608638573109671,-6.412128081709729,-2.2911671624696304,-4.049075220738906,-0.629431910711928,0.4775442767236354,2.1325447845858045,-2.2808553177220023,53.86,0,0,0
-0.2350408422472216,-0.17510239791795135,-0.8983967117087142,-5.551444754757075,-2.2811343385839473,-3.00057282386648,-0.40049068846640495,2.39347855804652,0.17229951027280777,1.6526277034801111,43.16,4,1,0
0.3407725122275717,0.5181813460736651,-0.9517695561779621,-1.8669684124536179,0.20063454662460867,0.9985508742225597,-2.8343574170184263,1.520326043040013,2.31820025680043,0.07719688473172763,76.77,10,0,0
1.5669824586260857,-0.22820018735725922,-2.644235490582607,-7.5928116943114,-0.2699762858011835,-2.999715686273834,-0.1547363017684706,3.9185736446360266,1.5197863065953128,0.02836972893738369,261.64,6,0,0
0.4933540459742157,1.0109482545482094,-1.3580272484728506,0.4387808345632701,2.0672272519949346,0.9564590936516258,0.8437701142510734,-0.3619044837788914,0.5772759002203349,0.3811109784259155,89.42,3,1,0
1.0684495662730231,2.0603118611118676,-0.06935338910388267,-5.574585767595935,-3.9195229764285893,-4.677063311422302,1.1619704105846262,0.05568794142475486,-0.8274495877447607,-0.8853132456510822,158.93,2,0,0
1.46177339766081,2.8802333324452487,-1.1550463420145243,-4.959137827686897,-2.761290723415258,-3.507364896577865,1.2279515810066153,-0.4344723105762256,-0.41305201349668974,-2.082971528160088,235.51,21,0,0
0.5830377634936507,0.2252595466352355,-1.0117807998561672,-1.518937522606394,0.18258129194226758,1.7846823068411055,-4.0115566323439005,0.13347915872636662,3.448996094259842,-0.9215875603411904,97.81,20,0,0
-0.2710507619474983,-0.2760269633424539,-2.8875424291296405,-3.259274036084396,1.2642776278355212,2.635537612955555,-4.823834371272338,4.42154423556918,3.410741963287119,1.8114364940192065,41.64,10,1,0
-0.7267763708617804,3.5346180078373672,1.0739911054994271,-2.483396824272284,-2.5582409227848757,-2.156457289199331,-0.9135900574021107,-1.460462083136042,1.2718843559337722,1.0458551480239366,26.4,21,0,0
-2.165283440137737,0.9174896555921073,-0.4028575981334702,1.577625994849263,-0.6329989280525634,2.623636906660627,-2.836559680728353,-0.7629215352207095,0.8438995554301354,0.8178425902770013,6.26,2,0,0
-0.07797152082418055,0.2839499981237005,-0.9775912633680941,-5.296588632019068,-1.8564862953949617,-2.6403231380303867,-0.6079022874174824,1.8822391313713946,0.7503909794364534,-2.113519615840007,50.5,8,1,0
0.505827944087798,-0.2992937431144662,-3.951023348581134,-2.36945247367726,2.5297770162878317,1.4097684929507515,-0.055346556957258534,2.5349170839409076,0.8660912863783339,0.2642510904989261,90.54,9,0,0
0.7094593633455096,1.9256816357844047,1.0160372244832538,-2.5268639303982905,-3.2205316181727346,-2.5273886166957236,-0.3436782406466836,-0.644575224689673,-0.1753954629218586,0.16007296527395512,110.99,6,0,0
1.0911338650098537,2.8653073047659996,1.3422090647026461,0.10741268581399611,-3.209811608450943,0.2778462011603908,-2.840429720808929,-0.9632022700465173,0.4900623396213517,-0.4005108479322872,162.57,13,0,1
0.6363263189764248,2.1805377343918524,-0.08171126562986708,-1.538655080184303,0.576620529683969,0.6343565441891508,-2.6885092930002528,0.5213243719093542,3.2573856167917166,1.3122948733145046,103.16,9,0,0
0.924429223664147,1.3287990438349446,-1.1542408611416675,0.11509143013148684,2.0920448931633815,2.0158251908650606,-1.3683125890825247,3.2101560176963018,1.0634748584948321,-0.19993246967436312,137.61,1,0,0
0.6637114291792666,-0.7700392193675825,-3.2184092892454412,-4.8572579751411284,-0.2585947003106428,-0.713318440430941,-0.5494061984978692,3.7217787823697988,0.06084088632057405,1.0688996659790237,106.03,16,0,0
-0.9185030519903281,2.9216489341308223,-1.0900801764970838,-0.49514398354257005,-0.9910810245237465,0.49412762447378555,-0.766905362905519,-2.5980464052802876,0.8761035050941055,-0.04194926896007028,21.79,19,0,0
0.7682888773981128,-0.41695849116989536,-1.7829390371955125,-5.080909768650615,-0.5217833414204802,-1.4959589728300347,-1.0544893869801026,3.5833169278828114,0.9995564126627681,0.03503322870617917,117.72,13,0,0
0.00423394893629775,1.3352798242057358,-0.6346448535870124,-4.797038749999372,-1.1901036747276614,-2.30706859456232,-0.7986919255869702,1.9057894528458055,1.3985785504559627,1.013671027792364,54.83,23,0,0
1.93211043900243,2.8370060798541514,0.35460164067496525,-3.224780204929929,-1.521210247131342,-1.6187632639892817,-1.6208620355462284,-0.33360590736944973,2.261375989471559,-1.3112919007471728,376.95,1,0,0
0.02443041627973935,3.2936349354274697,0.561347174978875,1.7026954770474074,3.100038929700201,-1.875848046887903,5.86144547263627,-1.0626892312678347,-1.588196593309221,-0.013286065804076179,55.95,6,0,0
1.103520560616339,1.1245579327380077,-2.3975101451917684,-3.2549844790091425,-1.0623430129959597,-0.20015765810113884,-0.9623128620397505,1.1790063436169802,0.30702268645191155,0.3894660016866029,164.6,21,0,0
-2.5767903410120057,0.10700474990411446,-2.43361318572056,-3.6655020850286673,2.21965163852576,1.457750786704166,-3.3631021566364043,4.033762064320116,3.7700520988569908,0.1672116204334525,4.15,21,0,0
-0.4229385077639166,0.7951155660785026,-2.3703593696431664,-1.492317146963771,1.8845970753796606,1.6175149528974906,-1.497095468039443,1.1068012529527074,2.1790141726253207,1.5591144685534,35.77,9,0,0
-0.11222269727211459,-0.08336308355206135,-2.3766194064338273,-1.963429365968996,3.2218201552245294,0.8378775279804578,-0.3386725175452335,0.2435876304539747,2.9906025116208017,-0.4884735647832067,48.8,9,0,0
-0.49749320732684915,1.954849594026082,-0.39296053542467113,-3.7454063275055143,-2.5220429271721834,-2.6074612787988274,0.14688289606217012,-0.5255284173623966,0.1321479180599936,-0.7652533937069932,33.2,0,0,0
0.5966241040333015,2.0103362433857215,-0.1500237072582773,0.2629541583735596,1.793925713369606,-0.05546777999798369,1.1578847589134604,-0.11681434899952126,0.7119964143569386,0.36160178512313745,99.15,9,0,0
0.1384587670346639,2.7899520002585403,-0.5448395165679741,0.9076939547761057,2.3846811723382166,0.8279277712085217,1.244802284161007,2.7950158718832228,-0.45730821448379855,1.0413050232031111,62.71,6,0,0
0.243386220490161,2.538927981994879,-0.3033532164480198,-4.627562263850888,-1.535201007361327,-3.2915589427845404,0.65789776003524,0.26552607805881434,0.8721744881591619,0.7553554186663924,69.64,5,0,0
-0.42924867646355597,1.9978103550756154,0.16576433914798105,3.3407840877338595,-0.17357145911965377,1.872049782014578,0.1931396241183423,-1.3207109188356976,-1.380932453452924,-1.2443636522599955,35.54,16,1,0
-0.3458030759273318,1.6160085751117528,0.5279918995094608,1.9823056789042106,-0.3010299846715718,1.940987524436658,-1.8487640598367054,0.49200969853760723,0.13303861676724815,-1.3911443794545069,38.64,8,0,0
-0.4064983618072285,0.9170014200916026,-0.910695582599274,-6.4434629559409355,-1.9675287837449482,-3.545786884774108,-0.3496680645222808,2.050673188862116,1.1417559913530257,-1.0447459398205285,36.36,3,0,0
-0.5633054871945309,1.0822878075982743,-1.6303776683535185,-0.3158460657269637,1.5668870207153556,1.1818864839138883,-0.061455676887943886,1.969012302567954,0.2034185669090376,0.33435135706752145,31.08,1,1,0
1.0854939129938983,2.312502559612496,0.06767212418886137,-3.9477649409823483,-2.0471018851573413,-2.803125408895621,-0.21374760650000255,-1.4297287301509243,1.4851480171521385,-0.2989188180612786,161.66,12,1,0
1.3362381447317526,-0.3430815825351192,-1.590350622357974,-9.095334607120252,-2.7428556536166964,-4.97600368878455,-0.13932453628324362,3.8442754695440273,0.7240458216881638,2.015059752078217,207.73,23,0,0
0.17584745248938613,-0.5283316897688934,-3.4404924842271187,-2.1956483762742813,2.9697739227146247,1.2527225323988527,-0.028211069043732693,2.417065780326171,1.3491175004391172,-1.189294316865729,65.09,23,0,0
0.16422911375165333,1.9942114117326235,-1.554377605434508,-1.7757364424892708,-1.4850684365586577,0.4955650088318153,-1.5456816342181756,1.0843989319353242,0.0005379055039458347,1.3157896803319251,64.34,16,0,0
0.44846796413988993,1.4897405292575174,-1.1620718335956592,-5.731873113473326,-1.5963003233697834,-3.0770036753754644,-0.17499744703215755,0.19896097381247602,1.6168986477151541,0.9189836376938326,85.5,11,0,0
0.931043301492365,1.4178590782195972,0.3994128943180084,1.6777492012887574,-0.3095714187556544,1.4013327447645014,-1.167658322688938,-0.4757325519077231,0.12168427019377548,-0.9624327258148572,138.52,1,0,0
0.4538692505549431,-0.30126228509631225,-3.3880137535113226,0.7105108515256199,2.4842470615802528,1.5625354560513685,2.484627963813697,0.2278978148837817,-1.5891228655269967,2.274817915555703,85.96,9,0,0
0.300119086609832,0.2976387292215379,-2.4019954251728897,-1.699342967383966,2.235499514657872,1.0636914086223306,-0.5506970034290609,1.3595878589481807,1.7491619314739002,-0.29545043587066266,73.71,16,0,0
-0.10158638604911271,0.49988038058218387,-1.9438159999131748,-0.10648478902570928,3.1820484684560766,0.0064566130865111315,3.0804250607952155,0.7718990099316173,-0.5214612489386543,-0.10187780791597044,49.32,14,1,0
-1.38049848355334,0.9367685314465899,-1.7668094724636445,-0.5925565782070491,3.116304676466888,0.9202532912360167,0.5205385593531848,0.5586341299569256,1.734217439840982,0.7714457356304826,13.73,5,0,0
-0.4128631006394028,1.2969848465386102,-0.052751651036419434,-1.1524531902563662,-1.3533537981441763,0.20859954687945526,-2.0761642720909137,-0.02832992752188357,1.1212889879873242,-1.7399578858666642,36.13,12,0,0
0.6024813328468865,0.40118453910875373,-1.6798910210072835,-3.7885054109494156,-1.0415687230678485,-0.6480956555234659,-1.4564358637022035,2.447426530266341,0.6955671577350244,0.34691595444813916,99.73,17,0,0
-1.6812906552716849,1.6854091984857285,-0.25256085588058164,1.152014503244286,-1.2935894466906677,2.4983633977566404,-3.2006603619738034,1.369810586909667,0.08003839947298985,0.07402689510843462,10.16,4,0,0
-0.6379552683818499,1.6164971800128425,0.9136569503688332,-0.5995149541933263,-2.0769232148598586,0.08938079622673745,-2.2916591400608564,1.5456818592875008,0.15370644879511874,0.13936405737613874,28.85,8,1,0
-1.3913119207593176,1.785704441222588,-1.9019304054152903,-2.9261852682269316,1.022456438158147,0.5643657599583757,-1.8312027317168988,2.4350382008444598,2.2636670251763187,0.009434426223648006,13.58,14,0,0
0.3778151660729892,1.408635799787234,-0.24096851109727813,-6.728815448461381,-2.9510672535717637,-4.625113801414998,0.24868430875907005,1.341578825491114,0.6484627474442755,-0.576225029287189,79.66,22,0,0
-0.26798387394180384,0.43581678145378633,-1.9239905860706292,-1.3759615154169886,0.67670163868999,1.8987894208922234,-2.749338107817875,1.1286380642726652,2.1337814774893182,0.25720245009856557,41.76,13,0,0
-0.011095994655002975,1.7655176528137824,-0.7787789681151616,-0.37257502751615895,-0.03407425178940349,1.5916970019445975,-2.477307224029802,0.5016799288092663,1.6191794362514147,-0.3834443699765885,54.0,16,1,0
-1.2683090100487322,2.278298826591218,1.114126942114208,-3.7662664068462894,-2.8925408764014917,-3.6119908975244126,0.1900143686856972,-0.7313252417337706,0.5256567832861153,-0.042086274545250144,15.36,18,1,0
-1.5505561903329015,1.8260545382469862,-0.17936909515875143,1.7873877964842102,1.1183964229499588,0.9615841997980811,0.9740389517927935,0.3508937887815369,-0.7998122000624432,-0.5554046057298476,11.58,4,1,0
1.7504136572773534,1.6189053242448386,-1.2394852915870753,-4.519995577195605,-0.8482569814994416,-2.3081804253074694,-0.025085786065739905,-1.2565568505538824,2.013326541803931,0.4735352599689956,314.32,18,1,0
-0.45671455065218997,2.6777099595703415,-2.031820468789264,-3.398435673336978,2.696498622889,-0.9141191256502006,1.0864118589695915,2.723409182730127,1.7638213918603738,-0.45405344292226896,34.58,12,1,0
0.8524538752523165,0.11709106332302421,-1.1622520167991899,0.7137710668991399,-3.1029883919330015,4.187083261619395,-6.692155491614982,-0.5910163707765506,1.5683495470039186,-0.7830899379981614,128.05,21,0,0
0.6955108403190526,3.034535464910857,-2.3351948555153754,-4.633317853682693,-0.9803552305223816,-1.4252716541610615,-0.4697934206263359,-0.3557411417043628,1.623755641594827,-0.4429728578230942,109.45,22,1,0
0.8149064663081413,1.5216668382708447,-0.8723847692942877,0.24454952163368981,1.681490247883417,0.03095792892812832,1.7278056695182644,-0.30351567494788867,-0.047695147066279864,-2.7575887496816627,123.34,17,0,0
-0.4062105818936785,1.1991793213526964,-1.2894141474934155,-6.183567601800186,-1.1324354587821965,-3.01958485638497,-0.3966109528280093,1.6994179552429256,1.74438460768094,-0.5577590872814734,36.37,21,0,0
1.0844305789005644,-0.15637181479179452,-0.3954072697591713,-5.364589308846838,-2.2529236378093698,-2.9142015295789743,-0.7944045284132706,3.3474674658501096,0.19986782633554734,-1.3860669592870942,161.49,4,0,0
-0.7218039269277498,2.092444534260375,-0.9858819815670046,-1.9935952716660332,2.0123337505861336,-1.0013942443705843,1.4096840422503218,1.465682386300271,1.0294493667088958,-0.5208184917172591,26.53,15,0,0
0.27388222626184533,2.021627000313447,-1.8882475260902578,-5.851547516794791,-2.433537573730616,-3.489720009710111,1.0622017792829077,0.04246489210893323,-0.08620529206065486,0.6219398188687061,71.8,16,0,0
-0.8408815024054915,0.5135682360598745,-1.6897582204199006,1.3136658468437807,1.2434340757492863,2.314602173300751,-0.6082314389325898,-0.9487099668341974,0.4830169523028971,-0.0637997036092433,23.55,5,0,0
-0.39235809382424713,-0.030605418282669827,-1.8007062678125465,-4.1432394598892195,-0.5544240727194779,-0.9043609076624959,-1.1338723676976654,2.5213881427695615,0.9526255736291743,-1.227037915183189,36.88,23,0,0
-0.3552114761777288,1.0828182795626016,-1.664960159296993,-1.8358032444289987,1.1725186276776474,0.16083335780595864,-0.4254514363814469,-1.3473380501994667,2.294332115693724,0.9863835512713108,38.27,16,0,0
-0.16641605208593813,2.0637663938646993,0.1758902130002935,1.0237630928897372,0.499680084566149,0.5851880882681856,0.2723669418219803,1.0854962136024453,-0.5095397233402323,1.600491560639446,46.23,16,0,0
-0.11942044930481541,1.4035442282794548,-0.7429775212598131,0.1656448872883279,0.5756364291051494,1.0492467623319413,-0.5759617199638231,1.3468301323302472,0.10628496201153004,-0.18806558777481466,48.45,16,0,0
1.0370863753579982,0.6607243730332171,0.1360419209844006,1.5973523988345366,-1.06274092120331,3.336874687107505,-4.837517723595581,-0.09007689869755753,1.8333092834087927,3.2273311693588185,154.02,5,0,0
1.1466200889414073,3.2934598648096483,9.441723096692556e-06,-1.7272488678156876,-2.7187180496494725,-1.600327397273361,0.1471798243473553,-1.2837501327790035,-0.57983999208267,-1.7797440517006562,171.85,21,0,0
0.006553834351454062,2.5242552140650996,1.420095202212824,5.282069749220217,1.3329660187148513,1.5961115569225945,2.3347263778464016,0.8224755940474078,-3.03898810695544,0.9795094130148471,54.96,4,0,0
-0.30474598946143067,-0.3909835859672799,-2.123061968125233,-2.4461336021911757,0.355758251082672,1.0029970732919906,-1.9790936700620907,3.4081029909733527,0.8477724494311837,0.6665737292613222,40.26,16,0,0
0.3262593281339006,1.927855661372633,0.4296876539998298,-3.598011199433104,-2.25742798071592,-2.3866287733308535,-0.9791233302070033,-0.6717332337082969,1.4678686854748126,-1.1025409873798844,75.66,18,0,0
-1.690016848112867,3.010529962292103,1.9195944980282256,1.7633220537789966,-0.16660691394006544,1.0858626848044661,-1.8988011815540538,1.3327242454927812,0.7727987231949558,-1.2350961543479704,10.07,20,0,0
0.30654977946697326,2.219030920471812,0.030838312921652067,1.5844068628191468,1.3127744104723043,0.4044768871785698,1.5129609128210413,-0.5226444581300891,-0.4378248127816573,0.7475076224787207,74.18,23,0,0
0.7870656997948808,1.074765839988389,-1.3402612575940296,0.1537430970729593,1.326658263988567,0.02067029178113655,2.055317451336137,-0.3198665416134987,-0.7566950712769231,-0.8298049075524336,119.95,2,0,0
-0.6687398439498956,-0.4850191694257009,-2.807951581494992,-3.648000126645284,0.6946105199507733,0.7760447161266677,-2.3528134266263785,1.5335590403835178,2.536841769938868,0.6283822649288429,27.97,19,0,0
0.3673233118471344,-1.0600487912397554,-3.9597639263007904,-3.4531101842122833,0.1805121853627809,2.1529099737224415,-3.4382015789805376,2.752572686930127,1.7664820201558566,1.4164322648991117,78.83,10,0,0
0.0633643703078767,0.1912274198749344,-2.7140360856841967,-4.634782553632527,1.962470968781373,0.8340917805564456,-3.1712337008706655,3.471751277880954,4.081303042853405,-2.053491946463907,58.17,9,0,0
-0.6418077076852191,0.08858682377175775,-2.8511025989614103,-6.32442704632392,-0.6059405352710443,-1.230847864975414,-1.870618184821471,3.460908450256551,1.8823386377059184,-1.5240658883510625,28.74,17,0,0
1.3692248972966816,1.4508087670687042,-1.5205825218085196,-3.933739746560388,-1.0903921001283317,-0.4311478029845288,-2.325912562782175,1.3936285740449015,1.9471799792286697,0.6271755743910558,214.7,5,0,0
-0.589758004386662,1.4594747976474034,-1.6733167053191353,-0.6422642844128195,-0.8008670428268637,1.5208896109331744,-1.8983561488237677,0.2772897094733815,0.4083476568970774,-2.083182209125904,30.27,9,0,0
1.3385492466020048,-0.29763211081182983,-1.3137171461707116,-1.5461396446311517,-0.5341768785811138,2.461191060233655,-5.046858955466396,1.5006755448917142,2.888218741987602,0.5453693373925386,208.21,13,0,0
0.31795480274263926,0.7322196044584951,-2.2898445395547,-2.8202093322909625,0.804038387110172,0.8283495290311818,-2.061736790105286,0.6722448940336565,2.624801456324735,0.15843604975574999,75.04,22,1,0
-1.2793658610611627,1.539834188694671,-0.00989104911204941,-5.908457686006453,-3.3270891351432184,-4.5309461297072415,0.6880082873046346,1.199225347658274,-0.2826498568902511,-0.1664696761063282,15.19,5,0,0
0.13691011779463438,1.5875951896543659,-0.5418857198254359,2.4770504344305566,3.4044467376632834,1.8100869625235534,1.4127710224945693,1.7877430191690449,-0.3242772047479412,-0.23101533577187552,62.61,17,0,0
-0.23835532053329742,0.4353274208197194,-1.0647692767979648,-6.0559542081181945,-1.076035599963765,-2.620392709440684,-1.1682656209418463,2.5722630647798708,1.9423835304191195,-1.2849736210693794,43.02,21,0,0
-1.2070973853933051,2.369190576423263,1.2644707453075787,-8.622320528983405,-4.249415044629434,-8.234615092585665,2.4860795782953455,-0.9602849602746246,0.6393727111590866,1.3058581285522017,16.33,7,0,0
0.7389964196981953,1.3644164403774108,-0.952632139802511,-0.2762643897824674,1.4353230775984065,0.5391577478906657,0.13900823493662978,-0.3484899108028354,1.1494355789883173,-1.0082174832357795,114.32,17,0,0
1.0840070142464202,0.06595211034783177,-2.8780680985253566,-2.9474776030865573,2.2547098377176216,0.9649300683597684,-1.3530617912121845,1.2628852721220734,2.868268761939654,-1.6572116609970768,161.42,11,0,0
-0.3631706992847246,1.9799750439185657,-0.43830731323210836,-3.552620360743692,-2.7554107717721164,-2.2010787589886025,-0.34220012458882537,0.004410038693527518,-0.04809463995138419,1.1459489649144101,37.97,8,0,0
0.96435742519148,0.6184636758528483,-1.6566065587925718,-2.7339728835696246,0.961575003343516,1.3364416344856553,-3.2509240092337124,3.7685799407589506,2.577312797835589,0.9276006494937025,143.22,12,0,0
0.7476528785764475,2.0665047959062894,-0.9748670211988989,-0.6286581329795344,-0.2809499157064044,1.161307812656615,-2.0429122953874,-1.563965310393683,2.015284739914406,-1.1105553204722924,115.31,19,1,0
-0.20949649937739903,1.2119175243438443,-0.31638624035380003,-2.0633985395401573,-0.09308130073192467,0.815161645461264,-3.6415166667440024,0.3786012525181417,3.540799601530935,-1.0376446351301927,44.28,1,0,0
-1.8904519124738022,0.6243144056673109,-3.344308446354625,-2.6197337810179797,3.1361716072913244,-1.174733724132704,3.9083837643838955,1.2053991837044389,-0.46276478504322816,2.370938885432258,8.24,14,0,0
0.19189988199460709,1.141956402660929,-2.151831547641263,-0.7959753799061658,2.2362929359600585,0.4009830637227012,1.4497246880075176,0.4518976184601202,0.34960390850780554,1.3687483032941918,66.15,7,0,0
-0.5145704089389596,1.256089078916555,-0.8902047400327863,-0.006044571964790827,0.15095407279299722,2.1489801684167196,-2.780489838747751,1.7909007129808674,1.1778783958053878,0.20250321828922188,32.64,0,0,0
-0.11619014600007939,0.37615917168594326,-1.3489810223008165,-5.179915763201434,-0.43494357897254676,-1.5864529319250815,-1.6077602684177967,2.1913237573576705,2.3323447128955106,0.3733156302735366,48.61,9,0,0
0.14938915926597715,0.2209224772080235,-1.8081515787641225,-0.3466300249915595,-0.7038434418351025,2.6622776492041655,-3.4541143316704637,1.2916132253544053,0.8597121397441554,0.4827262916697285,63.4,20,0,0
-0.1722660853301014,2.8654840935786425,0.3121126247212447,1.278876978208705,1.2333162676179432,1.5217878180102173,-0.9679100813313376,2.4020274959118693,0.46436029109866983,1.227004851766237,45.96,7,0,0
-0.46061872903958684,0.08827945824127315,-3.035447572330064,-3.712518589136848,2.7179409153824095,-0.18613705266302638,0.2430794264328746,1.5180538728407456,2.380908656664638,0.615491613405702,34.45,9,0,0
-0.5402132434962601,1.4560954482155255,-0.9743661997770721,0.19992096203386087,1.2946042854426747,1.9303259261020331,-1.5954217158268686,2.6146245585522045,0.8305446260314896,-0.9796332169052713,31.81,17,0,0
0.6001380532964792,1.8465337658277683,-1.0366394726622168,0.03154186053579161,2.500812324636094,0.22633791306426276,1.8128440530466303,2.189261255310596,-0.3246356305704674,1.8847995979265453,99.5,3,0,0
-2.8271341909461,2.6897934534668906,0.8184723080002401,3.0019100404984687,2.588959515327268,0.13276208697705272,3.148673598589487,-1.2204632472069654,-0.6968945231445178,0.526976579123574,3.23,18,0,0
-0.5004676391151878,1.7206234560308993,-0.7557708698305061,-6.40218501573716,-1.8847123641345214,-4.375049212823708,0.9032565800207134,-0.10656385544545488,1.287778352075871,-0.8602430343270626,33.1,4,0,0
0.7982961461382079,1.2409673841444755,-1.0262105701045612,-6.579930741605995,-1.8849241617608488,-3.4625771509415078,-0.6231369960261908,1.0451308749251553,1.8690115571004384,0.14599408182074958,121.3,20,1,0
-1.3079405627684315,0.15523931116870293,-0.23348885109999973,-4.931795344748038,-1.6511993505050557,-3.1289915071823238,-0.07743296235357185,1.4999549056335726,0.7767408128963189,-1.0682850093886782,14.76,19,0,0
0.9625425098224344,0.9658027839685672,-2.2833533841001152,-0.03824974579079718,3.6340381055152084,0.17458066306482034,3.3253759378524577,0.3345862668606142,-0.2738123857148975,-0.49005472073142825,142.96,2,0,0
-0.08162978513262048,3.5640474480582283,1.155603088367746,2.648663658134221,1.9313694021473848,-0.5878730521955275,3.51400468797213,-1.5299766515053717,-0.9663993241729416,-1.015879276241564,50.32,21,1,0
1.1598299337605458,1.3891648640176606,0.3966811542263313,-0.33956650720219117,-0.8951654632318109,1.5642482302542324,-4.091946706961908,-0.4253580713356848,2.842843942429722,-0.3453026952281118,174.13,9,0,0
-0.2352657095048719,-0.8283826594094268,-3.2891839937864997,-2.9469132420183275,0.13444116882986012,2.6307860464348227,-4.784397774931772,0.30496556504214845,3.674705040170662,0.12834198508891145,43.15,5,0,0
-1.2328161440316723,-0.02921872233459566,-3.9897499900314832,-4.262398487394523,3.359073761305029,0.5785381676567891,-0.5948244133597284,1.6777065672116052,3.369754863291175,-0.18096481448371332,15.91,15,0,0
0.845924399386436,2.0233242278744257,-0.819863618321446,-4.703959414951692,-2.9464493092366837,-2.934780067677079,0.20192448541413058,1.4560461468118895,-0.676063528849187,0.0748133690796719,127.22,11,0,0
-0.003966548496950055,0.9746150088107164,-2.6226241896301987,-5.414345635229223,-0.5305221845136346,-1.8979463124995268,0.08639773672131795,1.6237132172404958,0.9373454271450621,1.071402320199579,54.38,2,1,0
1.1788178496777668,2.0722043459849635,-1.2350147174639619,-6.843312439347266,-2.9607416115915033,-4.3648116364425364,0.758456752579521,1.2114832201893828,0.053788710736305756,-0.21880158771469346,177.47,10,1,0
0.7034118069285963,-0.08032075673639616,-1.9721108497993103,-8.049514545347105,-0.9829928007274344,-3.2318698085034736,-1.2805059635198859,3.5121575713420583,2.434578758035059,-0.2823862114551246,110.32,2,0,0
-0.4754991070324151,0.6050412540889317,-1.5871226792139561,-1.7450590969894206,1.9925930851575289,1.1334441577992498,-1.4709010659385766,3.5992328829872227,1.7020716231074893,-0.20587351725664052,33.94,6,1,0
-0.583544228835652,0.9921959385842994,-2.016867044757713,-0.31306910703447005,0.36584862036710986,2.6951736849666625,-2.7780076356918477,2.437062275206088,0.7909882143156928,-1.231772949777968,30.46,5,0,0
0.6745243080680718,-0.13209035299059058,-1.8861359693953585,-7.941137444285897,-2.214652118249826,-3.958603177240585,-0.04329042141500342,4.970646594499907,-0.09880169436780806,0.6049873597711795,107.18,4,1,0
-0.1254486500222764,1.07356830684449,-0.5902165539832007,0.3059803245511252,0.787905036177791,0.9067412647717805,-0.28629459526289336,1.1301737008371098,0.11286934893165235,0.3034843038787164,48.16,5,0,0
-0.6976283463864352,-0.1714013237419434,-1.5293342996258457,-1.5184851451820789,0.22997398796769553,3.058336042365389,-5.502422408342682,3.0712119541423375,3.1429273155379116,0.19655092102877847,27.18,9,0,0
0.7265216582812085,0.27613988435121384,-1.0689788595809278,-3.105492356096971,-0.32831182742848974,-0.2666079926878213,-2.0225379542332274,0.9837850326399598,2.131940347178053,1.1647517727322598,112.9,15,0,0
1.8731582315121478,2.8217403026494003,-0.29347249643958884,3.3340752867679053,0.4182537145740586,4.236192100755699,-3.7281614682970967,-2.5255521544260384,2.3080630545784357,0.3858791608659689,355.37,19,0,0
1.3616802015720668,0.5257343802686429,-0.6386764370260657,7.1917993412106345,2.812146884329029,3.328772736648099,3.5412872072590216,-3.7422181242882937,-2.958014969715941,-2.2230346260934755,213.08,3,0,1
1.3300134352591213,-0.19153296464694747,-2.6919837399591104,-1.3153981566637165,1.4426026117889212,2.131778795286193,-1.8883829233406708,2.5083070964935974,1.2043162385617987,0.5204292342866585,206.44,19,0,0
0.7492370192170398,1.9635813362645131,1.9913044851373856,3.215396144570116,-1.8237378230546757,3.227610362794284,-4.83602215901095,0.8838630473096016,0.7728146343440565,-0.4646496469401766,115.5,3,1,0
0.08456356599959247,0.9591928992565648,-0.2554466984202737,0.20591312949126703,1.0635357057250108,1.7633269275674603,-2.305476380279937,1.4927175829338055,1.830228720214531,1.7275306904363967,59.42,21,1,0
-0.5419223340836504,1.3929212755137113,0.40650801488280486,2.4359299249381787,1.997533852985856,1.4647365762740543,0.5425483265532685,1.8712643554321717,-0.5269400807893538,1.2684315436453346,31.76,2,0,0
1.7497746386077497,-0.03047423291729401,-1.4417656029199564,-7.506691307403571,-2.1755103357118255,-4.085648229238386,-0.04865717440934558,2.5222497025717505,0.8551508741706704,0.8934824588223964,314.12,21,1,0
0.9653396851911225,2.39881027811517,0.5599801789573611,-2.604812222343052,-2.231328998550033,-1.7937020618788042,-1.0096853176583944,-0.5731877162922945,1.0113196235486732,-0.42223394818459575,143.36,14,0,0
0.29864019778403106,0.6459158934820927,-1.2855541314212238,-3.357557172773545,-0.048590323611571895,-0.31722827517085106,-1.8408842598148794,1.445169613126483,2.144415012985981,1.2594079249874106,73.6,18,0,0
-0.009882256411385928,3.5954312743476633,0.7368067929931557,-2.866909368821345,-2.3024574231583608,-2.630613124788017,-0.08809325855647603,-2.054135503390114,1.2160752284473482,-0.7179553973311558,54.06,5,0,0
-0.20907685984610327,0.970155311162385,-0.5385338419532142,0.07911320174036832,-0.35421608859764886,2.000212936147941,-3.0866476820067676,0.5881072381317278,1.5169894779739024,-0.7415636265177761,44.3,7,0,0
-0.26424781196876784,1.4508794519012682,-0.21618146264729932,0.030914800112301008,1.2746736023189442,1.4085195831641486,-1.820336294308337,1.4244267344118664,1.8498064483519463,-1.2244682054554723,41.92,18,0,0
-1.2003810924563458,0.2675902209555322,-0.2391787260371515,-4.843320747571822,-1.8388994961704372,-2.4901274611447324,-1.0948868614806777,2.6399354646849793,0.8552968482463071,1.3240407837857044,16.44,2,0,0
-0.3359838824234181,2.198723065950393,-0.19857449084191425,-1.0241269617077864,0.22961596069930001,-0.03823127758813527,-0.8796450154802591,-0.6455062307548911,1.795259301866929,0.3480007505802924,39.02,13,0,0
1.3945354347227825,-0.8158056565589542,-3.86300365032766,-8.401628903595402,-0.005183355491548136,-2.4141618160035354,-0.7401473517066841,4.483880190444512,1.8427591300908848,-1.1012865760586792,220.2,15,0,0
1.860935836472043,1.657970009241814,-0.5851321408619629,-1.306963294461424,0.3854415337310626,1.0430575324129756,-2.4638459114621205,2.3876611033277273,1.8080657804086226,-0.7348208517915472,351.05,14,0,0
-1.2117131274789141,0.47670845895501723,-3.424117376709834,-3.5713090409286066,1.3778771349525185,1.2749455164435,-2.272565119822463,1.5713187252164103,2.840480884715768,1.171521800517063,16.25,13,0,0
0.19543608693981485,1.0323600809417666,-1.2202908850164982,-1.0602385203957267,-0.4022141730090534,0.6931166104260329,-1.2650492194541363,0.20219140126854462,0.6957877867854031,0.3184390945132687,66.38,2,0,0
-0.5174554767273077,1.7015124671352642,-0.4656860860197428,0.37818878994676164,2.081519910972652,0.8981905696418275,0.15958287409093497,1.9974652023834838,0.606951216558255,-1.4309406088648422,32.54,8,0,0
0.733654780672841,0.7066920816145823,-2.3721495025318573,-1.4542529655782073,0.746149908296375,2.3007576728216366,-3.0497306598128855,1.2765582023318525,2.2384071662980976,0.29604673832889317,113.71,12,0,0
-0.45179799034864454,0.6304702058206763,-1.7347989836460584,-3.0894108378478458,-0.7333562229967876,-0.12219442862137408,-1.4774697810334136,2.1835050071114,0.6802842039193754,-1.4622093397419715,34.75,17,0,0
1.0627401308206115,0.7520118714801893,-1.751428527753021,-7.764461385502076,-1.7857021582725054,-3.4588547580648177,-0.9017651425083354,3.9212314715030354,1.3365916743509576,-0.24103711571387995,158.02,15,0,0
-0.6764717530416096,-0.455665547253411,-3.1246355757377566,-3.450490425126436,0.6226835539028641,2.9269025050270265,-5.693334343584066,2.963208163875137,4.069062552512125,-0.3115583417719487,27.76,12,0,0
0.7977975354138657,0.8000607339242349,-1.9158713629464121,-4.22168633674516,-1.339886978366392,-1.4113775311966497,-0.4642100881489881,1.3009044427936152,0.37654926788284815,-0.9664489600261171,121.24,19,1,0
-0.5951560172615555,3.042486608100088,1.736880277419006,3.533616873579825,-0.6008439478927121,1.142344045729811,0.02391867546497747,-0.5448908977508962,-1.2960523266416184,0.6246175299557117,30.11,1,0,0
-1.8692613423086193,-0.018971702215537567,-1.8980095043950267,-2.8417435593170515,-0.5982567221959891,2.574180197235465,-6.177820201229887,1.5167228891144358,4.1617454723551335,0.5226324740579177,8.42,4,0,0
0.2588050809716457,1.069366078823108,-1.1844612202404694,-3.4736825556502766,-0.5679856737345166,-0.14529583123256917,-2.5311237955581785,1.6539397354533552,2.2687576911072997,1.04966791372132,70.73,17,0,0
1.594272636528865,2.087289510060431,1.368841430288309,2.839892780401902,0.9303551253232968,0.3872336101103675,1.3436887206166177,-1.2905727953425676,-0.5124020832573608,-0.055696250196595444,268.88,0,0,0
-1.2756880652157703,0.6279850801828312,-4.178109306364563,-1.6830462336308671,3.825460257714335,-0.029250226680824776,4.086109217668397,1.7820581767595773,-1.1061542811625305,0.4494447018719963,15.25,6,0,0
-0.2616581560637934,1.0932618992141316,-2.1529564909370222,-1.6619695045657588,2.284032634874995,0.09443131178547337,1.0018398676874705,0.5543474912035948,1.1539226052305909,1.4721578385249354,42.03,7,0,0
-0.5137139132105697,2.510521446421908,-0.16535615610974475,-0.5475706170966316,0.6079201299021126,-0.1349902656113584,-0.04276844669708035,-0.7047838976562049,1.3113494886743862,0.04142138501164235,32.66,3,0,0
0.1066129833222913,0.9755416274766717,-1.9221449097974208,-0.31428011912465503,1.1399769123884878,2.3168317503384133,-2.0217414428091884,1.837804263658156,1.1740545743620943,-0.86901395669436,60.74,6,1,0
0.39556523744491107,0.9431810449283038,-1.7108121147932538,-4.76849474389451,-1.345196373508801,-2.0997869456155183,-0.08755396756228175,1.0001980155631942,0.626994945453057,0.8292107485002462,81.09,4,0,0
-0.25083666851962316,0.7767427331319321,-1.6301749573817197,-4.757801493450954,-0.8975928385482519,-0.9336538310107996,-2.22733918801531,1.3258174216495129,2.4194908914066886,0.639360262737605,42.49,22,0,0
-0.3712421481368912,1.539135271308926,1.0945999438905913,1.638251606038211,1.3209014676485547,1.062884450767801,-0.763994552056597,0.7734168857000838,1.0215046507604484,0.3661384728026832,37.67,23,0,0
1.7242951454387583,1.6144200964951194,1.2949224860291053,-2.71348030435007,-3.8636105317113714,-3.2541774882710603,0.30783353765674304,-0.5805293432832528,-1.0211473114146978,-0.8106636051108839,306.22,12,0,0
0.6821443749066909,1.3852476882168885,-2.126344070681972,-4.90816958347765,-1.3146164116065489,-1.5219850328468234,-0.7359129823024912,2.0441860951313666,0.6575484794867086,0.9189836551562554,108.0,4,1,0
-1.3260629141500182,0.45053718329998305,-0.791907620855907,-2.380658819137786,-0.4916945800590925,0.663131721058204,-3.134890212630884,2.1005905655612875,2.0697172508627517,0.3125332707543349,14.5,16,0,0
-0.3077894683861664,1.417136797818732,-2.7886304220031928,-2.118914493183871,1.678395943238852,0.5775596938975023,0.3013007743955247,2.3322206834929053,0.4741694122884278,-0.3558010836432721,40.13,13,1,0
-0.2638767617360138,0.7334431484141836,-3.1140307780626655,-3.0568967107986325,3.108039372308612,-0.05806750045126474,1.1028049279580108,2.2296726541897174,1.4709210592609419,-0.24904498859407365,41.94,22,0,0
1.2731995389280966,1.4951561363787458,-1.6362285691146257,-2.4021038928982485,-1.1360857140057716,0.3731988323720894,-1.8226721413474418,1.7809781906410342,0.48693465572949923,-0.11314678981699808,195.04,21,0,0
-0.4957949853751842,-0.005070711395816607,-2.7430211294099722,-1.152742373877474,1.0404986269659315,2.1789977480344658,-1.6617313496400765,3.944592360823365,0.039333394857108406,-1.4984289050399613,33.25,16,0,0
-0.08130965970801983,1.6719476458511568,0.24502280618724637,1.7753749833838532,0.1375919439885953,0.9314450468358269,-0.009540095505944418,-1.909273725881681,0.1430969459191056,-0.13948928698566926,50.33,7,0,0
-1.5920962665183307,0.548388643505917,-2.5253775052764365,-3.239547320933834,2.8045135464513278,0.21048172102468943,-0.5920526915365905,0.5281336890089636,3.4311807229260536,-2.703999749094418,11.11,4,0,0
-0.9802844099542761,1.3803806731943284,1.073457125194618,3.3582478071400512,-0.1414279520793369,2.820650911326734,-2.464925878662332,0.21256063566965155,0.2413616911756692,-2.1285424248731477,20.49,3,0,0
0.4458444029013711,2.309403247376654,-0.12659072246283487,-3.6386209076032117,-3.4832770774714055,-2.4794679503317387,-0.26635151990385897,1.740114391245707,-1.196117347501492,-0.802470927959618,85.27,2,1,0
0.8463030019444259,1.1437827443432877,0.2682936348426981,-2.3295084733035716,-2.148084493932618,-1.00580798548236,-1.5811761102845312,1.8447374961023741,0.13362720062554945,-0.5580735673545182,127.27,8,0,0
0.47471927173967404,1.1993238755677929,-0.9347267923019533,-0.41055090934901517,1.5288562698893404,0.581269416307561,-0.09605079253216268,-0.27104371843276787,1.4326807337281393,-1.7160937517993746,87.77,22,0,0
1.3894944343009545,1.5318489151736976,-0.510588379424342,0.728425909375569,0.07161779398519363,1.66474721814521,-1.5490239755265698,0.5987425363669288,0.46740697398499376,-0.8027147309383312,219.09,3,0,0
-0.1309111643674193,2.7776281778070944,-0.8016252115824074,-1.3865503239183874,-0.75277913809048,0.8110542895063653,-2.495794106985162,-0.6117537196133338,2.1338046158899573,1.4391073894838957,47.9,22,0,0
2.3901600753492636,1.0471254767687095,-2.4751399655110378,-4.099459374881739,-1.5774707140300754,-0.9115897991973738,-0.599834503665666,2.0203135076641416,-0.28251232471880017,-0.16798903386950859,595.95,20,0,0
1.7009549456511528,1.1396243014577705,-0.46082109114838077,2.054756875688436,0.848102343271455,2.0284839467438656,-0.47799337336815595,0.5985643175166936,-0.41589416509650157,0.9478999175652558,299.15,10,0,0
0.2965469237382723,2.2419615806698836,-0.4797084229775501,-7.914737234202115,-2.3469057082172347,-5.728640001016243,1.2625415052600373,0.3775494054812263,1.4662763594720811,0.5274733142396913,73.45,19,0,0
0.8721399790009299,0.6363938417299192,-3.2976367338740404,-3.06155583663091,1.482204966079238,2.188870276454659,-3.3866629620398845,2.54536030161782,3.12008241271638,1.1915383084310394,130.6,10,0,0
0.4351598176885743,1.8350206518581789,0.4240827241646128,-0.4538085253990623,-0.16162251292523622,1.1960961040311653,-3.253699696277595,0.33618216715412064,2.674717722478793,-1.4039288161567771,84.37,5,0,0
-0.24813608854554112,2.2391550841680594,-2.3615321467829506,-3.1854053056825418,-1.0161206326081371,-0.7002068901175298,-0.07256628783890275,-0.18697528531905183,0.33523734178804154,0.30304352448490646,42.6,3,0,0
-0.953203305537086,1.5471808232060245,-1.3016958659900897,-0.3752225586138831,1.4587569861334428,1.144621081450966,-0.4196224036781532,2.257977439391648,0.46735488383599755,-1.1923483711213843,21.05,1,0,0
-0.7060019684311012,2.4204219903569806,-0.3635579242891911,-5.116397150249325,-3.1010638558119763,-3.4424493036759243,-0.10882718271070384,-0.46864641263790885,0.6382331669684016,0.824628888222085,26.95,8,0,0
0.6131683778990874,1.2812437195222568,-0.6961006052072252,0.4434065776008619,1.6555063534917427,1.2852549178896235,-0.4657411681682183,1.1426963856990657,0.8656618039146202,1.1550756250265057,100.8,1,0,0
0.998316967653994,-0.040226707339154455,-2.743404658100956,-7.888630953051691,-1.5876276756328755,-3.238271934627006,-0.37306184268862397,3.3707347144143505,0.9323777673253248,1.1074492740197504,148.16,1,0,0
0.8039931633291412,-0.7853325953287367,-0.47404410412685427,-0.4019786843858196,-1.156435215173078,1.570093577083133,-3.175693598414637,0.9393618166856226,0.891672393483389,-1.8265056000289508,122.0,15,0,1
1.3170023744562376,-0.77644993290572,-2.570587827800785,-2.525898422604757,1.0544991774987456,2.9941474586995116,-5.20450554238058,3.0926809257190047,3.7004937089682857,1.6324736215741669,203.77,22,0,0
-1.2338262952875119,0.9959152355108252,-2.2632582169826345,-2.309000779995805,0.3235863031114079,2.0515335009010593,-3.7368484334724963,2.259439258482904,2.5411740125263664,0.6069535167164049,15.9,22,0,0
-0.9672091204265814,0.9912455153438873,-2.0078597903352136,-4.765029499220664,-1.0964116465667473,-1.2531600112184726,-1.1916443452151944,1.7811450404167117,1.200680672589186,1.1486574039667752,20.76,8,0,0
0.4820264749033423,1.9939698280309646,-0.6207750120245621,0.6766040585409708,0.021038413794421285,2.352509350181167,-2.989723582342962,-1.1227575037940587,2.1727972884636273,0.1127243647122079,88.41,11,1,0
-1.1919402457965618,-0.03176915580343875,-4.156873417532433,-2.816691835824342,2.931271755795521,0.7612792702196036,1.1252181415180014,3.7069368721035483,0.08617639631353069,-1.893059548795847,16.58,6,0,0
1.4105370353409752,2.7788648736172146,-1.0813357113234832,-5.049247256518898,-3.1074718404980515,-3.142546591641179,0.3165935855584449,0.23327293365018076,-0.2443888581689413,-1.2370244949746825,223.75,3,0,0
0.31206581896676827,0.5669631375118881,-2.9018951717327224,-2.193253707555161,3.065556745092487,-0.05443986526716804,2.157815839447901,4.572824675429045,-0.6704669430944192,-1.8281513380088326,74.59,11,0,0
1.0015361695742755,1.9416097560239698,-2.857208939852846,-6.384923481201135,-1.1988679273306406,-2.8769347967965,0.7846006844542083,0.7858014855609963,0.7558398542204875,1.8293806374778552,148.64,19,0,0
-0.8678212486618291,1.2384594046446642,-2.63845352286888,-3.4011746125945566,-0.565398920610585,0.06939905054775664,-1.392030375909177,-0.19153793441948497,1.5734351394143034,-0.2672165004989244,22.92,0,0,1
-1.1096668811637327,0.752541024245581,-1.3375013102494797,-0.4316971871505517,1.35135208653351,1.7613117885413725,-1.8966189601466659,0.3652060705322807,2.1277140769707357,0.9117008853333913,18.0,6,0,0
-0.3949123742112639,0.061812544894679355,-2.4575896496397136,-1.8389315223135623,1.3481508760451577,1.5692996587361399,-1.942357685520401,0.7761192119321281,2.2670722389938414,0.17674993519900817,36.78,2,0,0
-1.876005068957079,0.2676200609748831,-2.833396227974333,-5.230450308157051,1.0274675083631666,0.18902597052065606,-2.969883163449003,1.9353192572673827,4.0568742345130495,-0.910778055126768,8.36,21,0,0
-1.5291663328878935,2.7234992136056047,0.9275708996096206,1.9699307099394345,1.6011293716623785,1.8592793137747368,-1.3233590186861972,2.8439448293853924,0.6981370733328048,-0.6203066452055888,11.83,8,1,0
-0.3444589364182518,0.6397424422620888,-2.039775876159037,-7.127627388493181,-0.16261027729468314,-3.712707171087054,0.8354915062800522,1.303999292533418,2.0057402353902067,-0.7088035178802383,38.69,2,0,0
-0.6543530147062148,1.940320237674078,-1.2372883955681568,-0.5285047121752834,0.3450243467155196,1.8777503783832603,-2.633003741697643,-0.0106006005558823,2.172469679313622,-1.5193793091154186,28.38,8,0,0
-1.6205997901339892,0.7952204780984105,-0.38131259721070276,-2.5000953673849096,-2.073931179271166,-1.1193392106832762,-0.8272216016105005,1.7919234270457944,-0.5253604518950468,0.8551645071892571,10.8,0,0,0
-0.633625094458418,0.3656759943828397,-0.8598486802110772,-2.0825771616562574,-1.6296813526445633,-0.21708354146085274,-1.5059989594246126,0.6731872470729761,0.3074829351761368,-0.5133007185430406,28.97,23,0,0
-0.012742695604601888,-0.12867452812048663,-3.64712024656534,-5.037015252227266,2.1902527509367915,1.1435461160676184,-3.061452275831843,4.059447160246519,3.778049890303328,-0.1355684904015131,53.91,4,1,0
1.258812485108147,-0.5219775378123614,-4.704385113650394,-3.1719532593415196,3.528406846856635,0.5184213457029064,1.6629982344971408,1.3870535267589392,1.0536981067837556,0.3656376304297503,192.25,19,0,0
-2.14112650597529,3.7625064004078492,1.1014917596856086,-3.0301365108856704,-4.565830666659235,-3.538720379747006,0.4111847089766131,-1.9138815336364925,-0.8432112755410126,0.47188014174721166,6.42,22,0,0
-0.29338533562405,0.0402867292901945,-2.648596855260739,-3.2676349509337785,0.8972032413725397,1.1663589086176873,-2.5756347224390557,2.945588853537347,2.2078759114895155,0.9513705601967388,40.72,12,0,0
0.6919452526818721,-2.668544395184151,-2.9517823055598535,0.03483973792871506,2.2392572171441287,0.243506661508623,3.0536307775035008,-3.787234892484727,-0.2843918867610613,1.0205038852632071,109.07,21,0,1
-0.15844569808411701,3.296916313433722,2.859234683960959,3.3086053457858844,-2.3899640394754273,3.3466851541641915,-6.01391076863386,1.2254984083041707,1.4372312855184393,-0.4683702136184723,46.6,7,1,0
-1.2129343516878819,0.9679297993034104,-1.6547612137919252,-2.675461934229212,-0.796246519073607,0.48174399370190946,-2.27762255642624,1.6698711377627253,1.2377758765589286,0.8855981360929688,16.23,1,0,0
-0.9975866054133347,1.7806649099017853,-0.1939906342990203,-2.18801483665268,-0.9125425698577915,-0.740582613573705,-1.3137910887729147,-0.7445832079540047,1.8040227150812647,-1.4907617399681694,20.13,16,0,0
2.141768582141619,2.066608171668952,-1.9008578735489616,-2.8169651379303624,-0.39873479370973186,-0.01457947630416112,-1.3513629344621572,-0.7355429587310758,1.9510880451402643,-1.4012740590744894,464.88,0,0,0
0.6311461205170997,2.112628515002116,0.2960510176451956,-3.0398004690758564,-3.9385190139779187,-2.1741127602556736,-0.8261611369903412,0.952655075855483,-1.0503426654162091,-1.6998292272310747,102.63,21,0,0
0.49690681842044887,1.9146485387927683,-0.6876627425066517,0.3166974196281475,1.6373839332154148,0.9203860318159605,0.0691389524806539,1.0353990214092863,0.6466809730402733,-0.33005714705657613,89.74,3,1,0
0.589026735653998,1.4350485392532992,-1.205051816313366,-5.916140898296796,-2.1608845702190695,-3.207849435576626,-0.14509237852120804,1.208399626862684,0.80137372075147,1.6451439017938019,98.4,13,1,0
-0.0936632236779648,0.00010703315772087052,-2.146284277250419,-2.2857740028905726,0.22425266438599156,2.31056003303251,-4.442486994285003,1.876788731891328,3.0520079890388336,0.16697929742769183,49.72,18,0,0
-0.05624904643175642,1.3560947475185527,-2.360852784412911,-1.3177736236097255,-0.3333764119489655,1.9527554164612628,-2.4466962783993855,1.854679922391148,0.6607475233885175,-0.7097332199100979,51.61,19,0,0
-2.088110109117226,0.4807597739643953,-1.5192542704226948,0.312826091218444,1.3124962347186944,1.9517891026906744,-1.1706521216321701,0.30621348469204956,1.0768905349273248,-0.3159400298915897,6.77,16,0,0
-0.20916941518919538,2.598740570614587,0.029354769315640405,-3.5921749166246006,-1.6777372708816767,-2.341217130931594,-0.5302261545601948,-1.6815475260860466,1.9346648483548416,-0.4972376591428838,44.29,14,0,0
0.9711649916657344,-0.17063669435347695,-1.9711865755236135,-5.378872579592377,-0.04620280084319828,-1.5024549169086239,-1.2321597543031726,1.9847895971526586,2.2777627130750435,-0.6696667236340391,144.19,9,1,0
-0.52828776400112,1.192323294619905,-1.2261471245987248,0.8767744321169686,1.8036225996769926,0.7313776307101223,1.733066633916541,0.9027659026369709,-0.9605481586362232,-0.7363157463935771,32.19,16,0,0
0.6712341509002205,2.090370929155291,-1.2599054116558805,-0.9147087614438947,-0.5066289724414075,1.1357010747315355,-1.794250314770591,0.9044431850012133,0.7152284405942251,0.42449129327592544,106.83,10,1,0
0.16698858184434906,0.7650474026578371,-1.268143918543533,-0.9521806522030543,2.627689732286149,-0.4905751106721581,1.794616441346164,-1.6654888011264009,1.6806736715222481,0.9845565124072028,64.52,23,1,0
0.6906220334630806,0.5154012848429558,-1.1820189550341345,-7.482138303885264,-1.3739224516296662,-3.839788898900858,-0.6186898508031156,1.8387189410164995,2.354391560095511,0.2652912663235074,108.92,3,0,0
0.21038477567219832,0.6867658209917218,-2.9017586212976565,-7.276906995322036,-2.3609189439956424,-2.7519113071189114,-0.4635700115970706,4.217749658713722,-0.3263372124346675,0.5523351371495029,67.38,4,0,0
-0.09688432982054164,2.0892001060300363,-0.3589827499740039,-0.7634038988812798,-2.021860406740128,0.1517308396299608,-1.286474853419365,0.10505525707248542,-0.3253883016751966,-1.0917539345507732,49.56,11,0,0
1.6863946779946297,1.8084118239147915,-0.561660883418997,-3.379365129018621,-1.181740479153962,-0.9328423644399098,-1.877282622328002,0.7846368092691425,1.9011013719446956,0.7263908266026318,294.83,3,0,0
-0.052301976316025484,0.9783598799993708,-2.215377447041339,-1.0696472179640009,2.989542964186146,0.04370785530067178,2.1235984009315554,0.8904172834166486,0.43725389677345383,0.44517372226310403,51.82,7,1,0
1.7428609128733135,0.8241477235633884,-1.805885489155206,-0.6259248941546558,2.239950943841686,0.9975845357190718,0.39716200416869435,2.890027142886174,0.15241559918837644,1.8509035402295522,311.96,10,0,0
-0.25954614146715066,2.620458343924654,1.2504089252040338,2.19196831282459,1.9595869771404084,-0.4295715047591242,2.4190816266738895,-2.4228353094494413,0.400636546002449,0.05184267875086943,42.12,10,0,0
-0.9316061585015175,2.061137558428229,-1.6031890014248176,-2.6151602460179886,-0.9756432993139386,-0.22281681330185077,-1.0912005563588714,0.3112772077380004,0.8700357184782479,0.7947167579624902,21.51,14,0,0
-0.6398724114217056,1.2569513995800452,0.8963424395944177,1.4136688744785797,-2.859205477875153,0.7753789239308437,-1.4479747259501643,0.7318562031737406,-1.9644714741731824,-0.126637348803499,28.79,1,1,0
-0.32658643246784413,-1.6349988645375426,-3.7552809032791306,-4.322424560231826,2.302336935607474,2.2961865385248768,-4.582294896743526,1.4435419875634512,5.406734748696686,0.6031844879151808,39.39,10,0,0
-1.0728800887688221,2.6102660692812067,-0.52722145933263,-0.18631773627943654,-1.047538689995458,0.7926096166684882,-1.492409395074395,-1.4089776328890788,0.8999387397984391,0.26620552097384087,18.67,2,0,0
0.9425461361663535,0.7508807262786933,-0.8841420489842536,-0.7169322626656782,1.1269008907714706,1.9413476398896303,-3.2699573547618836,-0.5150046428907649,3.618689283055571,-0.30246390137610757,140.13,1,0,0
0.5426496598769613,1.0902913943495276,-0.5087860683670083,1.7784486785951894,-0.7532306281393191,2.6975840029128477,-2.51787964844494,0.284113361783091,-0.04082932999006261,-2.231875533847467,93.94,19,0,1
0.05159291437535892,2.2525312509322246,0.2612865378305045,-1.2415734340470894,-3.1519776109575854,-0.7529899115997403,-1.2422179964230575,-0.5259259601574564,-0.5188428408474972,-0.33377602316303523,57.49,19,0,0
-1.3456617758053373,0.29112375088777154,-3.535694615848519,-7.4099035809457074,-0.011391468225052437,-1.4820068257332624,-1.7581651617618828,3.464966947805449,2.654935203126282,0.029530392621136305,14.22,7,0,0
-1.0513329558765336,2.713397316317624,-0.007792903383739391,1.8976100044494755,1.4878477066893536,0.6210630890536332,1.8521777041825083,1.7195405264749963,-1.5682849363443327,0.5649253110262693,19.08,20,0,0
0.8872512800238546,-0.14104946889519843,-1.8856399978690437,-6.626109324891564,-1.655495248213489,-2.448621289629952,-1.3480081622759459,3.3054907998726692,1.2257799198939547,-1.0868308136404523,132.59,19,0,0
-0.15305357375933898,0.754445544058074,-0.980267442797123,0.30886134219716016,2.263574002158806,1.0383948389238702,0.03078670184155306,-1.334040184250022,1.912729524717212,-0.7207264355911908,46.85,3,0,0
0.6689530984074814,1.88045722407879,-1.202566752125375,-4.138834263237623,-2.0095689328027837,-2.3531249217556747,0.4150560970568538,0.89377254582439,-0.3065983938522634,-1.0753778914336625,106.59,6,0,0
-0.6789309742574385,1.3176563518100177,-0.5132254695678263,-3.0349248671237925,-1.1076125993975712,-1.0039767923816878,-1.4623958381824864,0.02216237055543946,1.7452312506152974,0.05476730977956151,27.69,1,1,0
-0.7547806997671285,0.8206935201847485,-1.662967816577006,-4.208665800373102,-0.3279940893063944,-1.0713132536399057,-1.0621809413197942,1.6357728688785922,1.6199204365011184,-0.6394648888646267,25.67,22,0,0
0.08094134310050201,3.090496123499957,1.8245147867180116,5.597240533828927,1.9047467412456824,1.5318444081889497,2.6180067799328923,1.3419221865457382,-2.926395013884349,-0.28015287107031744,59.2,16,0,0
0.772875239552647,0.29343530046863686,-0.8152133603309175,-7.024547620249076,-0.34029766686840124,-3.5839167511187906,-0.6686134209405614,1.9927366504512105,3.065813701919243,-0.6753441072763676,118.26,8,0,0
-0.5580278121446776,2.132498978520494,-0.9609491806463142,0.44861105076154145,2.690163079522608,-0.5538258355197809,3.5221217364934336,-0.057351153251054,-0.6763981373323433,0.13596198545261123,31.25,8,0,0
-1.6623923468945463,0.45790029188310455,-0.2086357418770013,2.1942095104657446,1.3660026961254579,1.8650022127470338,-0.2141984076724033,0.17602864173474608,-0.046172681970632734,0.5231323188247967,10.36,12,0,0
-0.505343497914814,0.092092783003211,-1.2773754111364157,-2.754482438537477,-0.8818097033844463,0.2158974344854474,-2.2685526470917927,2.4272084139357286,0.9695174596099123,0.047412939143261265,32.94,10,0,0
-2.066696648526726,2.92450171057201,-1.564326374737421,-4.0068170715816125,-1.8595405308797588,-2.3041062051077876,0.7827254848826918,-0.7856565810105383,0.10471417132037342,3.0096509386041004,6.91,8,0,0
0.05793572022620435,0.9157528322476256,-0.43568919760493097,-5.162803806416572,-1.660397523081741,-2.574395069487591,-1.294710128449415,0.3078078026379858,2.2396543669421685,-0.16978446791610594,57.85,6,0,0
-1.6549734932196352,2.1761380318671497,-0.5246094405477227,-1.3807660024595676,-0.9227718802262588,1.7941081521001832,-4.555093696757496,1.0284702324515895,2.8668766312072145,0.03713064417157683,10.43,23,0,0
1.6941632209400455,0.33648457072672877,-2.6893770180544165,-3.7375804376114115,0.41991232115347965,0.6858188364958124,-2.521464699069737,1.1186687404793272,2.771562346453074,-0.5843944634139842,297.13,9,0,0
-0.10538671962509186,2.32550017297173,-0.21118318673705794,-2.4147681247370927,-2.14123741903282,-1.2934756782668255,-0.7862689624536809,-0.24928838711719914,0.3712622581927789,-0.786391149722462,49.14,23,1,0
-0.19893890919608925,1.8203510063078214,-0.3680923718744533,0.35571684973073925,1.231768849123213,0.9401918448989802,-0.38747672974604924,1.176076635944925,0.6757871016329559,-0.19472365967819288,44.75,23,0,0
0.11537864433938855,0.8809627935654227,-1.6267788314307339,-2.184847902974461,3.5328481747491285,-0.38089418850084567,1.1630756685026882,1.9041757459340107,2.0385087751743836,-0.11788105480578175,61.28,1,0,0
0.2323300416059058,1.0938881163629657,-1.592793145233797,-0.9288749046000638,1.9110810665085178,1.3258285177850708,-0.9958946497441734,2.2532051361697873,1.4126515134372983,-0.6431411504144646,68.88,7,0,0
0.6932630129131372,2.3868747519345455,-0.1789360365556798,-0.511479240998112,1.67721573721213,0.32816885805912266,-0.35428789998006605,1.1602653432137755,1.65446065623517,0.02488468917943584,109.21,4,0,0
-0.22542698273202072,1.95639906625999,-1.2447872762902663,0.4619326404630225,2.3799779583183596,0.2601630120646282,2.280681991179591,0.4463915599312852,-0.3860192123017585,-0.07738115268889525,43.58,15,1,0
-0.6836826881901485,1.8365129175877462,-0.6371003164194311,-0.7911605542505421,-0.6739480680202699,0.8874734461557245,-1.968869056908868,0.6600770584723021,0.9544267321961505,0.45745975317667903,27.56,2,0,0
-1.6406500688145125,1.6837692233982244,-1.9413124502198618,-6.496832933434272,-2.293124369320542,-3.241968541197318,0.11030599426063188,1.9312332010940583,0.27404801334006856,-0.40014447743217363,10.58,20,1,0
-0.02686715087518467,0.06932891374450123,-1.436938560175359,-0.4346229667406356,2.0588883322931344,2.8341105588009254,-3.3629435813451116,2.8790422362575683,2.669937085268443,0.5692026270965632,53.15,4,0,0
2.23961224469029,2.130352020418382,0.2416330126970081,-4.688261494596881,-3.3769012969579197,-3.5982040886072744,-0.03890867433585742,-0.18710447404926267,0.21928603996220608,0.2807308574175901,512.66,15,1,0
1.1612160749820224,1.1870934342939963,-2.221532042615707,-5.1383713408793685,-0.667869168455776,-1.5732845058780276,-0.817298273989519,0.47253722918307284,1.9553368871352914,0.5551532550556941,174.38,11,0,0
0.5298411161630331,1.9450544482169247,-1.2070685186619545,-1.8565897056781757,1.4104273934994997,1.3402878272579868,-2.4930140175460327,4.095108138254326,2.0986945315996133,1.515892428101348,92.74,23,0,0
-0.12325802682694326,1.4640805492796636,-0.7915732847218607,-0.25780512636182246,1.3920691417358757,0.1768645855627391,0.4688043224570315,-1.984923342799507,1.5910069827608566,-1.1661476863175049,48.27,16,0,0
0.8200903856455211,-0.10271389843365397,-2.4633977840481176,-1.5890670720908462,-1.3683272518434346,3.768556394310629,-6.40276487736349,2.2996579670975725,2.4210375160225004,-0.32061864153709374,123.98,13,0,0
1.4513632473846545,0.9412858125837118,-2.8362619174323918,-3.5222038725466502,0.13263540566318688,0.7509585389948215,-2.2494878034967516,1.325637480770688,2.13151542233923,0.19507282694728814,233.08,15,0,0
1.6454991673995227,0.537899294318116,-3.4896383691195947,-2.906989730013272,2.2143743495512065,-0.5346412321220806,1.9414883193265027,-1.4432464158475857,1.3209924316918098,-0.6423147568503196,283.01,3,0,0
-0.31319843916410073,1.5393364773294287,-0.9869323206400622,-6.584398057209819,-2.9479169693261733,-4.083848639081549,0.2611033930496487,1.3922696716680119,0.2513915951002966,-0.31942428988090726,39.92,0,1,0
0.7437849002408543,1.0623751039514897,-2.3667765716924056,-0.9940382501676556,1.6908602361446061,0.7272462400848174,0.5118101873135974,-0.9962724522898816,1.1564873286904558,1.1133528277974847,114.87,20,0,0
0.08625082838786871,2.772481701074914,1.4535347396941443,2.4663426530836063,-2.42098682443258,3.252967584233992,-5.2981479395024556,1.0691249737991912,0.8139522303395643,2.1968011463630712,59.52,1,0,0
-1.1272873739974634,0.330174349330428,-1.3903952610081858,-2.79353736912773,-0.7784110324440677,0.35162339664043984,-2.38293710445672,2.63921236383747,1.0540588296248312,-0.712121680309474,17.68,8,0,0
0.8795344393594399,2.057471320980882,-0.30654142356455916,-2.159064504816618,-1.9540024358970487,-0.4961035189835078,-1.8571512474140381,-0.40892379081318886,1.151076648212853,-1.4466432389256745,131.57,10,0,0
0.737163568951931,3.951303613879076,-0.4579717566846223,-2.177568255328147,-1.870522633335359,-1.5219327888087748,0.06345346480377288,-2.76723754120194,0.9157098014743721,2.188902181465738,114.11,20,0,0
0.33477786800684245,1.198340172736763,-0.8628357108950766,-3.188170098415204,-1.0288530781331096,-0.6435109774563419,-1.6953712706316326,1.940562119931843,1.1497963913545686,0.8804362442065351,76.31,9,0,1
0.41247527387179156,1.8028827231101625,-3.1045995293241333,-5.940800874292195,0.6065469357484483,-0.6757778294783318,-1.9689565273658558,1.7153137401408833,3.515008204886728,0.5907640729164507,82.47,7,0,0
1.0825615406492624,1.4730178745570353,-1.3555404670558928,-1.5453099891545823,-1.1105198306531825,2.0055959326272417,-4.262814492973364,1.2120563223628074,2.1134251559679544,-1.600249423562124,161.19,22,0,1
-2.590665689483277,1.1887512347010838,-2.292322763048353,-3.506324863049688,0.3936476971494378,0.7076976481073973,-2.5625733795511287,2.421331109011117,2.3760521336064375,-0.5397199165190659,4.09,16,0,0
-0.06544891358965496,2.879690343032652,-2.1072391536907094,-0.09879363732382206,-0.4322322657464116,1.9923816037422564,-1.367337293086168,1.269638638767973,-0.3993385268708154,-1.6051657185352854,51.14,5,0,1
0.5962503171994918,3.2086766669705886,-1.1244720083382913,-0.469380963721826,-0.8902775100455429,1.701459764282822,-2.6559038576972624,-0.018172969312053366,1.2916363736829586,0.09959127276214255,99.11,3,0,0
-1.239133703203991,0.06812080909305296,-1.4825783590500874,-0.5256767727901256,0.15506556299665797,2.290391018771677,-3.0272339331530733,1.9515070564747434,1.2306932685340033,0.27633018477482907,15.81,22,1,0
0.8603337053936164,2.2368035389604244,-1.5975949857110812,-5.24126634842591,-2.602114332031541,-3.202710447589702,0.787305003708479,-0.8315509065075453,0.11109060266035131,0.02407211523567979,129.07,16,0,0
1.7547696525518766,-1.1625335565497303,-2.5324795895414765,-0.9225723347705544,2.685351182978052,1.771000823960284,-0.9007616369450028,-0.15800198476170735,2.3456407023889803,-0.17583551063321434,315.69,3,0,0
-1.2877042879874818,1.100719689345241,-1.0393590191416195,-2.2008253538367915,-1.6575580391532614,0.03823043830659034,-1.8556791205028023,1.1576839071356153,0.4092090635991632,0.6636232835912401,15.06,11,0,0
0.34831984900267615,0.9639929384000493,-0.2474445858558615,0.7614872047469903,0.15018712601502293,2.4667146877199375,-3.1406446513237425,2.269523240377976,1.0438600562934215,-0.22156028631441255,77.35,15,0,0
0.592282206318242,-0.08845818796083771,-4.0233359296948725,-3.2793481006553415,2.9972830633182186,0.6905046866843116,0.2488963894258845,1.0124908541139976,2.1502543825123457,1.5672341955669011,98.72,20,0,0
1.006557932247372,0.8674236424632492,-2.114696365616621,-3.058246445612811,-0.11765111468136968,0.7049809535394529,-2.422169698700965,1.9615187668461953,1.815659902183695,0.9202204804618895,149.39,13,0,0
-0.629124293594055,0.3189458546798041,-2.6401901041742275,-6.212829801229276,0.011606813905040703,-1.2420322857148935,-1.8463139365517922,2.83253346383117,2.6784757399364736,0.5128155289080577,29.1,3,0,0
1.5542588055098912,1.1837992650878744,-0.9463088786542087,-3.317931730223322,-0.030646636781437753,-0.8047665400624135,-1.2832433637664107,0.9813569576159994,2.111648528382945,-0.6668078391219422,258.34,22,0,0
0.5090887784364445,1.0770028784667187,-0.8882868660729322,2.136052990967998,1.1826041672456156,1.7856666396307437,0.602537338319118,0.0692627951963134,-0.92523076198972,0.5722128171488498,90.84,21,0,0
-0.5872721732353647,1.4449799989519672,0.2687445901516332,-5.83307562347605,-3.269000647297532,-4.199635873314645,-0.10795424442713761,1.6182769909186756,0.23185036611366638,-1.2897482211715896,30.35,21,0,0
-1.2162343853467161,0.7552146281042794,-2.5494711326184083,-3.0977727671591224,1.903008185288583,0.2847214448876997,-0.8424572325093144,-0.03501469838211535,3.0077956269538895,-0.4851963772640995,16.18,4,1,0
0.7657592396240268,1.960748420257688,-0.5988197561612849,-2.1180555030585055,1.3902157500258647,0.6597594675756921,-2.4274092613655283,2.289474790892619,3.147196667334109,-0.4631490565091557,117.42,4,0,0
0.4757166059119922,1.6093977268613324,-0.22504090803173427,0.5309391004408925,0.02355045680833978,2.6645277991632206,-3.9305189507231826,1.447055168740778,2.0338883604886653,-2.4345880251197802,87.86,22,0,0
1.486152606692668,1.241741102651624,-1.4973386765611754,-3.9476828692012904,-0.6418110839527741,-1.3560738919843252,-0.67297212249395,-0.16854157664718072,1.7549310491405055,-0.8847380082998993,241.33,19,0,0
0.47095419814449296,1.2901322373336075,-0.6533193972574499,0.22521827228167773,0.8940486601246027,2.177314096638561,-2.6620949678615573,1.3797373165385745,1.8492967308405754,-0.6156731334464519,87.44,8,1,0
-1.6901112191333285,0.7718650390600357,-1.6789964994501505,-1.908681010027003,-0.2657134995820136,1.239240958506207,-2.7227977120434104,0.7280739391899389,1.9151020518225963,1.197641376511075,10.07,3,1,0
-0.09908860193366878,0.20089785886687306,-0.419421426403885,-3.730513066215513,-2.458817064679528,-1.9310464526315,-0.8429612974618886,2.0156404077750296,-0.30598521590902705,0.03708363693842035,49.45,7,0,0
0.9009902154856102,0.15559700563365975,-3.5428307774396393,-3.921363788911457,1.2395981932355398,1.3606915931043608,-2.747725218723498,1.8207098343986203,3.0840263742196425,-2.1499469035660517,134.42,11,0,0
0.10468809726762125,-0.09465655219815083,-1.1565553913353273,-5.082059701170691,-2.5049186104937635,-2.380671088498909,-0.7024078375229339,2.9901874067378245,-0.3975471581601293,-0.9840384456298691,60.62,7,0,0
-1.3223740545676612,1.203128510185029,-1.0114879558079881,-3.647578313983626,-1.8994651775534979,-1.5788949329312287,-0.6159612691457201,1.3672485015234992,0.07098534949920476,-0.9939451729886873,14.55,0,0,0
0.22965730192192535,0.9624448341875101,-1.5247950121501683,-0.19533778255931783,2.444382854669243,0.881277667121368,0.7035752632662879,1.330128511932714,0.6082901610916069,0.712378441176253,68.69,6,1,0
-0.14959120739601617,2.0042072280674894,-0.053311897308506495,-5.4388775318102525,-3.286107949582319,-4.15367230477989,0.47197379583942833,-0.09190030078045885,0.18286396607418198,-0.674925977618667,47.01,6,0,0
-1.0427533176679427,2.220135910411292,0.16037583701098512,-2.103025078309079,-2.582698618785188,-1.0757093941350975,-1.3122368813987837,0.27837785081316657,0.13236277567345756,0.4853855642473886,19.24,1,0,0
1.530737904055766,3.0965992409061633,1.9086854027205533,2.132733298344312,1.0678032984562162,0.9288416920379663,-0.847713009390509,0.82522231426426,1.052754258062014,-0.3751218728151155,252.33,3,0,0
0.6852463161688909,1.6368595372127472,0.6238204375839533,-4.252188669728738,-1.6209693033072061,-3.335381923347005,-0.07012211304500596,-1.0441642538868166,1.9172578372507725,-0.04899667733664615,108.34,17,1,0
1.800466416670206,-0.7514214374530237,-2.0838082895630645,-3.7307722440293634,0.6633752112434048,0.2351807801234287,-2.1634724584999545,2.4816684703722056,2.3118068351839924,-0.025011816750965785,330.45,18,0,0
-0.22356550246220822,0.4816023102089796,-2.3389730344291495,-3.4768771011794537,1.1757589315488186,0.4079252083286975,-1.7623533837270857,1.9658449351089122,2.534442650912097,0.2807032510074932,43.66,19,0,0
1.4371121637860844,2.392560904118852,-1.6283230672260334,-2.046423351358997,-1.5663573167318137,0.14648518637992636,-1.3266109107574133,-0.572256246423057,0.5951650581876664,-0.04669001413329728,229.78,16,0,0
-2.013039869578821,2.005085068349005,-1.6425807648337671,-0.8168356557669824,0.6893815930520286,2.1722520255145676,-3.0025393059981016,-0.19161488081014988,2.803869179283229,-0.7296967207290491,7.29,16,0,0
-0.1861164520908529,1.6172332240921683,0.2318029231629879,-0.30108087053335786,0.3404808184999236,1.942626227782072,-3.8937319587861743,2.4224931496737994,2.541687521839496,-1.1583542977220977,45.33,11,1,0
1.833774312738839,-2.3810828123657566,-1.9557552921538877,-0.8807418520005371,1.8901761251609015,0.14482379891615915,1.0908814003020324,-2.1097871055873876,1.1130882156912367,0.32048603047311575,341.65,16,0,1
-0.901699413624707,2.221211609791823,-0.06366525363172615,1.0422684706238636,1.196766884726859,0.6363413816566885,0.6800878999555918,1.1509659440537172,-0.33437986638088546,0.19759557880999432,22.16,2,0,0
-0.6911527435407363,2.70640641650592,0.5450550428900192,-2.6534610618177634,-3.270643148515952,-2.122836119708903,-0.6828462105637308,-0.3745161359979967,-0.1235328307142991,-2.1422388113256154,27.35,9,0,0
1.68314649117652,0.935321065128294,-1.1545563702908406,-2.6859320969848595,-0.030862885641536497,0.09758281469426544,-1.9733903009029912,1.2050230707540712,2.0523551254755326,-1.1665537819485607,293.87,21,1,0
-0.2628013337639274,-2.7546717942647136,-0.5252182170671389,-4.534593485061133,-0.4519887761565875,0.23271050266020166,-5.28330791370883,2.6844329586300635,4.420076290459311,-0.2681992074033765,41.98,2,1,1
1.1654231507786241,2.7448367667782616,0.365344470418836,-0.33361695595382906,0.1936606044922764,0.894109005507913,-2.255257218138699,1.0181897928404837,1.9840474588159305,-9.220669509522432e-05,175.11,12,0,0
-1.2191191514919046,2.1060595120754346,-0.36865547903505014,1.9041857615751951,4.282013304479004,-1.8623795292246774,7.20394440537542,-3.061930645983148,-1.372134164628801,0.8167428525773809,16.13,1,0,0
-0.017230316193746344,1.8685168441976505,-0.9849887728439283,-5.407551188072247,-1.7990165021659115,-2.1821462291944815,-1.5635162540385747,1.6180989930194167,1.8054713080629732,1.3446617929695146,53.67,12,1,0
0.6809865341089524,1.6528130933668805,-1.1580226959002209,-0.7120714116875448,1.4757447989772843,-0.03283101150625556,1.0296049888327266,0.3230104570023389,0.4688408798042586,-1.173178326601556,107.88,10,0,0
-1.0358886732983086,1.4678961856908002,-0.46321996144611854,-2.0811636346196933,-0.20925206048595923,0.4136336697399925,-2.807907535449514,-0.08113142831093922,3.0034081502273455,-0.558134490965131,19.38,9,0,0
0.9249109162532146,1.1127171782638108,-0.4259959080280563,-3.463550924525281,-0.982818159618617,-1.1563220984419624,-1.5927213155017608,1.5381477314553695,1.5984929305566566,-0.006398434743427172,137.68,23,0,0
0.5523244864461033,1.0730911401729553,-0.5246324592522688,0.851252920793764,0.5034879485485179,1.849325431858864,-1.581412891260066,1.018795138708608,0.5663450048858576,-1.8204903932199086,94.85,18,0,0
-1.6477070657538797,-0.26753431649954584,-2.9934592112352436,-3.0234113471384467,1.7085633317673414,1.0794063327524055,-1.670977485643285,1.4783690347448397,2.5151818381106597,0.5746570526759975,10.51,9,0,0
0.5773128012755395,1.85589429450347,0.24993436241850353,0.3395373887346102,-0.07194039185354617,1.343709959174788,-2.33825256134068,0.37061559843562475,1.5632274081378448,-1.4949808378753744,97.25,12,0,0
0.6805168352387373,0.716668659938319,-2.723572677677407,-6.39251918778424,0.9685749457533996,-1.0894646468505034,-2.0438725999163236,2.2615567939529013,3.9579475035567215,-0.2609988856065879,107.83,12,1,0
0.29337974303087666,0.30428584126520963,-1.1921073105784743,-2.5129460689888865,-0.35704011491324295,0.09804333446503843,-1.7447908767291995,1.9810705573618148,1.1308926831172725,-0.9997726123447088,73.21,14,0,0
0.5468715219721175,0.07848532561282262,-1.8377425288817326,-5.467037337678448,-0.7456085053527985,-1.7051277667732179,-1.2965348566796637,1.9605824193554926,1.8743634956511226,-0.5762583557582557,94.34,16,0,0
-1.7837955074941687,-1.38562350972927,-1.7263878030305522,-5.030316889821984,-0.35731103780427353,-1.0798031007693187,-1.8295648319838211,3.6521511911347018,1.5653101909116622,-0.09603741602272353,9.17,16,0,0
0.18853120262447148,-0.4160673018609411,-0.6989135339424039,0.3875268260327219,-0.4846803619168365,3.1851247732971193,-4.810202852125824,1.0734772466347202,2.075590874857768,-0.26548844658695503,65.93,18,0,0
2.0949953921153757,2.289306482849692,-0.46974007923824446,-1.688866421566984,-0.6370953239373851,-0.264153319735294,-1.2633552453411314,-1.2913905984283913,1.8732793567937147,-0.1252187693783679,443.63,9,0,0
-1.4414522046112725,0.7313276503346371,-1.424016548351668,-5.329726177820731,-1.9618586002928122,-2.1518914328204484,-1.0280495510726289,2.3266684591447224,0.6689645346268479,-0.06564296854343724,12.92,0,0,0
-0.003981106319314577,0.2307582270338363,-2.5373563653021582,-5.1633577912059705,-0.0019863107515409872,-1.1788999816448826,-0.9233323834074721,1.8663803216985615,1.8290542484418775,-1.2074403471966237,54.38,7,0,0
0.08282176893935389,1.5134919023664088,-2.2409926708805292,-0.9937689746389313,-0.21125867513656493,1.8323322617597742,-2.1738099700829046,-0.34492959814248403,1.3223484100122762,0.5377492285053259,59.31,1,0,0
-0.21637071570574587,0.14775121111759892,-1.462483529285435,-2.074744995367666,2.2118720722732954,1.6876811855179799,-3.2016765292768476,2.0599488531232932,3.93110045167675,0.03566329852833817,43.98,8,0,0
0.5064977142771312,1.336704900350017,-1.6689766084299547,-1.957432515253154,2.0742051999955664,0.19698406837740046,-0.01460393555532657,1.7933006173059685,1.6017743732084055,-1.1266051923675144,90.6,10,0,0
1.4145192644440683,2.6864287693484887,-0.009976863023819282,-4.628182966707102,-2.8036402056523766,-3.4566855356300037,0.17969299256784516,-0.6544069534049428,0.6487535482767316,0.6821963677201268,224.64,10,1,0
0.9884170196304283,2.3889829431809537,-0.705763321349032,-6.148307464825099,-1.892459992879501,-4.043893762977609,0.49229058656855273,-0.5857095943433595,1.709463519565649,0.7627347720424215,146.7,15,0,0
0.38609903142188406,1.6389161431561348,-2.6018086631281205,-3.3338844823899008,1.7676195201933718,0.673910402276528,-1.5079132479497719,2.6427797324596387,2.507394533872258,1.5107426199576277,80.33,4,1,0
-0.22466262445072216,2.0951758004256256,-2.695268249234406,-5.555736551162784,-0.18793451519859694,-1.208081033307882,-1.1572601591208664,1.8082961219008653,2.2053905079918055,0.10564379756307234,43.61,4,0,0
0.9053957210269469,1.8192379067485045,-0.9578624552735084,-0.2346110444934303,1.9777600976104805,-0.09264870813438097,1.6463575431170498,0.35716469493993586,0.26246385414979223,0.6341837585375912,135.02,6,0,0
0.7525364442318488,0.017556302902796306,-1.294974352103236,-2.352294660744031,0.9174236965740168,1.0241892207710024,-2.7969416424593567,2.406521902892278,2.627083075633371,0.13540620031250777,115.88,14,1,0
-1.3638356923115895,0.8701237907827988,-1.3352381252088377,-6.66432222074984,-2.108511424786891,-3.2379644588896577,-0.7646919238180325,2.002340744171925,1.2884429786958622,-0.3831240516068134,13.96,16,0,0
1.7667736831669363,0.7712324781660913,-2.3879831294741773,-1.4562807685438899,1.6288602236164567,1.2059912537153525,-0.5850202327019179,2.3032581523868974,0.8045906160311265,1.8802482833418048,319.51,13,1,0
0.31484855404458445,0.7273354959581668,-1.1085274183998677,-0.9018907394741378,0.53391277511562,2.0506474472047937,-3.450112958691844,0.8978958873301203,2.6998115307230117,-0.38354299180824464,74.8,22,0,0
-1.130332527617064,1.8375318024258775,-0.9514959882512148,-0.30227833903562584,1.469331955727354,1.0711987687877547,-0.6230083366086677,1.8740621883707667,0.9039914540398761,0.4171807249674887,17.63,2,0,0
-1.4542585225983469,2.1056182700388524,0.6219255457390402,1.656903937927284,1.3648427454921275,1.3927348089538754,-0.7430180462417344,1.2213853572298523,0.7194566112738622,-1.2070497555180255,12.75,18,0,0
1.16668974183987,1.8816688599755176,0.8525256926980938,-3.9111920933026676,-2.781483387121257,-3.52818023119898,0.20633269234574805,-0.41988543133033485,0.4202482418192285,1.6602189839156845,175.33,13,0,0
-0.15710806830141824,-0.7961172471634395,-4.334064235993873,-1.9105585064971007,1.9024713508316988,1.933594726098792,-0.2603344216487321,2.4162493831333682,0.07013485299272904,1.3640661827034306,46.66,8,0,0
-0.9579811390490248,1.6528379504159059,1.023658495768369,-2.9929763953834385,-2.8367393468748645,-2.715331508800362,-0.488662052459311,-0.8449192670394272,0.5698700122660372,-0.33183930951102364,20.95,10,0,0
-0.36063100850820884,0.43402398441784085,-1.5561086405185858,-1.092100825832585,-0.14854219059522888,1.9642426943202524,-3.2635949883732382,0.40260700248215286,2.0864461071445475,2.7528323756945046,38.07,16,0,0
0.8856535000619692,0.7707658802654196,-2.0950806411835,-1.8181163978163153,1.3625218280473153,0.18289499549319577,0.2809274207777074,0.3211265819426923,1.069407273840147,-0.5138345171011571,132.38,2,0,0
-0.5487941439657571,2.5044997046865594,0.7726070113069112,-0.5637147997392106,-2.6249899677931734,0.83108506549324,-3.6768250396350033,1.0377020753430668,0.8994123196091119,0.18830269035776598,31.54,20,0,1
1.1481169495331445,2.412542337644523,-1.6143093880918309,-7.590523888171861,-2.958070583151063,-4.161619769159041,-0.15438897968888413,0.6644868765077699,1.230096352137703,0.3864869615724932,172.11,7,0,0
0.35713585736433234,-0.6573626625117932,-4.787114421574423,-4.908534200867154,2.911845478157186,0.5084242791144287,-0.564178953430354,0.9781437770782577,3.229612393734879,0.6423281800966313,78.03,15,0,0
0.9008529824568932,-3.4880679076467267,-2.3329511968812575,-4.488435357471487,3.3118046585409964,-1.0544135855021268,0.17791453168533036,1.4818607130043093,3.310196601366978,0.11947994803361525,134.4,13,0,1
1.3496785959042197,4.320459699237396,-0.03553469540265519,-1.0134735013746652,-1.1097682363835097,0.5996397558750078,-2.1952427479119017,2.5614137976081484,0.6099343120430083,0.5172290696036678,210.54,4,0,1
0.24126245879773225,0.5922659164327743,-1.901772886546298,-0.46037998231658794,0.019499298646546537,1.7190993627309634,-1.4300870464076707,1.6956060763922256,-0.08257738909459245,0.16419253281072413,69.5,5,1,1
0.08849658620595503,0.3188456830653722,-0.9908869110717287,-1.750510473086902,-0.3355786071658544,2.091566401176202,-4.761643260624773,2.5727725105370842,2.731535747986679,-0.25540973174910736,59.65,13,0,0
0.8052840128448738,2.0504489347390495,-0.6439541614194476,-4.889190486142242,-0.8165380058045936,-2.1895616891708123,-1.1242749198810489,0.7729365102988299,2.514876934368707,-0.6136897059227152,122.15,23,0,0
-0.6624178930541413,1.6123184203735585,-1.4509767611002333,-1.6550307899240622,2.1660178145325233,0.10089372042896327,0.22356366549537965,0.9341746673616083,1.7940385278565958,1.4621703447085255,28.15,23,0,0
0.2622183229115527,0.1722755477264648,-0.7681829136291966,-5.0054678951357285,-1.7331264272464133,-2.468164001798275,-0.7150881030196102,2.52961740744166,0.5833029607573669,-0.931658583794835,70.97,16,0,0
0.1883671146654707,1.0506097556829772,-0.25291037990326937,-7.881884775299457,-2.119262246642256,-5.038312794706746,-0.03363093368849868,2.2429510598402453,1.8024821460397504,2.2600580702981423,65.92,8,0,0
0.16238977257234113,2.3058817230457227,0.5390988340948566,-6.464090583964712,-3.452292026330868,-5.400605275004131,0.8234145978775658,-0.5770180062719572,0.8320014971987761,1.3919049963035746,64.22,9,0,0
-1.2747045564666055,3.1485655684967155,1.3151316817951824,-2.0244585374415913,-3.6845489131120246,-2.774430448363521,0.2199407800703503,-1.4247981801707994,-0.7015009587380865,0.924750836872106,15.26,4,1,0
0.6944881828577769,0.3987576490217174,-1.0948549587289613,-5.988417087193169,-2.223141989501374,-2.914610661703689,-0.7768848107809295,2.8960814139721123,0.5152487136605087,-0.27795113948077366,109.34,9,0,0
-0.4121513338451212,2.692018968680941,-0.8049265750281455,-1.8865755667497677,-0.39567632082170734,0.08873397474234657,-1.202721980946956,3.106257860677427,0.3016052403646492,-0.7689774247431876,36.16,23,1,1
2.2104631269881314,1.9527933675827107,-0.39846522714322896,-0.0974506182942714,3.6659642472879463,-0.5743262700171268,2.7179225921577634,1.6774245695274685,0.5497591550302056,0.21073881002623643,497.93,4,0,0
2.4592221513123906,0.8213936222703644,-1.6953938324104703,-3.018598720281514,0.43544357793370936,0.021019410694048002,-1.479671122797751,1.2742895840788373,2.019793188444961,-0.9095796235640484,638.56,9,1,0
-0.8361264057487678,0.34500986138557066,-2.8087017792904287,-3.3369495585201,1.0712306030563066,0.9007119130909618,-2.0124404785060963,2.075219526724249,2.299979339627142,0.10545025723669646,23.66,23,1,0
-1.212617983908209,0.8300829555650543,-2.1532984832597926,-5.241741277019343,-2.1768441307699624,-1.993411882838927,-0.3846976661910429,2.8384928302693053,-0.5118514685849258,0.08027416900299879,16.24,2,0,0
0.41574789346807767,1.355243330000725,-0.1635707998358269,1.6647777275561584,0.028277975464963356,0.7943735202178908,0.4973872152381803,-2.2984252490265336,-0.29228732504237787,0.8759755320585483,82.74,9,0,0
-0.17295982129124923,0.4903260530090603,-3.7992832474548663,-4.4470589900103,2.287649549747135,1.1163915127849837,-2.086746562261426,3.889694046344018,2.894368577056216,-2.5096557606924392,45.93,10,0,0
0.652240112770512,0.6687601158354886,-1.6250974792245985,-6.165710916248147,-1.1269071159733868,-2.4115067654326108,-1.029149844227795,2.870204278004426,1.5395705222950227,-0.6392054327774406,104.82,11,1,0
-1.4685556194474787,3.0290688673014605,0.27003830878480106,0.6766745957500693,0.7195049998809304,0.4269884540408706,0.1533051513367369,1.2152954373708382,0.03837561768429154,0.10166518545579178,12.57,8,0,0
1.1464108274938254,0.5495971789634118,-2.9787366481993325,-4.567031649277183,0.6686608848293796,0.5659629584692627,-2.8970175214837703,1.109650654317645,3.6256338076406447,-0.44292024769978994,171.81,8,0,0
-0.43627021846341607,1.3039278184397685,-1.089470871677432,-5.507251753187155,-2.0506371956870897,-2.7541000158186595,-0.519331695830194,2.044456474776257,0.6335978322270776,-1.3429769863650813,35.29,3,0,0
-1.0575207892417042,2.23262977187344,0.2724032981521016,2.292652905098819,0.8904016166609319,1.4474151118517455,0.1150515439713689,0.48499760879349274,-0.49025277176210746,0.28143053890868874,18.96,10,0,0
0.21997204397414744,2.085373270966972,-0.07899866136650724,-0.6311712446678777,-1.0990467236010708,0.8893510713768223,-2.6954408922653785,-0.805987696144389,1.861248345289607,0.6233062822275799,68.03,17,0,0
-0.6381786116298318,0.5170778816516763,-1.9999001925856559,-0.9177068916131889,1.9984351394831787,2.0508448508229087,-1.928072097228039,1.9303129652478226,2.0551283971558174,-2.0551636247178244,28.84,16,1,0
0.824522218317528,1.1016315464031199,-0.41106664037164087,-4.33057714110052,-1.7850872364856492,-2.0575916376155754,-0.9404761045363474,3.5960436362585204,0.13333773140747684,-0.8941301116634994,124.53,11,0,0
-1.2608572918264487,3.0912951703185456,1.522733568152414,3.145069390460995,-0.3735054004193894,-0.02041063743190419,1.8760798264706953,-2.24229948744632,-1.622680528600186,-1.191282348668112,15.47,7,0,0
-0.4189578494107987,1.002113937343111,-1.267872909606929,0.4018992786353426,0.45618533062444955,1.4531348310791201,-0.7415924983984284,-0.7258884530028966,0.5624780390330082,-1.142843092265175,35.91,11,0,0
-1.9045188243907787,1.4254254808241738,-1.2392431634973653,-5.628340008432075,-1.1541592974531585,-2.9566797671697396,0.054514709988415726,1.2609057221990636,1.3058546307418806,1.3861773725014461,8.13,9,0,0
-2.058213009133421,0.44385609240308765,-1.9224081237536497,-1.5066507883485638,0.2859459804614989,2.0733513618015627,-3.320409682807844,1.3969287152659255,2.183943429897837,-0.467464624658553,6.97,11,1,0
1.9834089239267096,1.0827786013701628,-2.016799080026284,-3.0960403570595436,0.9915282318696894,0.9562483432644493,-2.4826042943934574,4.196316989585644,1.9855575377188446,-1.3480789839480734,396.79,3,0,0
0.48163598500725147,-0.5417346962139429,-4.440284057465744,-3.4242960961665276,3.828138371751522,-1.106890451997007,3.940685641850602,-1.0925680536365074,0.9032115637092291,1.5432185885420666,88.38,7,0,0
0.7413116041980209,2.2003952144386756,-1.9525095862687452,-2.8231536883299424,-0.5004641950793338,0.5974485416922941,-2.362585231707073,0.3449379988390404,2.157962555087428,0.1490097176574175,114.58,18,0,0
0.24979915937621636,1.0401192012664116,-3.105978998107773,-3.6146481970682873,0.21631951687361273,0.20165209411837215,-0.9852411870192948,1.2971174010269755,1.258596076722676,-0.022511926632840396,70.09,0,0,0
-1.56454949572623,0.13666799876137592,-2.723463711301092,-4.0965204648039455,1.5597050433120518,2.643711979250189,-5.917450757815677,4.706431327919637,4.910333733177258,-1.0969196683540487,11.42,1,0,0
-0.8181069615055818,1.6613163512380356,-0.6405938428860251,0.8975830282868736,0.4770566787884264,2.042227201275504,-1.5799498710370308,2.453405211974625,-0.04171131942104633,0.11801394947230298,24.09,6,0,0
0.349650871139312,2.1403237942881246,0.5353989824276155,-2.7954471543564696,-3.074456757122701,-2.290268768265732,-0.4416854870141015,0.0609391660196168,-0.2843987554450127,0.18266795563781826,77.45,6,0,0
0.24117180500106408,1.4871792721760388,-1.0588123369097646,-2.3767884033897655,0.13922113643204015,1.2121198572680565,-3.7064370606960675,1.6530304774938127,3.1798056788279703,0.029468220571986,69.49,1,0,0
0.7868138230126608,0.8285664321536974,-1.6568749070676334,-0.8929797422495069,3.8192667302861425,0.6420616243689053,0.9385937194005305,2.1934236063158066,1.5788988366780587,-0.6841884995675741,119.92,15,0,0
-0.13405000282583113,0.296664898044508,-0.16103997123365676,3.562755030039444,-0.9602737862568407,3.3481011952861,-2.0352797959159408,0.5380349261917522,-1.6065313443846205,0.408863844071525,47.75,3,0,0
-0.28820758902366556,1.6502754055462905,-2.0850359300407035,-4.127743589672291,-0.6153966885017106,-0.8951007013514326,-0.9490396862566178,0.9154451958150691,1.4486935448681784,0.16950091865112119,40.93,20,0,0
1.2494037946331742,1.3994206622638092,-1.263203995964235,-2.097642336478646,2.069336515530622,0.5132353831617019,-1.3006859139931584,1.3581667039747327,2.9430821051085285,-0.5573593346408267,190.45,4,0,0
1.1304242060817675,2.7282658505887873,-0.3558824611691448,-0.5442521338726501,2.2183612439532014,0.16030628472438546,0.26107106120175977,0.8997296362710148,1.751535269793287,-0.021118242219888925,169.09,7,0,0
0.8607009864929972,-1.0165621683458126,-4.305366715206974,-3.473900931258944,1.2124562365043634,2.50963387158611,-3.472638339037632,2.607521798527247,2.591874164799835,0.2628792884380991,129.11,12,0,0
1.0815833014650196,-1.4742884011983421,-2.064256009547651,2.250913459681907,4.0826743052781,1.265398623165196,3.4667257314508513,-2.805474172310319,-0.19538145549919794,-0.043443447889809035,161.03,11,0,1
-0.17708360410663812,0.9467681281980236,-1.61771541365631,-5.097685095971304,0.22163217632382426,-1.5784953745842578,-1.1373214799478193,1.0946452901178894,2.8830493493076745,-0.7587812075788937,45.74,19,0,0
-0.9636197684264411,1.4180776299012914,-1.418045899448686,-4.725421419557156,-0.5950730760248548,-1.2331327412030517,-1.6759131365504023,2.0016322559153394,2.1404773630051537,-1.5505661680918104,20.83,18,0,0
0.010720004802006489,1.823638251014431,1.1308626249340656,-2.6774211034779047,-2.7370857227997227,-2.512103646635579,-0.6550820571410314,-1.5028708643057926,0.9165275509050426,1.2715336107364994,55.19,7,1,0
-1.1049711823775668,1.206343498516009,-0.5725700418165682,0.8145545329201587,-1.0411873509076137,3.2033611178574084,-4.619045615480735,0.6192009649265744,1.6216560479090467,0.5240344670287164,18.08,8,0,0
1.152972184725049,1.8530795325985623,-2.7413539175506543,-6.73510684091154,-1.540709059459331,-2.9596211406127497,0.4155621992126341,1.9308209592204133,0.5145170259233812,-0.0936955565572654,172.94,17,0,0
-0.46328129488329783,1.9316121028494926,-0.9647488525160766,2.2972723931925483,0.2085091729176367,3.2454692140357873,-2.2442582880638944,-0.9144307222282173,0.6524740275487518,0.4549798908184805,34.35,12,0,0
-1.3172469629101862,1.194767980212931,-0.7480609465387336,-3.328223844699794,-1.4286950393432178,-1.1517725991044003,-1.1517003512043613,1.865484102873161,0.5786971393575121,0.16019488233748036,14.63,20,0,0
1.7661192371921397,0.5620700956902493,-0.2965160031992008,-2.7966849477983917,-0.747965967027203,-0.616825077855196,-2.019504829915909,0.5707895898638075,2.1079756904710987,0.5223355556782617,319.3,19,0,0
-0.7905747312383777,1.9553778864782405,0.3031061774234143,-4.534632662160511,-1.90125419486861,-3.0235974246591026,-0.638046743736076,-0.44640759663337226,1.9129148806493617,-1.2299615273592026,24.76,12,0,0
-1.8601961305857169,0.817544961398446,-1.3493982131984328,-6.831876674480719,-0.9499629441333547,-3.3379218088792193,-0.5290471516207735,1.2341206002989358,2.481445086997639,0.22383623748656517,8.5,1,0,0
-0.7608858332482187,0.7076962328857981,-2.012835867599657,-2.1109868010136466,2.35114370616642,0.6730802765607825,-0.6722390407024895,1.6724183528829808,2.239700630111579,1.4484388975748343,25.51,18,0,0
-0.7045718557153628,1.5024093377707477,-1.3431745394362133,-0.9603079728092506,0.167157567340942,1.813701730907323,-2.941895174739987,0.33445267986744376,2.265238287638092,0.1872017267859014,26.99,20,0,0
-0.407505892277911,1.0474777974184792,-0.4444817010937395,0.36146074317123317,1.1086327883995841,1.1892112248518147,-0.8612453095677742,0.8925656576211649,0.9144310282428716,-0.020250713920894833,36.32,7,0,0
0.4029540579160398,2.107475829561911,-0.22509896949778907,1.500904372730167,0.11446359690613339,3.0742731622092023,-3.7218401259816076,-0.6156254170060926,2.2814838557924446,-0.6501317258944623,81.69,10,0,0
-0.5699287597843415,0.9602175322713057,-1.4380895658873214,-2.0885315374111713,0.5590933031192685,1.1473973591732347,-2.7126026710075375,1.5367304982940022,2.4972338826428557,0.907191546533068,30.88,17,1,0
-0.5137983148695644,1.737253398663622,-1.3237679079500164,-2.133294834139321,2.7129760462825505,-0.5589285761345011,0.9556462477472871,1.3562152707389785,1.8943489577148287,-1.0162068918494043,32.66,13,0,0
-0.7378398304095013,0.8507318202820358,0.049739847503967205,-3.3702540379911743,-2.2416455297529927,-1.5240678732232609,-1.6036570351460568,2.252172366513293,0.37926501339657803,0.5954270664691304,26.11,0,0,0
-0.05343291680481915,0.66832698997514,-3.071146258110667,-5.701021240020346,-0.7224612005421454,-1.4987853578685586,-0.5664246725659909,1.6808727248528554,1.1717932714003156,1.4212770291312071,51.76,17,0,0
-1.5843065501502758,0.3078185593287557,-1.7184921695054054,-1.0974616515208913,0.08568409192784454,2.573362884027971,-4.150728830245721,0.6684011370832484,2.7391110679694926,1.9372609227111761,11.2,12,0,0
0.2588291179500023,1.8085333797834096,0.7130004034676749,-3.779131208878318,-3.7932981822042056,-3.9069751223984044,1.0067044054485244,-0.029262315227348124,-1.2976032103868025,-1.6392320090254415,70.73,13,0,0
0.11648111608427383,3.1555811480060525,-0.12400559397490873,-2.0645353811114733,-1.1959024959108895,-1.0591789679997938,-0.8404018231398711,-2.2428151081992027,1.9157135692017748,0.7809787436407784,61.34,5,0,0
0.7358845813203865,0.49749386146051744,-1.410184314549134,-5.930306140926038,-2.7741584799613337,-2.560348398684184,-1.2440368109530922,2.2463231138061754,0.4948817091628265,-0.11008927595512355,113.96,10,0,0
-0.9191537876912559,0.46155026989304593,-1.920974619802355,-1.0077845671733154,0.10933955548872376,1.8439509858161318,-2.223090966455135,2.29527568566748,0.6120772157166091,0.27150489154178814,21.78,16,0,0
1.6696878112421716,1.4017211970720245,-2.3082087351022986,-5.159600525787664,-2.069785185063013,-2.05491232747201,-0.11386892090710632,1.328911553867151,-0.06934110418754336,-1.7514632289193448,289.94,6,0,0
0.3870355690816607,1.122646121839955,-0.3057883000906383,1.3876603003277292,1.3355874539642123,1.323300215472249,-0.037013405896584035,0.20815503049884754,0.26986051847997794,2.2286742761727085,80.4,15,0,0
-0.8784622158029682,0.3383068257939249,-1.7491070961027477,-2.3683071586568136,-2.1326010418556973,1.5358167389362785,-4.5195729864161,-1.1404661533515548,2.5663812646641313,0.6348267832520819,22.68,11,0,1
0.2970869104636338,-2.2343332050386366,-1.9318839490172373,-1.0813300601106883,3.002801664335694,0.2700781647518036,1.0175087888619985,-1.0671064456238004,1.823764009799173,-0.2980164017535377,73.49,3,0,1
-0.13268191770020646,-0.08416908390540057,-2.2308801917836147,-5.850846795781103,-0.6471202349124987,-2.172825503064427,-0.27282857513083575,3.091522190837682,0.81463935768406,-0.8275648200026966,47.81,10,1,0
-2.5480245348408666,1.3910822548283266,-0.6269251047472443,-0.07656579854103042,1.5770839404160524,2.3152645819824698,-2.9511123217018254,2.91264644670012,2.212712888778829,0.44887398587844374,4.27,16,0,0
-0.2772106613468122,-2.984138219090177,-2.4803528008193108,-5.705688949210042,1.7969960552858337,-1.505853951114582,-0.7226782476263758,1.1474335163350584,3.493709083963571,-1.8471659892016739,41.38,5,1,1
2.1265523861997377,0.3178877784458344,-2.2218241403042653,-3.5195437283806945,2.271464969655322,0.8469466660469054,-2.5454247201018503,1.421218940714011,4.288622985480137,0.30633982495464285,457.85,0,0,0
-1.4279530132590421,0.45736369429490986,-1.2456159360327619,-4.510723544771129,-0.5388012716730597,-1.7449437832173522,-0.567427434710829,2.7803159329794624,0.9367801316449129,-0.008208859591389258,13.09,19,0,0
-0.885266995078398,0.7139355475276685,-0.7133885649785077,-4.107455896731567,-1.894849360122381,-2.1034745775411006,-0.4983916216710622,1.6985538283497912,0.1908563197558406,0.7641599166893374,22.53,0,0,0
0.5778553904593176,1.3602763002937859,-0.8727172875938287,-4.449807907993652,-2.365325876555887,-2.3366333329709628,-0.5431332368971601,0.4422796609857954,0.5191682259464163,-1.0961142520224445,97.31,11,0,0
0.22654206748178132,0.3212170650774212,-0.7407605835026722,0.869497020330644,0.7994342236636232,2.8027236735093615,-3.0010366492006937,1.6049298480108976,1.4288968309569356,-0.15590064218945912,68.48,11,0,0
0.1175902802631966,1.257327748509654,-0.24556761771579794,0.3186893506430313,-1.0945157316759604,2.022675560072374,-3.5078021069837533,-0.6111354320497258,1.6853437965179565,0.9100101681315143,61.41,14,0,0
-0.9440687924738081,0.34557535831622743,-0.689724471581668,-3.9960342628029637,-1.7196917828758829,-1.6271064460876685,-1.2776160111614474,1.542488853370025,0.8695208908343427,-1.5780460991779879,21.24,21,0,0
0.05861397679607369,-0.2847136356357993,-1.3012223425906808,-2.3347228589166615,0.7499428013058449,0.6273494741904424,-1.9813757807587844,3.188381926537076,1.5482679742149072,2.0807044251376263,57.89,21,0,0
-0.6892830353025688,1.4568397314986505,-1.9428968210613682,-5.076719263614467,-1.012323362928928,-0.9768466026472319,-2.1566938712315578,1.559155234859304,2.300242743998326,-2.289155070768833,27.4,17,0,0
-1.3437334438997233,1.7716241916390194,-1.569706978688573,-3.5541884277103435,-1.7558203277539355,-1.7903319111609246,0.3653180344455293,-0.6651986338405247,0.0720790469410657,-0.3238927190967482,14.24,21,0,0
1.2464888400733758,-1.311321106904079,-3.775443360507775,-5.5966107859718575,-0.4071932814933944,-0.255558479138429,-1.6146191869828086,4.844223357901237,0.3928819070961065,1.0074552276874384,189.9,9,0,0
-1.2660015463437146,2.355633516611591,-0.8337590803374587,-0.0665704234427407,2.2034300518363956,-0.6419793303036732,2.8364542944791675,0.36251273809952456,-0.39573082467622545,0.6783853580148704,15.39,18,0,0
0.524017038607112,0.07210530129284187,-0.9308721326751725,0.8676065970877045,1.724066283769174,0.9560998301975167,0.613625224184504,-1.5316038229529898,0.7569392847931499,1.0372011231064286,92.21,18,1,1
1.3916876735924057,-0.08643541765470375,-2.4385973849499925,-2.577926901364096,3.2775896975605416,0.1940669414756251,0.25835874056538766,0.55071797371181,2.8084313807383676,0.09458784841113232,219.57,10,0,0
0.8645923935628513,0.7791500292367506,-1.614702613034304,-4.020534173372113,-0.9001970786110178,-0.3042667808567586,-2.401990962875191,2.5564401995040074,1.6442809190722207,-2.0655528128559912,129.62,17,0,0
0.9950844464048028,1.6958099216447846,-1.2254987183368793,0.11993035524110066,3.7430590853068804,-0.6709294914743684,3.92690182293579,-0.04904336440176338,-0.05033975584356565,-1.4481304141464395,147.69,19,0,0
-1.6773222630758255,-0.3135532850525242,-2.9966672405046464,-3.387485544788817,1.7405189170962938,1.8282029228780383,-3.3433930044367264,3.0755486029755836,3.3074937436646064,-0.15830743843455963,10.2,16,0,0
1.1513704240202451,0.6969345080418947,-0.6703126077579595,0.9203381402835102,2.373812753393355,1.284691559063569,0.09520917035832106,-0.3483833671204374,1.3423750763071736,-0.6943180993934597,172.67,19,0,0
-0.08530585872257125,3.003516026141428,0.7720280204500216,-1.840300849219194,-2.3974675451178484,-1.3634647858913946,-1.2100459615742603,-0.9763253184618514,0.8897482097670915,-1.1075748343097787,50.13,8,0,0
-0.6549543483003359,-0.3178110271604091,-0.5012841939934785,-7.152461982138524,-1.3877135889531893,-4.041276408831082,-0.6130962773356988,2.132100804038309,2.2295859784097924,-0.42824713003394005,28.36,12,0,0
-0.2818905331019235,1.369919158433592,-1.7610181369935594,-2.1433520450148738,0.692797113357192,0.3755501046927716,-0.9863415205528739,0.701208751935465,1.6432141284016475,0.3954261582337933,41.19,3,0,0
0.817982044377134,3.4226039812732694,0.6493418124500647,-5.644978332111538,-3.251435468108963,-4.21677818887391,-0.3506465428731272,0.3653836881660487,1.161638429799679,-0.5697952646757863,123.72,10,0,0
0.514166012709996,1.2079677061066965,-1.4716087255210835,-1.4470279484754047,0.39798877285700884,0.4507340196989653,-0.8333738264784636,-0.45383622111348965,1.452716039439641,-0.5929878281945764,91.3,0,0,0
-0.22367942673095878,1.887020299425147,-1.7662489399694166,-3.051775800460829,-0.9355676540101707,0.1591312542143679,-2.1386427853534533,0.47812942866314456,1.7523085428691734,0.34960924002961496,43.66,11,0,0
-0.37592770641555523,-0.3646511583960981,-2.9237052218273485,-1.8832787154169006,1.7869668639358687,1.6698691780299584,-1.3784578895413089,2.233667948715065,1.4463416751865188,-0.1751561632042904,37.49,9,0,0
1.4932462902211585,1.7592236213770491,-1.5170899589697893,-2.1526725029638842,-0.4254231590984251,0.501871103839175,-1.8489600347153983,0.41514771603687584,1.5788790118528073,-0.6076159865890035,243.04,16,0,0
-0.8460299453710283,0.021936476072202282,-3.214244514445646,-3.1258675937484193,0.28432494241658035,1.4364491240412132,-2.548325183947996,2.0123638359487734,1.7331359125741812,0.884813735871745,23.43,2,0,0
-0.19577192590788478,1.9678903754869885,-0.18251201885614798,-4.734270773564108,-1.2662633648821982,-2.9412481568436553,-0.2048646061956136,0.41251077446937234,1.7116606349661538,0.13944948529203544,44.89,20,0,0
-0.7273150055549893,1.0874380959348844,-0.8313218719374382,-0.9628040559065396,-0.5903069572081515,0.9096019672336728,-1.9125336488820515,1.429007690596421,0.6231249843925148,-0.0862347693552353,26.38,23,0,0
-0.004738090103645652,1.3702877868891763,-0.49243991857595937,1.4616521006903642,2.0408125391895995,1.1740282796779413,0.8844373798233799,1.3156519283564372,-0.331658405387935,1.531429218152974,54.34,20,0,0
-0.01578710416507704,2.899168904898013,-0.9054039206101918,-1.228616865552854,-0.6322348931616442,0.7963875827055316,-2.194699242854514,-1.272625062659973,2.162325572716011,-0.17805126995295603,53.74,20,1,0
-0.749037470636725,0.2522478204628138,-2.4207835882949085,-5.320461474354017,0.10079462910360726,-1.6355140567299944,-0.39444218343452475,1.4858434150339006,1.8249867565215039,1.5315473056623654,25.82,21,0,0
0.2635370341462911,1.6937336998502857,-0.9259812076182417,-2.9547140584965113,-2.0991587608830296,-1.094310280536439,-0.9901760598049303,-0.030438859795869133,0.41891684241284277,0.19710796756340332,71.06,3,0,0
-0.04708946092732229,1.3113846309485289,-2.1497779222422353,-4.414134631897117,-0.12580046998347783,-0.6073502675197429,-1.5613121488183725,1.6526091077338503,2.10858814444798,0.8165991135835687,52.09,15,0,0
0.463216595934598,-0.44189054114668624,-2.355557907609153,-1.7886881939768309,2.3723185221991585,0.6886596472370988,-0.07445805402289182,0.6084037656653191,1.81689181621483,0.6723372985263137,86.77,9,0,0
-0.8950168773966399,1.5736137715758323,-2.96051080269704,-4.566540721599942,-1.1565284965159808,-0.9037428875462064,-0.49737166557453766,1.9711273953704767,0.1362008282167131,0.5680960785722706,22.31,17,0,0
0.20362459329986315,0.741554216618644,-0.7868016843274928,-0.2743514458460055,2.1745639349546346,0.4610467233711236,0.36115694412398447,0.3171773622450035,1.3512712665918643,-0.4518415763732414,66.93,19,0,0
-0.9320357679963492,2.1679772309340173,-1.4733092054367458,-4.633503775308179,-1.5154661105090346,-1.6048545548296413,-1.2621319177102241,-0.06099258295214116,1.8892718638866208,0.8855616532682073,21.5,7,0,0
-0.11270023632943854,1.2601084197289067,-0.8634575562839883,-4.339947974236751,-1.907724957899626,-2.186657796243885,-0.5595095795040592,0.6253220158311102,0.774532244520995,-0.03807980684846905,48.78,1,0,0
-0.20821233128404645,0.20016776478636011,-2.011297020283968,-8.46992872089221,-2.595150180162388,-4.781373242920233,0.6503700356095657,2.584342138077886,0.31205785516123585,0.7367506307208896,44.34,7,0,0
1.2860331528157742,1.159909637357307,-0.061934105001474116,-0.32273373393162486,0.5400641298309488,0.8755964477818943,-1.9138558416055884,-1.033702090805029,2.5093459886103293,-1.750773542840917,197.56,23,0,0
0.14132004802849285,1.4896733595243936,-1.196980431951799,-3.038331853231191,-2.0755867697044383,-0.5800419647064007,-1.5140915657783096,2.1058387717145495,-0.11646126877167373,1.4572281509979779,62.89,8,1,0
1.0604699212840016,2.355217020565236,0.35404652640764867,-2.8960626550282655,-1.6319492996585518,-1.1376009855141527,-2.1118253541036665,0.2810055749257673,2.043243394273947,1.794136025176275,157.66,4,0,0
0.03496306100644915,0.20475893794366784,-0.06423940715378906,-5.829808413997182,-2.138715568343131,-2.865724367139319,-1.8176035153418646,3.089859082758167,1.5647423545427073,0.03222910932778565,56.54,22,0,0
0.39819206128835327,0.6625330349569746,-1.3891781376853127,-5.503739072458688,-0.6392601741236498,-1.5873925268133156,-1.8722376735889892,3.312982540010241,2.0997579189889786,-1.2580098667162287,81.3,13,0,0
0.7962575725529559,2.031344613261915,-0.16098285480370778,-3.111201946271611,-1.810770153849196,-1.3099758399093053,-1.43284020892418,1.0212862541369292,0.9926052688431113,1.8213237822662782,121.06,21,0,0
1.1450801883892452,1.5196069734636133,-0.9427486604168731,-3.025113329112728,-0.2724988566879355,-0.6232883118404396,-1.444127512475282,0.0008410838400270126,2.2826854591447745,0.14654599474094646,171.59,11,1,0
-0.15518071512280485,1.4985141401159656,0.4743580860991261,2.5937445742852043,-0.1584389415879408,1.9120986786241922,-1.0291248585258712,-0.18116148759131545,-0.4464047773998132,-0.1778822177296305,46.75,20,0,0
-0.2015893188290599,2.2172355343300643,0.46791798353864666,-3.8843014061355587,-2.5176376874429716,-2.6866656403169467,-0.7495986807490242,0.3188295267385799,0.8967502532454966,1.5845444124785537,44.63,3,0,0
-1.302402805072265,-1.2296700465524824,-1.8314627977222955,-0.802193559359184,3.2309445095467124,0.31762640841680145,1.2751190043000193,-0.8670997413689535,1.7334712603131386,1.1351675052290642,14.84,14,0,1
0.30565930760944177,-1.5034882001502539,-3.691535677537807,-3.6260185993458913,1.2025667106755775,2.9119697616122306,-5.161943585895198,2.469705333220251,4.1369400508929175,-0.5770749526464701,74.12,6,0,0
-0.5123038924000584,2.556416971299754,0.03363999060969691,1.6128388240030378,2.3410238358546698,-0.10185719619350575,3.0011271884846744,1.163731290708257,-1.2932677984056096,0.8291222683384534,32.71,4,0,0
1.4210918785437836,1.9856691233485408,0.4759060014125438,1.693042716930795,0.3901761853418665,2.367751016527662,-2.391989780545504,3.5685606087965853,0.06035048123350095,1.2963051062779398,226.13,22,0,0
2.0594667093806542,1.9557223776978105,-1.1866797722035725,-1.1646926750531297,1.323418005729888,0.3463245694134368,-0.07471646464577085,1.7736232950185409,0.8309807106289782,0.13671189703959374,428.15,7,0,0
-0.13571034514182312,-0.5340265849390755,-1.8061746846017646,-0.9045143019420537,1.2311761680635316,2.3507319465186303,-2.939469934257572,2.0753595742910234,2.0459238252935554,-1.1795324499988018,47.67,5,0,0
-0.5837538584599954,0.8295879218016193,-1.3651469573296504,-1.3609972769859824,1.0236872936638954,1.5087092592440106,-2.401265883926821,2.143049272601726,2.0293618111495526,-1.6333565191392225,30.45,9,0,0
2.565566129698654,2.094085327271157,-0.3094955585917891,-3.070274856855745,-2.27825427892857,-1.4791119325588329,-1.079052872324,0.5073055797134273,0.4730521944421896,-2.4837136459043507,710.21,5,0,0
0.4712631301452413,3.415938502582316,1.4862368812086253,3.3039290088478515,-0.902549193303922,1.322742119541334,-0.2587895354718555,0.5332311441788516,-1.7098337781664046,0.9414337185621386,87.47,15,0,0
-0.5115768225275867,1.3315870611167517,-1.152221258655365,-1.1499378306829926,1.5604141626878922,0.4829137473050177,-0.4492436092221361,0.5823197652112319,1.7160085136253171,-0.6031743228928058,32.73,10,0,0
2.2628032100343165,0.06874032345369696,-3.0451443192047543,-3.3114068008405266,-0.04316561745244085,2.0770306693018696,-4.2321318517633735,2.392747640334996,2.6930868445063014,-0.25492526108542,524.69,6,0,0
-0.8914714305959811,-0.4551878531708218,-2.6576476542330187,-5.701744024376672,1.0935806315177514,-0.323838033278111,-2.6468477191095734,3.0711032688627595,3.6952770160739092,0.3742295389607086,22.39,5,0,0
0.0688397328003023,0.935974245392013,-2.187782398977338,-5.467869643122861,-0.1964584130173903,-1.1385845808947437,-1.8922457486643744,1.0707801014705671,3.0600394944724245,0.36878067170253975,58.49,10,1,0
-1.0556455736966346,-0.24490645299696934,-1.8479302418137569,-4.494301692709105,-1.238570026944634,-0.5217279728376318,-2.2186739443328984,4.391329539564628,0.5714921445976741,-0.7826572045203204,19.0,20,0,0
-0.1536488468493603,1.6083080822168359,-1.6147598701966142,-1.8783433591513594,2.4248081103644914,0.37995421166769916,-0.08982534568174799,2.926371620378432,1.5044352902405675,0.79285621636183,46.82,18,0,0
-0.44991971163434225,-0.8981109803036931,-3.7042776320966677,-7.312287295768581,-0.3422311505457759,-1.8312544068567733,-0.7391843820696997,5.0093769004851065,0.7915342071561919,2.7696968038905334,34.82,2,0,0
1.607872297311167,2.7212969312591486,0.6355086027691608,-3.5343836110603934,-2.492083082738172,-3.2083200483198047,0.07173219483398684,-3.414506136811034,1.7317259209328908,-0.03762012742456929,272.56,23,0,0
-1.4491224246129455,4.204836474290348,-1.7985041433519298,1.0321749718837303,-1.6507874125116277,4.03264482188363,-4.526694738149714,1.1691261242129003,0.501661388578651,0.737509108200542,12.82,21,0,1
-0.23723505484105087,0.6949263599316585,-2.3549198897538863,-1.7248990963031143,0.767239332693504,1.7732448787749027,-2.28240745474736,2.217440188214587,1.4903401822509905,0.5946910698949269,43.07,8,0,0
1.6689495545591324,1.3660638813741026,-0.5172003902103358,-1.2255120751072763,-1.6634006524011797,0.11281335368678347,-1.369675626514077,1.4105893019505868,-0.3577140920850408,0.9203817466760191,289.73,6,1,0
0.5499098647560078,2.8822658281527076,0.6707623376300758,-0.008355905661405733,1.2193099141592751,0.06244490105015532,-0.3835483133820983,0.6012574318588977,1.62181861742329,0.031007199834808288,94.62,22,0,0
0.23478916364689986,2.3853042943687717,0.16072044401624574,-2.5074299278237047,-1.7331207239622792,-1.4564869909436007,-1.035870364374852,-1.4383894348453652,1.5743415303727761,-1.8512734536382118,69.05,9,0,0
0.13053619224094656,2.7940465808732062,-0.41614998620108645,-1.514849876212047,1.5016790496209735,-0.02334419724581216,-0.6937795288890702,0.9689646408028514,2.337021407892453,0.7435055648254473,62.21,13,0,0
-0.6512557267097466,1.7068295544569145,-0.6312706533364638,0.4350776332087553,2.1303181259205566,0.6100391219104033,0.7198748043371166,-0.26155731675884875,1.044443786909493,-0.7383879514774395,28.47,10,0,0
-0.200179042517137,2.614597599702943,0.3649027204661055,4.110009561074443,2.4551809232343556,0.6346626605408487,4.304575959264665,1.2126395380057398,-3.421638513988203,0.9255437843797091,44.69,22,0,0
0.7686580945139945,0.26844417754852556,-1.3353375462220045,-6.03104896228474,-1.9268074121259147,-2.3467838285515166,-1.4521719918609424,3.787542088321694,0.8085738121897037,0.567150131525137,117.76,10,0,0
-0.23681317305465227,1.6704387412769028,-1.1231133002596165,-2.7017928837122454,1.2935981590210888,0.38817385623250744,-1.8585778231326728,4.033220641857583,2.0537176767680085,0.852022662706233,43.09,11,0,0
0.9895758998819548,0.46387352122949077,-1.6881054768383235,-1.295882058374178,-0.9617018185354111,0.8752175744125721,-1.3766929919429998,1.615955825732898,-0.3682374907298518,-1.9335626582025427,146.87,2,0,0
2.1951286626376056,0.4302206692354722,-2.8492264588158607,-7.2394952504943415,-1.2208016796713064,-2.8072719538688133,-0.25990658307508707,2.510900940347179,1.1381115461844489,1.264517094220132,490.35,22,0,0
0.35870336625155264,3.314459034801141,0.15958809178857503,0.3507720348991527,2.9432155922932677,-1.9205390083212885,4.863646003377947,0.22154368361674814,-0.9115944795606026,0.6580941873977967,78.16,1,1,0
-2.4383436353172487,1.8871335093622261,-0.9632608253510053,-3.2614167345244276,-1.8787781704802204,-1.6726701109359567,-0.10088241966650266,0.4223654701019792,-0.03685931381585106,-0.5388740168248956,4.77,1,1,0
0.5579241741240196,0.6670642764104463,-2.628248316226321,-1.3104377970041898,3.6484656048793536,0.3382628241426001,2.01676947738849,1.7650653735959256,0.6580968931373907,1.1444617466384075,95.39,8,0,0
-1.2635723977888267,1.8624936694607164,-1.9893788412348772,-5.988294191519459,-1.2120931321548531,-2.1468672500323214,-0.9378393536426747,2.3692405241961794,1.4716801704460614,-0.9256815399546765,15.43,9,1,0
1.5645049030923417,1.6660304670823887,-1.5077142347062087,-3.33645832192638,-1.0968410503211694,-0.41996771913983977,-1.6836793794361498,0.9109973058068623,1.3619322274945616,-0.3491167185403742,261.0,19,0,0
-0.46737412343070545,1.4601982167459653,-0.09629177572111991,-4.863823820470544,-2.9626436511548357,-3.5414946980698954,0.3792011919723519,2.078283402680694,-0.7364019060655405,0.03890540730155763,34.21,20,0,0
0.1395681313604817,1.4035394437466582,-1.2062000760751594,-5.034570790581126,-1.3379262961068061,-2.343178496350403,-0.5397229028261555,0.728066042149969,1.4656450862317452,-0.8615675893890299,62.78,18,0,0
0.011145474905014732,2.5628942201996856,0.7566241808722192,0.668915208650803,0.4402687863701278,0.46101021833829614,-0.6397327505158741,0.634229870218197,0.759051032542861,-0.31677092938504403,55.21,8,1,0
-0.5064570276961164,-0.6134884433014938,-3.110982932498313,-3.3180116906245707,-0.4671928448310839,1.1127553124375298,-2.2891757568038265,3.999427774445434,0.2140788635018549,-1.276215528307655,32.9,10,0,0
-0.3920135987543631,2.2941833766614357,-0.8504066902998528,-0.923816451654285,1.8623789108184008,0.2038078276188341,0.13889526239576247,0.6566434321920365,1.6077755367042945,0.8973187238458242,36.89,21,0,0
-0.8382199417938981,-0.3489904876234129,-1.6437849450593958,-4.954042652737002,-0.29294147289801664,-1.312203424422514,-1.577405493984844,1.5421632646940349,2.3692249537517807,0.7558582981542863,23.61,4,0,0
-1.402084645338783,0.05185753902870416,-2.2244248801196873,-0.6065050533019579,1.4411988561040376,1.9901474761651121,-1.335345444970113,2.046833881751271,0.8028289007303151,-0.4906535792172455,13.44,13,0,0
-0.773503479010745,2.066719450443455,-1.6214708622018141,-4.654889295119511,-1.6429398796972545,-1.8770594790655264,-0.5838214757203404,0.4286966221038738,1.042978948571999,-0.6720901950276554,25.19,20,1,0
0.3008129596205611,0.5784772558080511,-0.9834952342749175,0.030247716089468628,-0.05963614422731034,1.896158106924656,-2.6547990955279106,-1.878693266077031,2.2430241071855295,-0.09036207377858356,73.76,13,0,0
-0.3657665848926557,0.45986369340684874,-2.7666539365472613,-6.380351198677746,0.05878560180946635,-1.175197264500067,-1.9847803200349998,3.0905992405658713,2.7722358029394583,-0.6960613178077155,37.87,8,0,0
0.5026092083217703,-0.1348181715862402,-1.831628019646667,1.2946360581405816,1.7957182000257665,1.9817770243144877,0.4536467873486,0.42691019477974346,-0.4721122326808753,0.030092937875457065,90.25,5,0,0
1.7476668052975544,2.478581895926496,0.7259176860177816,-3.0306674292310207,-3.2984324271424867,-2.756495849376227,-0.20485552277963529,-0.756980379534925,-0.07437213594965808,-1.51972365445701,313.46,3,0,0
1.7814190198678954,-0.22763041580488452,-1.8284517725878087,-3.9873319164325944,-0.9611924075426863,-0.9069342297216714,-1.151719366099443,1.4479436136350365,0.9313419233026703,-1.5157660158584214,324.22,6,0,0
-0.8856238167000218,2.1648444001290557,0.22327598140671334,-1.3839223766574444,-1.0153908474205031,0.059846927157579666,-2.332230433053741,-0.6035291246049608,2.145556606446543,-1.0968348164300694,22.52,16,0,0
-1.0140753123265034,1.0460420869368068,-2.021978050768948,-2.0769177318155467,-1.0370784649069427,0.8898333570533887,-2.2316744844398295,-0.6166960077179007,1.4318268705270882,0.9158969072678346,19.8,11,0,0
0.1830018015720278,1.0892156888873188,-1.998208368228773,-0.3483817461671279,3.3407060725573503,0.1629325255541041,2.485728000365824,-0.35687997287047435,0.6596191903251135,-0.8762760721319178,65.56,15,1,0
-0.701203291717827,2.276657332114943,-0.03165204626964546,-4.1256512691712075,-1.9129861132672215,-2.4956890717497338,-0.7340744861490086,-0.2924866404130284,1.5761874083786676,1.4654319162474947,27.08,21,0,0
1.912136939233903,0.5784747177446383,-1.065925143412202,-4.225769678847335,-2.0045590107562643,-1.9091951522412853,-0.7184922620170752,1.0509158560288068,0.42449579062025744,-0.08400510588530094,369.49,11,0,0
-0.6160004660776149,-0.12687797833675218,-1.9904143277469,0.7891826814883917,3.241686269302903,1.0126650153570236,2.343190617679936,1.0903034110022793,-0.6550081706710715,0.6003517125806724,29.49,13,1,0
-0.10446923837055898,1.3286085283050353,-2.173929069722699,-5.126757837117426,-0.6845289691167625,-1.3246733949535117,-1.1693891333855555,1.8656270295243027,1.6674176132054335,-1.5110539837945327,49.18,13,0,0
0.04997082212585256,1.402722675827282,-1.1805539971962837,-4.881592372303405,-1.4843495438564367,-2.547674450310063,-0.12625412229084298,-0.06544358658581784,1.2850322213197676,-0.23123425292313482,57.4,6,0,0
0.38839157528287066,-0.498485291622772,-2.026025879113733,-6.777612451604959,-1.9823454311728799,-2.837030987655141,-0.5912476054539267,4.575326984969687,-0.10288226967754088,0.13499754375230497,80.51,1,0,0
-0.6403571719331048,0.71705801812742,-0.09981333582702034,-6.916220395130706,-2.4266406178323674,-5.356545956726572,1.2973102467926114,0.6996455797623522,0.6861199526852348,1.3152030460905604,28.78,3,0,0
-0.17055931030277313,1.475627339263315,-1.8342555005687515,-2.4823217116525056,0.7384028475107178,0.4409138813542681,-1.1852834998926918,2.7668597893292532,1.1759733128899492,1.4817529443890858,46.04,15,0,0
-0.08161378280082705,0.7493936482562689,-3.679806236770977,-4.410870347806378,0.5221116266942929,0.9728699637522886,-2.6366988249808765,1.7583495947748258,2.705755505376812,0.06341494069317549,50.32,18,1,0
-1.4723887368714232,1.9276521035925247,0.2990901535207522,0.7966030922027303,0.5575620030953773,1.0063732764413822,-1.0405340970806594,0.17038939945926357,1.0093764472064295,0.32868720308056526,12.52,8,0,0
0.022134955899379652,1.1674127131445045,-0.7538640561831441,-3.5754312760098053,-1.3507905355873266,-1.1556772145322274,-1.429724139494468,1.7647486282393086,1.0181440320075517,0.025218677004257246,55.82,13,0,0
1.231943660615024,1.5044348459279515,-1.3832606830065761,-0.01655684325472638,-0.48393133978074987,1.997425010797026,-2.2694910617988038,0.40057344017530916,0.660758953162986,1.0722987384827505,187.16,3,0,0
0.14993007104828476,1.1738952586968985,-1.9855979183225456,-7.411562016575845,-2.262994577763548,-4.055646569410223,0.5197717459147444,1.3787770533620078,0.6729008333812072,-0.8074369275317618,63.43,21,1,0
1.6635031949825076,0.4296816606398376,-0.8586291821859662,-0.42560298885230097,-0.7615539141665171,1.9908751469468677,-3.1532947597529133,3.1691410869703915,0.2993416091891845,-1.4040655344790076,288.16,8,0,0
0.7623363442436105,1.3619490467289515,0.06359082669672711,3.034323514507222,-1.2811164268718132,3.617739827484362,-3.539556481785606,0.20202739245439538,-0.1687203518818965,-0.2227495206321525,117.02,21,0,0
-0.9448507496631461,3.335296476468521,1.6916887619054741,2.8036443429801094,1.0832260400492362,0.1520416953276238,1.4003496636858042,-1.8465219063657872,0.07061201695788877,-0.6547528428417788,21.22,23,0,0
-1.6673281263556212,0.8242008263861076,-1.1777361606467942,-0.5738424101381485,0.48786469948324607,1.7523674431100165,-2.411944881044219,0.9098561367479314,1.707745797608545,0.3898606314591177,10.31,15,1,0
-0.08043802737879147,0.44161072453974815,-2.571991614688311,-1.4259906007838645,0.1258884916066576,1.9301900794713673,-2.07638416305793,2.9115961928529304,0.24634649726872526,-1.5858984974876442,50.38,12,0,0
-0.3080930947606273,1.5435104849351668,0.8360761933229253,3.8047203986303555,1.6864956240268238,1.7276491798041762,0.9516306381775914,0.2590565183512177,-1.0252033280702417,1.355729326160392,40.12,0,0,0
0.6331694959930576,0.7481669044572626,-2.7547304185201247,-3.70997120398395,-1.430284223976405,-0.0879697177490435,-1.297771661458548,2.3912847565311592,-0.1678865504197451,-0.6632320542023081,102.84,3,1,0
-1.0150751801224536,0.722580413048449,-0.493015021568426,0.8364560003102598,1.8899167446149505,1.3124770028693937,-0.2501987181427975,0.9277570268391879,0.7985308641967497,-0.4405209834171761,19.79,5,1,0
-0.5721528541565817,0.30990847270633226,-1.5001730643244424,-6.735182033556093,-2.6917013036670037,-3.6955820025840245,0.14155998862296434,3.015789092716877,-0.3365136166237874,-0.27938890104751146,30.81,8,0,0
-0.10283237095526286,-2.4563699696688532,-1.792925260174767,-0.726033434452419,0.9959039787794646,0.5809610452206971,0.09527202363865789,-1.3781197393847664,0.7568393099495148,-1.5461860753236365,49.26,1,0,1
-0.2766656265852318,2.322165854866367,-0.5581095960280182,-4.618813553073526,-2.0936091722559746,-2.5024924872579497,-0.6643204636969523,0.6094664774031409,1.0857878128382465,-0.3864784579180192,41.4,9,0,0
-0.029749527861069477,1.0741945250222138,-2.2936988038246797,-2.2195576908715196,2.6866283871877403,0.1669327694632292,0.5771658582971142,1.5928430117224437,1.6402810957634844,-0.6342761865166571,53.0,4,0,0
-0.9609367569978069,1.4618656061576227,-0.6952142066557184,0.8762887820731878,0.5313909610105416,2.0550340379272902,-1.5612310154837428,2.4396961592955586,-0.03384693771096403,0.29901448568998845,20.89,20,0,0
1.9306303143078203,2.3924729600922627,0.8215568397517063,1.6053982089649503,0.77501114381754,1.6288267480988026,-1.638949367594576,1.2128581567551073,1.0084810990498216,-1.7849348107738534,376.39,14,0,0
-1.725184339766873,1.7485140100735654,-0.46147276402617066,-3.976019252879348,-1.7455066342465928,-2.458478453355776,-0.016987824317305063,0.4482126231024376,0.5974499060411357,1.493609011144976,9.73,5,0,0
0.073777902528055,-0.7011800839044737,-2.9456503456852974,-2.7370613293633386,-0.4706503937028257,3.4704265974547566,-6.258517492436804,3.9890904178356266,2.7942325923292235,0.35844598071077827,58.78,14,1,0
-0.4554450603276633,1.3959852229669365,-0.860711765217139,-2.089340184379623,-0.6844691784928341,0.18127712254051076,-1.9392482648154028,0.9354793291357684,1.4135581461102305,0.005660006348926864,34.62,23,0,0
-0.014098931075735269,3.1159694771908146,-1.0411420281144075,-1.0690910455798845,-0.9917187853875608,0.434389757701225,-1.3969961527124855,-2.5537696696639776,1.6730859658917083,1.547556059819592,53.83,11,0,0
1.2350038721716885,1.2917863146144253,0.11230135520364914,0.36021168893906186,0.4989397827092088,3.2437858501004095,-5.1412152211868,4.600451169974506,2.2512895107965294,1.4357603640303496,187.73,15,0,0
0.48597977800465425,1.4190598589002612,-0.6484860942659184,-2.900556000278387,-1.8961651786018923,-1.2766249006548844,-0.6555051493522344,1.6425100323373027,-0.2604720418362829,-1.5653318322520064,88.76,7,0,0
1.357945748094336,3.101432141117182,1.1585754495285843,1.0958047347596709,-0.5132704718197336,1.422829462429775,-2.606773867153718,1.0602045015481354,1.1753875319866023,-1.0533645684843078,212.29,23,0,0
0.8936709345358779,1.411453570815336,-0.1316942767730258,-2.029143496184368,-1.450747334185192,-0.1612234176397016,-2.262520392499925,0.9410153252003699,1.262324997019565,-0.245608336135519,133.44,6,0,0
-1.3861462559361462,0.9988490009368356,-1.0560452129801965,-6.023670297662328,-2.1278514168683222,-3.255031560889969,-0.31914601085015976,1.592538150310558,0.8794167857379214,0.2692289249402359,13.65,17,0,0
2.1878664546008757,1.1506395216123655,-1.236065619135978,-5.59671176475036,-1.5677041708308876,-3.035872848622003,-0.04240376222170802,-0.10059763378639053,1.5250134931461177,-0.3496212204764594,486.81,16,1,0
-1.3421459544282137,-1.725600980578266,-1.360918547701881,-3.4431802140250336,1.375892394705379,-0.4037697005226577,-1.541442874783614,0.05181379596984348,3.463321870361014,0.24805712386231737,14.27,6,1,1
0.36172512061753387,-1.726036856906098,-2.9933657668877625,-7.390859187224803,1.154072383730836,-1.274260203330462,-2.2530084205492678,5.583314103726678,3.157545919974992,0.9494299157791769,78.39,2,0,0
-0.24582692783360693,0.0874089454879119,-3.5078263685667164,-1.8780980576462356,1.546910087674696,1.3786436888946976,-0.08803372192571701,3.2099135586596423,-0.26394903951109194,1.8089336677241457,42.7,22,0,0
-0.05222311355304924,-0.8998868334177559,-4.346759989535836,-4.531649628047741,2.7214938022358632,-0.005402079124543491,0.2770075007574043,0.7265758447592339,2.507603087292538,1.088862971545752,51.82,19,0,0
0.6258511601562032,0.1777386734309645,-1.9209878762826806,-0.5107184797236182,1.5922527700296365,3.0853066498697395,-3.5566780453895848,2.4365322527221003,2.45031255794959,-0.14395719974194096,102.09,4,1,0
-0.77792587478563,2.47177056270338,-1.7863407524863733,-1.9006368742045814,3.7762748151028296,-1.2199138177062132,3.4351507768916916,2.1012633550666844,0.46630649258536117,1.8505635886510239,25.08,18,1,0
1.0585880911584853,0.3088671476793361,-2.5794348543016543,-1.3804633469792686,1.907462293866072,0.708436281978112,0.3529211109405411,-1.0032759001373506,1.5128366003479634,1.6538033932723515,157.37,17,0,0
0.9906956219103861,1.7542348048284027,-2.2260520520215152,-4.675634067210693,-0.3848143558418383,-0.5835625540834575,-1.9467440502147755,1.1994062045358251,2.50800346546384,-0.34377332881620487,147.04,13,0,0
1.0258529314490714,1.5676642732475,-0.30335089773578305,1.5366635605574428,-0.14390899462333318,1.3287230015326374,-0.4542852397405674,-1.4223844746720478,-0.06525566779054914,-0.0552095926641767,152.3,10,1,0
0.4403115856458593,1.9275610666314593,-1.5629218278700705,-2.9066664372883637,-0.10349942990241323,-0.6558276869797908,-0.17471470843121722,2.527548184379138,0.23246860566155314,0.3488268260305081,84.8,0,1,1
-0.2298480097546208,1.4347693745258228,1.4166743322539028,-4.470665378004125,-2.0530937227391597,-3.958318858796731,-0.13187868245529388,-0.5581988664294104,1.829923457894506,-0.3628944871305011,43.39,18,0,0
0.7883462752379587,1.5516425921691477,-0.48843553930485706,-2.4805346121795675,-1.5839376013794133,-0.8663210120319801,-1.082461135704245,1.056548077781878,0.3818254009924523,-0.7624962400182872,120.1,10,0,0
-1.2070430359256772,1.2037803330483192,0.7305467712364562,0.798453577319541,0.06893166239625192,2.3427682327514643,-3.9671898464417943,2.5012419724603614,1.8755672974414275,0.1095089128473061,16.33,16,0,0
-1.1572210701644952,0.7104704827897855,-1.7965566434784186,-0.6890888877402834,0.5382651799581388,0.8747343057031636,-0.2575454128039766,0.10787012430327136,0.3257659500777754,-0.26882105349565444,17.16,13,0,0
2.0384754531770146,2.0573516407577674,1.929633777494953,2.891088015458622,-0.9492182661132056,2.311635256845271,-3.421716550479164,-1.2902949138413689,1.5234171118379247,0.6340782694597525,419.25,6,1,0
0.31014456835920484,1.28457098287802,-1.412386667205259,-3.4369425908266376,0.20556766756553557,0.07259052856022086,-2.435198780895092,1.4839731244937702,2.825546884791791,1.4768133301488078,74.45,13,0,0
1.2676184785740976,2.214385550293872,-1.5407058548419337,-2.71099445714505,-1.6002086440740035,-0.8675588353033641,-0.3846796202415773,-1.0928742608048403,0.4904888412618975,0.6742629381584558,193.95,3,0,0
-1.2402357089119276,2.6554060011013227,1.2002154147529118,2.173232964967777,-0.6461245628348049,1.7989194595860551,-1.998199701504445,2.025903792211656,-0.39176855578347425,-1.876384105042147,15.8,1,0,0
-0.7759066090542742,1.250356349528475,-1.5151830316353534,-1.2433918918239837,-0.08829245208036096,2.778506242454163,-4.596135821347284,3.8807546653419838,1.8945017283548977,-0.2883034566625131,25.13,10,0,0
0.2189674603431967,1.9806565886807854,0.19450160319267695,0.7682488572824203,1.81239389351793,1.3074549738696044,-1.006131257131221,1.6353122978453445,1.4360011622221334,0.24132377013181155,67.96,2,0,0
1.3948515050422772,1.6991647442710134,-1.0844913832137602,-2.7580720936495,0.784924208738363,1.1635141025109375,-4.07526129309027,-0.20470317641868063,4.950533046362187,-0.7067528762886103,220.27,16,0,0
-0.4595127092184153,0.3975412866081689,-3.171777402262658,-2.7745314851474525,3.0141653833000905,1.373229303155091,-1.0920872014930945,3.5704491903879347,2.2187529611242596,-0.49487460915573656,34.48,22,0,0
0.15801972701257014,2.9880008714660637,0.5798211857443427,1.7064996431550545,1.1594778572869988,0.8381924262684066,0.39369462129929544,1.2173788748209144,-0.22513852035821857,-0.35963757114589756,63.94,20,0,0
1.9244115364046055,-0.5114999473914621,-2.258885664170581,-0.5321493973769579,0.17515504786610547,2.941572850893505,-3.2186273344923726,3.5206784130076,0.3937493754132293,0.7951911508364821,374.06,14,0,0
-0.5923667756585276,2.3450279022946576,-0.4816196522160504,-1.8613779640263988,0.5917117855061611,1.251613131468329,-3.3234991848505633,4.546861426252908,2.1633770634319145,-0.22852458748057616,30.19,16,0,0
0.696231131229278,-0.6345884218745563,0.27117798647273217,-1.1584971741511383,0.256760199070881,-0.7947526001192136,0.00022877193686442874,1.4096670808029006,0.3566515984153099,-0.5043532362549459,109.53,7,0,1
-0.9371894876061346,2.3744616778460483,-0.662678447274834,-2.5215615116574805,-2.565317750733748,-1.2367574581898133,-0.6187103262894876,-0.2021387246388897,-0.24172622449102543,-0.05513177257814523,21.39,23,0,0
0.5548780013888761,0.9510356723056428,-1.7487762818731656,-0.8500104649954687,1.9795834571926072,0.9496381505669114,-0.030023454850316923,1.9219898406302942,0.7868293704795574,-0.2144800633583407,95.1,13,0,0
1.0773982728265643,1.6228788405904044,-1.803626878518987,-0.023954534237157644,1.8064514710330293,0.6926666478354107,1.4349675554869723,1.3250021666281235,-0.5949236045929862,-1.9694309113171637,160.36,6,0,0
-1.3679919541176138,1.1495922835475434,1.3147489904538097,2.467105465056206,1.1805460888320816,1.801503949283544,-1.5124593143779188,0.3482040847537963,1.192484902455058,-0.20559497459202664,13.9,11,0,0
-0.5448886431944352,0.588859476562542,-2.223212109760671,-4.33344687726243,-1.9471466735800398,-1.0792381636962352,-0.8739247390266954,2.892939095300346,-0.5541605679930199,1.6368627703346639,31.66,20,0,0
0.1058541589620653,2.6208232402397007,0.7901412133279466,0.08236460043317563,0.584128154868069,-0.10300259722340965,-0.5254823969243672,-1.5105594291098872,2.000096985231458,-0.2216396562039733,60.69,14,1,0
-0.07421104772093227,2.0284403087179044,-0.21627175667432852,-0.12254285572240449,2.2869015002207425,0.08116310667477711,0.7316009843698766,0.6550862951688607,1.3180389985528593,0.30911354449592976,50.69,1,0,0
0.8003249250780602,1.642449215141391,0.8049307025452357,-2.0283836629222898,-2.4565179431824027,-1.8185982411677801,-0.6181415375180456,-0.46752138807040144,0.1983507884672182,0.4914309584758085,121.55,3,1,0
-1.411642731133154,2.630365222764813,0.232314727282541,0.1038909936076379,-0.3200978956719045,1.5450279213110438,-2.7769085041849415,2.5644356204567043,1.0005527906468807,1.4043569974331829,13.31,9,0,0
-0.5009661209610867,0.021474099376687983,-2.798586045792498,-3.6009018770932304,0.8313655362926216,1.8638620964245587,-4.228853581820375,2.3079494311288293,3.7177125606499155,0.1235362336614877,33.08,22,0,0
0.4392671293396122,-0.2687963231181463,-1.996447482375927,-3.6156512185962515,-0.1659696787224043,0.16808217064780706,-1.9996070594989042,4.3096956247104785,0.78946348177659,-0.29990408077689445,84.71,4,0,0
-0.7987998456624333,2.046078372072291,-0.12401979136180175,-3.4210673327714676,-1.777572568898699,-1.191804682216111,-2.152624862962016,0.2843978715784752,2.021011454361849,-0.9777624932801883,24.56,23,0,0
0.0419517846784148,-0.11575258650012099,-0.7688413686269968,0.8201486624373574,0.7782430894947722,1.6564148419096656,-1.162295508904507,-0.9221773099763076,1.068565965693123,1.007962778872062,56.94,17,1,1
0.6302568637690852,-1.3742025619007943,-0.8635800583486071,-0.46425520757289335,2.69278451536975,1.189728547234389,-1.0115451932788553,1.0727433784769687,2.3388195753664585,-0.8028105446791279,102.54,1,0,1
-0.8804998838439222,0.6053321540696717,-2.3132398590989,-2.18994985952972,2.194243134639926,1.9728185110086731,-3.0638566304552444,0.6265914514214471,4.152366839942483,-0.7271491654979556,22.64,18,0,0
1.5970039107311462,-1.0906207486395785,-4.118021219400584,-3.8857272017728164,1.1179667069704602,2.988683106909817,-5.0285814802874755,3.4788100140649805,3.5840144537589875,0.3391373137159517,269.62,12,0,0
-0.02669356756978011,1.6200057488058972,-1.7952372187213252,-2.521557889840123,0.318930659365539,0.02739204816420271,-0.9884200077770409,-0.5714103545713103,2.06033534292308,0.3208322760913939,53.16,17,0,0
0.6242589476126067,1.717117071694006,-0.2547044110403791,-0.0530202616028581,-1.4093397100899765,2.5840827905391275,-4.827159819429902,1.6642791706947202,1.7154250032282299,0.7434836031342185,101.93,11,0,0
0.14441733341716767,1.9844270839040539,0.45026315007594664,0.7422704921310885,-0.6235734775534794,1.1562849549154381,-2.1587633036235565,-2.1339466960559683,1.8322195428555008,2.1951941730688462,63.08,11,1,0
1.412911539632712,2.495976032695106,0.26482062074396584,-2.977302484036281,-2.1714857446916405,-2.1827720235309886,-0.35914544366158657,-0.5160714185835975,0.6723591502697998,-1.5977210992900939,224.28,21,0,0
-0.25665604288028643,1.9754604124742134,-0.49568827161165185,-3.901990359745758,-1.8147042443174746,-2.2499547271878146,-0.37808684706933005,-0.27010872708657807,1.0505210945021934,0.1506311685704268,42.24,23,0,0
0.25985150237670107,1.1648955257741338,-0.18640346052910473,0.28995704683610707,1.2136286356665813,2.3297122131677392,-3.052801339192073,3.7214554490432032,1.6082901769828741,1.443593337926144,70.8,20,0,0
-0.7549586887230967,0.8560415313329228,-1.9657190631837556,-1.8939118363276932,0.9968377632319185,1.3074862940094305,-2.1895426748001308,0.38624188775249957,2.612791940467827,1.005752314899726,25.66,9,0,0
-1.6083949812099485,0.07597268132133395,-2.178254695021219,-0.7100633435279979,1.672225002404968,2.0729483875176813,-1.7784977987472588,0.5535094269645503,1.987573393015881,-1.1760999830436185,10.93,5,0,0
-0.021668842703782297,1.4236144627681389,-0.8170045400050636,1.8003315896481968,1.17766560714312,2.431957253531082,-0.9957503585054288,1.0264326468260605,0.09001527858587632,0.5577416296966728,53.43,0,0,0
-0.9144933972378979,-1.2920330552354489,-2.240759288961523,-0.6211243123267077,0.9210629021678551,2.828010430633529,-3.4057900925534637,-0.4234588580183334,2.701706442983922,0.38143318295659057,21.88,13,0,0
1.0245873712306945,0.7344534624947254,-3.253780237313709,-4.123796892916032,3.575801768756774,-0.3017495885377608,0.6308134617471396,2.8728269193351754,2.4928317692670507,-0.4343575053068314,152.11,16,0,0
-0.4041593654440641,2.5910993298928813,0.6690998817181513,1.5241408444615332,-1.175488260565136,2.1197891015957175,-2.947544315457857,1.9742768896847622,0.0101814912956959,-0.6197154930817385,36.45,21,1,0
1.6949112366798083,0.7133946251695036,-0.3558387212780285,0.07781797026215768,-1.8530616972023364,3.8791960761402082,-7.258599995430419,0.9335027433084724,3.1638430310617167,0.5105160551029796,297.35,6,0,0
-1.3095193500598985,0.8147711454091902,-3.691177324587498,-5.065840659306763,1.5569142186969522,0.374895219676175,-1.910173869573778,2.4790499452880503,3.1390302107531456,0.686718726906417,14.74,1,0,0
0.47694777610434125,4.038982704914037,1.987378922990742,-0.4534662966898561,-2.121574188502635,-1.4931190386374293,-0.8312917906941599,-3.410987603629888,1.6284126984596263,0.8220551733691458,87.97,20,0,0
-0.6468082072733261,0.7061827877108884,-2.380902427267548,-4.568268896640017,-0.41868277582832136,-0.581670645556699,-1.5159679536926371,2.7019711205232877,1.3468402677934908,0.6076692170581275,28.59,22,0,0
-0.471937354133762,2.765825645225089,-0.02690973797363183,-2.4208423552647735,0.48674087267856314,-0.16384605969695842,-2.0536786241164178,2.7711388023609027,2.4106151362280475,0.1465023708371861,34.06,17,0,0
0.9967034691735915,1.0718467374755798,-1.8713527775175758,0.026128318467645878,3.10691541176655,1.7573756541266201,-0.15667588554772718,0.892739208069847,1.7014591943462225,-0.21877443223525064,147.92,15,0,0
1.1762605037220468,1.8171588348998757,-1.484773317472896,0.6469821258619161,0.858225276867757,0.9649972380157845,1.0599822726459407,0.8774998436806773,-1.1750998906329724,0.7662404223100647,177.02,18,0,0
-0.39456852899929273,1.4564513673537918,-0.5141325460321711,-0.4179558018436823,0.6856887249969617,1.803069446220664,-2.8016763404034957,2.6328547963578157,1.7124908367835885,0.4185901193833319,36.8,9,0,0
-0.33190710136592755,2.28827435951694,0.5317684435062675,1.4172381879392646,0.008960276807709944,0.9946246909083241,-0.6130754748638875,0.6532519312810277,-0.1705081928604184,0.9972434562299461,39.18,5,0,0
0.7807207018050144,1.4663982294467528,-1.2457383420786878,0.015357495466700398,1.2553624592052064,0.8449185489210929,0.02339706949393437,-1.8981686738063994,1.4234866088459857,-0.11291453461656806,119.19,6,0,0
-0.9270450997163852,1.9408256921476466,-0.8426000541288492,-0.12497635720238648,1.6694026179284522,0.43449171557236066,0.684184085521772,1.4014514381384668,0.27593353326423553,-0.5780356731405042,21.61,15,0,0
-0.3135533595999856,0.39122211795374395,-0.3248033793886541,-5.992480553080084,-2.7812285733887956,-3.35850890959565,-0.9649136624568877,2.9914376489780654,0.4568110986759423,-0.6114846594745679,39.9,16,0,0
1.0379044997245648,2.147463686193883,1.6492340128095642,-3.5057392088610397,-3.170774260473555,-3.7780011659058124,0.15303605092021008,-0.5139261359088378,0.28882390516802015,0.13882161113299094,154.15,8,1,0
1.6041456954475561,1.4656286661854292,-1.4304482781927699,-3.310027783721072,-0.7866044650704345,-0.522019153310434,-1.4852165020226815,0.7469290131563765,1.541899225895701,-0.13236972177193093,271.55,22,0,0
1.062076811035813,0.3005744243984635,-0.49528575743104475,-6.859722126448531,-1.4062529078244537,-4.0642608223534875,-0.26452486916323115,1.5942929297116137,2.0757437858782515,0.011948273084974656,157.92,6,0,0
0.3622981308866907,-0.5625111610946221,-2.3624834933582144,-0.14848715503953677,1.7669781305644037,1.782444525679212,-0.24338597713737614,1.2798748495306518,0.22244774309608273,0.2482421420372784,78.44,3,0,0
0.05310542760185265,1.3205868308202615,-1.676916844291573,-0.8005129460133078,1.9003514659579865,1.7476592155355124,-1.4462540397085923,3.0672017387558146,1.3194132141991401,-0.6469881431970855,57.58,7,1,0
2.657918825707577,1.2494241942068582,-0.8451596709789471,-5.267667995656273,-2.1178123724880162,-3.083462203778894,0.10591482582482009,2.109438173068779,0.06098792849036494,1.411796635537722,778.93,23,0,0
-0.16630716436860218,1.351197305740048,0.681751977227846,2.242694751921882,0.14765114296767634,1.651110529077121,-1.2234601341227864,-1.0972146105845157,0.5816067888347743,-2.757815376199323,46.23,3,0,0
1.8223238815619167,3.484563432845113,1.3929738062077959,1.510349132757498,-0.8904054915303499,1.0447422849816899,-2.0045461134112883,-1.2107278004336923,1.227094656251187,-0.392728865684514,337.76,15,1,0
-0.8143047107190542,1.158192940652137,-1.9197968686150142,-6.44345968708003,-1.2023135542938685,-2.9775638542209473,-0.18418076639465594,0.9036255379086264,1.736652670420657,0.08514360828656331,24.18,3,0,0
1.6622652923436723,1.1924751913371245,-0.8606768546231278,-3.494160276624584,-0.8386313756925192,-1.2126594334353786,-0.9627046187637842,1.7056602407960113,1.0501092484725634,-0.3205318994035185,287.8,11,0,0
-1.2965681690571462,1.8699262836259338,-1.1468098905148665,-3.5301769393539715,2.6455729875574026,-0.8782666872621714,-0.31921293860197414,1.6788126660924183,3.4976041997577942,1.1026679021102312,14.93,13,0,1
0.49869692113563696,2.455368332439857,0.5444301786315731,2.8396120812059302,-0.8133145986857253,3.2792410979302344,-3.1644433945312485,3.233998958498261,-0.8365139668819783,-0.6442391000201748,89.9,17,0,0
0.10576217486298926,0.6332529605206975,-1.6397524027653527,-5.30473918715732,-1.9902614310821676,-1.8621107918443038,-1.2297290133041736,3.0491943321816737,0.39172103904252886,2.4940730251755765,60.69,20,0,0
0.25383526307360466,2.239539752809326,-1.178419070295319,0.08054766706893013,2.1377210434263225,0.9095695904685881,0.6034005015520355,1.7992005375829536,0.3469097981335222,0.32067566965243105,70.37,12,0,0
-0.5283335949990768,1.0264105576798195,-2.1533125233485153,-4.526990792484772,0.9388249061609371,-0.00828313914436185,-2.652546143475507,0.7308303454913637,4.186366168087254,0.2722322333020874,32.19,14,0,0
1.7041704045180635,1.8480861858186919,-0.6500375465542202,2.9137532010860756,2.2098850256991973,1.6286919546083831,2.1522348115439076,2.336508569213893,-2.3410458027397887,-1.4900055220403434,300.12,20,1,0
1.789922605313732,0.770487542668415,-0.8810987413622938,1.6490204203309307,1.6710903719525079,3.0207617320044453,-1.9746814130686514,2.215071056988949,0.7299368834994682,0.31935257069832207,326.99,23,1,0
0.4140965176344348,2.9193623355589775,0.7178325795385352,-4.315511806566078,-2.6363891827758676,-4.140350062473037,0.9534224688260888,-1.7735773275158258,0.8197753690860865,-0.09046275114915076,82.61,15,1,0
0.6433480558647441,-0.09068039551207363,-2.200434639654766,-3.3737413268983154,-1.0323598562574092,-0.06396441889916815,-1.3791500899876101,3.327305975402404,-0.19506617755263833,-0.6271441932301258,103.89,23,0,0
-0.34977059712011993,0.9951959708037578,-1.0631384303751483,-3.9836413192694855,-1.4430503326842723,-1.3281356975389844,-1.203297234775424,2.405723819994951,0.6117029899919492,-0.35375211111695243,38.48,18,0,0
2.351071977291738,-0.298789778384267,-2.8035162922834207,-2.7795605682739737,0.2879637358482471,2.1248535303069414,-4.00535657185915,1.2362733445236773,3.0292505969119965,-0.600780360394973,573.11,20,1,0
0.1405100863382366,0.9057472409274724,-3.491392709936341,-2.4095820095048066,3.6040924430671515,0.49823435965520346,1.5589712567656082,3.513633494937806,0.5492472173499056,0.3353248118084187,62.83,8,1,0
1.4773298620522157,1.1865282708842275,-0.29053542018240575,0.8002387232647485,0.8963877778332097,1.935356081565554,-1.9267759816841035,1.318094863763437,1.1602025187571958,1.8477238227928474,239.21,3,0,0
-1.7218920949972314,1.1466197440160313,-1.3683417406974256,-6.642884188581947,-2.2154875298337817,-3.5791609991902806,-0.08077110229551568,1.9257835883480046,0.7399676791516214,-0.15513486438584143,9.76,12,0,0
-0.8879713133169569,1.008090162035363,0.36737653354844557,-3.687280318405606,-0.7557675764444842,-1.4565575831330237,-2.2727289762069494,0.41444081212712736,3.160755839004799,0.09828559152430043,22.47,18,0,0
1.2075604603762151,1.2770319768841285,0.022917418448278992,-3.3599666761689697,-1.062076119028636,-1.0859456113344574,-2.2241552475894424,0.726337207232698,2.4470195224919733,1.591283601941351,182.65,2,0,0
-0.07778763379796219,1.1560817716853469,-1.1641674457064415,-4.021822690499175,-1.247559976076151,-1.4118723311582713,-1.0062318491085525,1.6098907913631368,0.9471293028777433,-0.5074243620506064,50.51,20,0,0
1.2027694902896509,2.768342651659035,0.5581175010658179,1.5865943569063883,1.1528150272058417,0.1659880982185682,1.5844557388073732,1.596244685483693,-1.1985499641438901,-0.3431630014222508,181.77,23,0,0
1.8204788999260322,2.305587207281562,0.8743029633354251,2.8780736935321847,-1.4017439878802904,2.015168334038065,-1.8235286192557967,-1.640362584597223,-0.2601443202859379,-0.5670320930281895,337.13,1,0,0
0.39491172301843597,1.84024623449693,0.9329643834720558,0.37647427351016904,-1.0589032958280271,2.4974181628927403,-5.477621890312852,0.9597399849271955,3.0071627813103525,1.5393430874572538,81.04,3,0,0
-0.10751943962086505,2.4766733744931813,-0.5183147942880784,-1.8479232119112299,2.3923226737566896,-0.4520396508055249,0.20857341392603296,2.1704805031224312,2.075800733932247,0.9904754965995411,49.03,16,0,0
1.2084934821114715,0.8688079515349144,-1.0733822666989448,-3.0140659484650105,-1.3933736532773038,0.01650249239709156,-2.537366060168082,2.577307569145721,0.9788306560514726,-0.6604981251273313,182.82,3,0,0
-0.9996218546671385,0.5966788643907572,-2.154332302850454,-1.379267081265937,0.5101463601924834,3.2773254260332942,-4.82555619203136,3.9570627783278436,2.28492819072809,0.1046009716681712,20.09,14,0,0
1.0084816992440602,0.3312542444616565,-1.690298151543299,-1.5891467247632869,0.9411160253898714,1.8215824820066915,-2.978302204592536,1.8352538104643452,2.444220195922269,-1.5038102504869995,149.68,1,0,0
0.996713346248602,1.4300563581171974,-2.5458715372101075,-0.2522617979220292,0.43347243174779715,2.7908770529283418,-2.363223613666678,1.4161794496265518,0.7503059219383412,0.2653162082093162,147.93,23,0,0
-1.1198132632148654,0.8030864733348888,-1.9530271575998146,-1.3845558087500982,1.7288785459762062,2.0594991516532684,-2.7814513174443176,0.6365274389441294,3.265628502180589,0.6830350798756896,17.82,22,0,0
-2.6126102249382273,0.891688526611055,-1.970006149200209,-4.832087909785205,-0.800226595787064,-0.8399823402790426,-1.9498264062188189,2.416434959358215,1.7846451114086164,-0.7545574229107679,4.0,6,0,0
-0.360862612805812,1.8335790597469284,-0.21300715736324083,0.20379294496837552,2.2654922400444146,-0.05650652422046565,1.3653868312723105,0.5769201135503063,0.674173520839985,0.7935693116267579,38.06,1,0,0
-1.9783721144243689,0.7397945179075711,-1.568088252593344,0.676084346355349,1.6139335029823125,2.05596737479583,-0.6218581156982927,1.648111861345112,0.2041407806700123,1.5362475105752789,7.55,17,0,0
-1.200593034112222,1.4725419071967056,-2.3178999732606536,-1.707709502716194,-1.0799780953020075,0.8381836121028023,-1.0052183750726853,2.3000999244389804,-0.9289102612640672,-1.151866413579178,16.43,11,0,0
-2.5207680638415555,3.2887159809918405,0.5124376432005358,1.1763799451805914,1.866190640414477,-0.17127373456521644,1.8462088580653908,0.29501222698975926,-0.005834072148754643,-1.4339300037548468,4.39,20,0,0
-0.719594563525291,-0.024278303674811985,0.6927788085691746,2.401426840317715,-1.557244941738314,2.9644271859669544,-4.036064762782118,-0.8398507513804234,0.8444887229464799,-1.382686988987612,26.59,20,0,1
1.4663070943840704,1.2669027816931537,0.25779963566641295,0.7016407719517488,-0.17228824358284411,2.270501973822678,-3.4896112444348475,2.345611587684501,1.2614262837609973,0.9009890627851067,236.58,8,0,0
1.4757385072619449,0.6953771606572281,-2.140341200658204,-0.26350702446515206,2.559022589403003,0.9019740023274759,1.3249142072804565,1.4728550763360708,-0.0351378279025083,0.35572943750417774,238.83,8,0,0
0.8358386191986891,1.0089833365443917,-0.6803893994295774,0.07880389927399171,1.7267875428318504,1.213931813282598,-0.9697267615617063,-0.4835683173913188,2.118377423008268,-0.9350583916151418,125.94,4,0,0
-0.6103000262235514,0.38852299728812345,0.6328922798688947,-6.850229309145949,-2.457403963946444,-5.120139789737556,0.2561561733979213,2.324196753259108,0.9892387680054168,-0.4505960316844692,29.66,13,0,0
-0.19275659961963199,-0.252593073441411,-3.0150585581082714,-2.5625373988758686,2.1852665577609995,-0.9687752659167679,2.9674904734271084,1.6852615296327564,-0.7625878100427974,-0.6268599860905916,45.03,22,0,1
1.1996412443199471,0.7697908127204818,-0.7927747014400561,-1.063380087717557,1.0928759330993953,3.0092652563160804,-5.3611844244968605,3.6061114431486265,3.6884535219836927,-0.7421522546918259,181.21,3,0,0
0.6884657929797774,0.7318978008042257,-1.0684490087999385,-2.1296838359407135,0.09040924443355358,0.8238352229687662,-2.684756538044972,1.7561145859236125,2.146713906904617,0.7491091153956351,108.69,23,0,0
-0.433753780637017,2.133594131779221,-0.7963943465965939,-0.7122597599233214,0.16669324947506836,1.9121367627205934,-3.5146096036742795,-0.39647603513953644,3.1099033370965516,-0.8543881358886986,35.38,3,0,0
-1.2111837704679227,-0.9975669282906947,-3.9275548050817957,-3.509050613720985,3.5893965768444387,0.4261527745921502,0.7514869884801196,3.2381774807406343,1.481719501958949,-0.38000650712415973,16.26,14,0,0
0.8493387767092028,1.7904982743607445,-1.600351870219556,-5.607393629177472,-2.1822395260461906,-2.3669829675894016,-0.9915623697282656,0.4852471315480691,1.3788790797379586,1.1019059902612365,127.66,8,1,0
0.06801327386641734,0.8693860747782893,-1.5048656707141528,-1.300199355195403,1.0491973491748599,0.864419276151309,-0.9458650762251481,2.036617903079042,0.9616584500866753,0.2020551527139334,58.44,12,0,0
-0.5702639303986861,1.0362327812444994,-1.3327140467539802,0.999128901371349,1.3073412292534359,1.6439857216002398,0.20630813216257912,1.6114017856910023,-0.6909158772163109,0.2533988967084052,30.87,4,0,0
-0.9698572768768667,1.5597497610234532,-0.05426455046983425,0.9412869824777516,1.0088351850629436,2.2035132314296777,-2.3614341857519667,2.43768269571643,1.1748641425020263,-0.011253511910098083,20.7,22,1,0
0.11718370440960166,0.10981600532725855,-4.787227173815853,-5.210221883938808,4.83741275578735,-0.9847604488988024,2.6358751358999366,2.388670371950808,2.2366769063372196,-1.2214104133457593,61.39,22,0,0
0.4861082965952473,-0.11059704948915305,-2.0273556356361375,-4.897108188596632,-0.10087453756210629,-0.6011914574339164,-2.1404705360767107,3.4335992981968895,2.0195303025494487,-1.4481536571974853,88.78,20,0,0
0.33941030762419,0.9184221552780236,-0.45855269735131876,2.911362920100456,3.7786351044122446,1.5604525341925968,2.0469832999700603,-1.2929156800891806,0.481055598452241,-0.20627666610477374,76.66,9,0,1
-1.2557031519823718,0.34166682294071404,-1.5878439258325698,-4.059686007227801,0.523382174088669,-0.02245674309004042,-2.751180198021568,1.538039060252216,3.485143820201521,0.537766457118209,15.55,6,1,0
-1.243888323853559,1.898987653321778,0.9644789183485336,2.710040616701672,0.771872904191284,1.212301418480385,0.06620903184184096,-0.9644491782734594,0.032632055375391156,0.8303767144981633,15.74,8,0,0
-0.7886817549746343,-0.8154656683297128,-3.664632682883301,-0.7291363289888788,3.32763294314078,0.9123441442077767,2.394223159546643,-0.693991730331917,0.20018320144881552,-0.38448229027069025,24.81,2,0,0
0.04977308877172049,0.9428690068595873,1.235046528091701,-2.1222160741069365,-0.8075197475850361,-1.1091749414246708,-2.0936802941161163,-0.08539343158898105,2.6489354708625106,-0.3512677398408467,57.38,16,0,0
1.3448125788744696,-0.41113533502821364,-1.662865414748519,3.729600053993884,3.11874111571709,2.361212412676518,2.4181442938820683,-3.4656222581987723,-0.5575515192925882,-0.22161316305798834,209.52,20,1,1
1.1319649746275167,1.483688588933282,-1.141616778084255,-1.3596483915550919,0.22920553608702054,-0.19707817541966688,-0.05037049160332943,-1.6688077416974154,1.3430921895598684,0.3720012733168433,169.35,23,0,0
-0.7577758893123129,2.1284168192712194,-0.7196750300657648,-4.9381258133929675,-3.2585435070913196,-3.6297187605153427,0.7740608692912953,-0.8480537902142726,-0.2506315800374921,0.14098410295775368,25.59,1,0,0
-0.09092627794491899,2.4169324442919073,0.06680425966789239,-3.1023813799166873,-2.1787478654019785,-1.551927138492505,-1.5153121358733939,-0.7428244721728374,1.5686225704974224,-1.1531945118658709,49.85,18,0,0
-0.3404221575601927,2.7619336686908316,1.1027651671412289,0.18696440011571844,-0.7388586407388191,0.21808474733372862,-1.7936648927646641,-2.0506919881389045,2.094697241883782,0.6569435635540364,38.84,3,0,0
0.03674611801484255,-0.8872974706714378,-2.8830370589958525,-5.6573499703795855,0.9313792547571806,-0.01360254294094343,-2.797764203689542,4.698743223821293,2.861861352396196,0.03803959312377504,56.64,9,0,0
1.3349743597772112,1.700228728212883,-2.111905441079579,1.0557950232290114,1.3288392178371013,4.338269265687003,-4.084448227164081,0.23207246480789856,2.672227735825613,-0.1990544143332037,207.47,17,0,0
1.036972085092845,1.2929474557655778,-1.2053296860790472,-0.38432637689890775,0.3935334352814007,1.6882535249759363,-2.039095801928986,0.8923691559558915,1.2960261343044654,0.34613459937960306,154.0,12,0,0
0.2833326990280085,-0.21848210838801974,-1.5716531337150412,-0.3980359436163538,0.5700360948358081,2.595257328141823,-3.131052205408242,2.92747061142242,1.1298030871256686,0.8602786177302719,72.48,21,1,0
1.6143945114778118,1.5662575141291393,-1.2752869954178028,1.5165005866022987,1.1328785260763636,1.3576581716146037,0.9361410468543543,-1.4215308735016012,-0.37305482266774703,-0.6058276175781199,274.35,18,0,0
-1.5952340526106776,0.4631707036166428,-2.750055767656745,-1.6545649105425375,1.8841746932840888,3.0103249594894095,-3.7033802558236126,2.988970343750884,2.919459242160711,0.6374079816808607,11.08,3,0,0
-1.9727727643161983,1.1439549324423204,-0.8015646539171952,-7.918194046670528,-1.4905881400488936,-4.6444781450212025,-0.05292865185393171,1.951373425115905,2.2678546527397736,0.715206187139871,7.59,14,0,0
-0.5196001019751526,1.8799643277489673,0.20652761502370143,-3.6433663945517254,-3.9169060553058683,-2.553233908990509,-0.7683939603286439,0.7123697784766683,-0.6967959360690539,0.22741636790594996,32.47,8,0,0
-1.6380471789884925,1.4278416980616748,-0.028541833837094632,-3.7377341344901747,-3.5226669476217536,-2.1567830098466274,-1.1370584781988224,1.9002147966151473,-0.659362250045828,2.3193992787943953,10.61,20,0,0
0.38367966333259185,1.00157012013898,-2.5409701352978122,-0.5134364296243722,2.7240779186847632,0.6386481699350575,2.0766401867499527,1.818287569060229,-0.5640668722200701,0.6037070223106024,80.13,16,0,0
0.7696386658180802,1.9666743024194289,-0.9697172959635267,-0.08321301463214843,0.8650650671235662,0.9036218938361964,-0.07694035164673625,2.776090775409064,-0.47208121191992136,0.3219397070333502,117.88,12,0,0
0.15398910438863717,2.0323968286904126,0.1248411976019892,-5.8470120254152445,-3.335024623376059,-4.904363141531801,1.107987499444255,-0.7620204957053918,0.2567592564078164,1.3156041880268925,63.69,11,1,0
1.160002458413165,1.917609432751092,-0.8701412690064642,-2.4061330864899624,-2.0564599706736697,-0.6403541948506316,-1.1972605656810265,0.24234458179024354,0.23017425868025,-1.528463193739101,174.16,12,0,0
0.33841716392911986,0.08852876996804948,-3.56541648501395,-5.027017639219555,0.18208463675755482,0.5496124808023699,-2.5837127315562882,3.917797907110339,1.8531893840333302,2.497653580612155,76.59,1,0,0
0.42029996919427165,1.1831861013037097,-1.588249640786823,0.5193719002807966,-0.882995910174764,2.907120419262596,-2.9411577835464207,2.944491464425518,-0.6200687431319263,0.30118680848257895,83.12,2,0,0
-0.08165115323087255,-0.5444539075358834,-3.895396379599662,-4.467005457938076,-0.49647077912257354,2.0903850731733846,-4.762033976173551,3.078706603188626,2.667409493691289,-0.2077025046210202,50.32,15,0,0
-0.7310111772698402,3.0107376111541084,0.7430471394221534,-3.45601434526299,-4.326746811247268,-3.786270905870367,0.9388499313275649,-0.8238125523198214,-1.4329894338776625,-0.4229812717931397,26.28,23,0,0
0.018943157141476295,2.1539214222022682,0.44460786071465486,-4.821245117462059,-5.080077549872323,-4.730986577159682,1.249533858382942,-0.1473442632097055,-1.992491572219053,-1.1773038876102855,55.64,10,0,0
0.30533167137856243,-0.24766294032230962,-0.39097774141455144,-7.241939270246281,-1.73856463064584,-3.271325724770228,-2.240481121400885,3.5857639075879604,2.627429084539024,1.4357865656671616,74.09,16,0,0
0.7809075405214237,1.571215049127015,-1.7338833014760104,-1.0856452011763342,1.756767483177279,0.4410108907023207,0.19205664711073936,-1.5541525913732384,2.021134271618485,-0.7662146078093649,119.21,1,0,0
1.9872977987757086,1.516552124592127,-2.380849931805062,-7.2449194524946945,-2.480597439653807,-3.942991130865366,0.9722898681010793,1.896254771660669,-0.2604539781221886,0.1115494485969788,398.34,7,0,0
0.47308350400801463,0.7063221338707477,-1.9764494571479818,-7.459124691815192,-3.0007120309735185,-4.07920464512027,0.41795205319825773,2.635783311365018,-0.38869498856395324,-0.05895770591742519,87.63,21,0,0
0.5010534644988305,0.7963091018875705,-1.9846453125609806,-2.8530853059292944,-0.15560140003695455,0.9257350737174448,-2.8740624388881777,0.9191517678856171,2.451918190269744,-0.9971403464552205,90.11,16,0,0
0.38558072142754884,-0.87436933495346,-3.4332757340748348,-2.194367894527298,2.060194360293008,1.6709954406902174,-1.140553752416848,2.0388303096467797,1.5014382255953804,-0.7193651165354606,80.28,19,0,0
0.7099721304730042,1.6371274049846476,-0.36235896403977075,-1.5511552001441826,0.7030729934923788,-0.499012831324559,-0.3606098613341003,-0.7722211393251888,2.0465457837939414,1.1268895250168964,111.05,20,0,0
-1.6251799543858079,-0.18175771614091207,-2.6427900940326428,-2.332052072628091,0.18666962895843509,2.4265344208817385,-4.143570287922396,2.087916750102851,2.5291677027909776,0.00484520784501803,10.75,11,0,0
-0.052312515983932044,0.7632004943401006,-2.9577513567819853,-1.9949673064084503,2.58208879881128,0.8600057099657137,0.44792777889456054,3.283229123354489,0.5474598219187644,-0.6628165009968451,51.82,8,1,0
0.5197971349567528,0.3160329005387531,-2.5294182684540925,-3.9812405060017246,0.5530778794903297,0.764784080774159,-2.7868684772109673,3.9676334898545296,2.1426551176085633,0.6997710657717552,91.82,16,0,0
-0.7364237940913806,-3.0461547464440573,-2.1942677440909866,1.3394748341905927,4.2429759989207,2.0225279849058335,1.3312781152102857,-0.3976898927274348,0.8219933111825124,-0.298257775038731,26.14,14,0,1
-1.31109964944504,1.527404901800674,-0.5890423107952739,3.744827660742952,-3.0980139016541326,6.069166976616046,-7.06544834691149,0.41145460828077984,0.10299833527245239,0.8405421594056107,14.72,23,0,1
-0.7300622455099034,1.0047325505497946,-2.420357829670559,-3.8034330996917776,1.0965216382801206,0.1897173905449876,-1.7356531631732413,1.272294405130046,2.9271708367143408,-0.042059414970173764,26.31,0,0,0
0.8048659783984305,1.2054963224461512,-2.008015717046354,-6.308637400913405,-1.6369820237377384,-2.856335633630313,-0.22061144912586456,1.3253673050421257,1.12296278043746,-0.3127476017349954,122.1,0,0,0
-2.1570902222048147,-0.3700696135381061,-2.0330229305211143,-0.10885520651308163,-0.3152891414341341,3.820894725018282,-4.852979612156779,2.7603989398025783,1.3230591866488528,-2.66154400639971,6.31,20,0,0
-0.04638065435334088,-0.21809037445419577,-3.1772279958376393,-6.449328367609292,-0.1518082986180771,-0.5955364624096208,-2.584604087107245,4.820877918106064,2.1442665558598146,-0.5770821745596697,52.12,13,0,0
0.31115061993809723,1.9693606901851068,-2.0050309157023807,-5.327982221467293,-0.528196022156898,-1.8079019971540018,-0.7357429648970646,0.8838882477821439,2.1227136461335263,-0.4370101833265644,74.53,1,1,0
-0.821365248644598,0.7330904082193641,-2.201843784779075,1.291881086721257,4.558595514707942,0.08098656196099574,5.387779307332012,1.2577534922754912,-2.0844157447399976,-0.6183819269698239,24.01,14,0,0
1.209769834006578,-0.030058873843608724,-2.036538530612923,-7.342599942165068,-1.2158564321876695,-3.039382397238425,-0.711174583110449,4.061398685770642,1.1921322428061343,-0.26056563973353863,183.05,7,0,0
-0.8441655547231477,0.6229259381918104,-1.3036888477732753,-7.098405579958691,-2.1076907778004865,-3.942642630203947,-0.055705646052977724,1.5071538636765047,1.2103632005653586,1.585009081392889,23.47,8,0,0
1.0873137622605353,1.3737940112131537,-0.5571414683411452,-0.7902987014026152,-0.10934057928419616,1.3454122875328032,-2.6782127683009294,1.6190000394802013,1.5431770408430407,0.3316770373488003,161.95,3,0,0
-0.10466844249854662,2.6628486412565717,-0.6929912735371576,-0.5273760028249277,-1.336649908035922,0.7131426853391736,-1.5377429842436352,-0.4683612902364507,0.4465405968864291,0.6666859540309686,49.17,14,1,0
0.7308091576634185,0.9541012777417897,-0.5198579246833882,-1.5150138405723255,-0.357195913543386,2.097898275783262,-4.982338816428911,2.8069204420892317,2.8993204632136704,-0.4243234074468864,113.39,6,0,0
-1.680431789935448,1.4983746687272177,-1.3367815708521247,-3.033700077241291,-0.8138021035672951,-1.005819859721215,-0.36923868922177633,0.5126689805013039,0.6964363569970186,-1.4876979602418956,10.17,18,1,0
0.32507787776138386,1.4635969292890167,-0.7872756297320486,-0.2734399899650582,-0.0032812308613014984,2.111798951319282,-3.1763261598641734,1.9031116010809725,1.5008800809999399,-0.20536268925478168,75.57,8,0,0
-1.7821324513204204,1.3538235280255504,-1.826432715618382,-1.4135825031516942,5.347491647845066,-1.3681770822769155,4.507378239262834,-0.05589044670597043,1.4721408398749607,0.9224863850875136,9.19,23,0,0
-0.7860300045873553,1.353607145450086,-1.9170601905829465,-0.4588592298051027,4.534848790313156,-1.0936872650883427,5.070798511931918,0.33659059488424403,-0.3463584042354586,0.6973455875632892,24.88,8,0,0
-1.7678248684967999,0.8264993269036992,-1.3563732361773726,-3.3814505496180836,-0.7695423431559145,-0.1542462638572164,-2.153211802391332,2.6664656571882137,1.280420904313794,-1.221622830008566,9.32,8,0,0
0.6275882647707969,-1.097893820793139,-5.459255922551076,-5.488405771340875,4.600293418796622,0.49286984272959844,0.31767300295532686,3.866985115891879,2.879544780688734,0.2162141383670681,102.27,22,0,0
0.6386045130243468,2.120361717807312,-0.13548937770585168,2.4847038238391947,2.1116599615536487,1.2322702979905251,1.6380188900104136,1.137937277358497,-1.1011193270374864,-2.3476353960907748,103.4,18,0,0
-0.7146198544197592,1.9226644001975335,0.17910966389041016,-7.2822762888879,-3.6345613369460983,-5.5230964772522375,0.6194524908774175,1.2694593099120743,0.3700199556902354,1.0240813713053565,26.72,14,0,0
-0.2148114105917816,1.5150793237500746,-0.9512098806235222,-1.8029896626002553,-2.9322432362040374,0.1916846023393719,-2.0316498911625938,1.7956325818022476,-0.9367275239927688,-0.49776244465034813,44.04,18,0,0
1.4868491523953198,1.2594396652466524,-2.069616575209788,-6.320984776880146,-1.6380863450874137,-2.408019098831935,-0.9168480802838312,2.184941353717677,1.2676329303423384,0.992089594610056,241.5,14,0,0
0.32085909872848556,0.9323205603331719,-0.459589559064959,0.6393806216314167,0.9255846046291107,0.9312351047270951,-0.09599936700624907,0.6672381664872113,0.1266275307960667,-0.5173827868925429,75.25,7,1,0
0.9961307203027608,0.8953608901752277,-1.152196758308996,-5.530123291793288,-0.4101568354143442,-1.966783821865136,-1.4262117805488705,2.929221699966994,2.258421075528079,0.45358897131869413,147.84,11,0,0
-0.6085826090896445,0.3187836589447909,-3.3617710594594463,-7.8323979179922105,-1.1848463612633346,-2.63688647341908,-0.7457987948005173,2.2310264623572116,1.7442336227741813,-0.2952774767211896,29.71,16,0,0
-0.8012570048708548,1.9201816282060156,-0.6985670907127333,1.3291362700123834,1.5977248001310163,1.1875869531731373,0.729932621785139,0.4567379938881082,-0.20628663096937805,1.8631543914239623,24.5,4,1,0
1.6687501161338445,1.088769997781695,-1.270010886827835,-0.7605153845598385,0.9359396360297676,0.3723985835093979,-0.006030520439618431,-1.0929212108121888,1.247185378707079,-0.13338311907951375,289.67,15,0,0
2.208735630954394,-0.06373078381664121,-3.9239256052820446,-1.7177502101999618,2.960763298775707,0.871443348734722,1.8723679638963382,2.6386035546316498,-0.5299597920361518,0.42239313718938387,497.07,1,1,0
-1.0005459110971728,2.782169874353953,0.9277157055581282,1.970574814214256,-0.9403950296985604,1.7265785159025462,-2.3771837672319496,-2.345266333734412,1.3856105815917834,-0.36230178254703016,20.07,17,1,0
-0.48022624890612614,0.9140889337574324,-2.3605866922657537,-4.282335520014894,-1.8967891962232721,-1.2585911649402648,-0.48314752318119814,1.1962680593829154,-0.17078100817677377,0.5743604833824676,33.78,16,0,0
2.392952229262837,0.65605352087142,-1.6898925976680759,-1.4251835502497203,1.6924409894226717,1.3891808917166233,-1.7158701002107055,2.001576087976859,2.0431270431577,-0.6164143090234532,597.62,6,1,0
-0.9436813885104325,1.9699770120716766,-1.0488025477519367,0.8720849004031885,2.980404583626116,-0.978075670224247,4.9645294606591825,-0.5459935274280519,-1.5642223584278347,0.5641068220968901,21.25,10,0,0
0.5959114992525505,2.232552552692166,-0.05974885142091546,-3.6151977280459473,-2.5547713557762135,-2.265706962860177,-0.7000667243455432,-0.3094095638335057,0.7154846704050439,-2.1877690503547065,99.08,4,0,0
0.16621190050052911,-0.775510572776392,-1.4767152755669157,0.9067788668469632,1.3574004040215082,1.102851341867515,0.7695193565018007,-2.44228313466757,0.3718551649385171,-0.14741572461255387,64.47,15,0,1
-0.7322902517309997,1.0673333000475225,-2.559089434885874,-5.469944605218535,-0.5824845656653146,-1.2085137510996249,-1.3083504948232771,2.2123289095884187,1.727091501943376,-0.523623460040925,26.25,14,0,0
0.24627039227315614,0.3699401960156913,-0.8244026460442031,-5.753256054170707,-1.055634727965183,-2.6587947118436204,-1.0363488704988462,2.241150022835288,1.9164055697741165,0.10546447968559375,69.84,18,0,0
-0.5013250744887601,2.7118029293217383,-2.1571795220474557,-2.7010268710764147,-0.5868340099425252,-0.15858824252374082,-0.6359123293842689,-0.42002757825147463,1.0487959233164454,0.6880132415103933,33.07,1,0,0
0.6057253952923051,0.45612038718159775,-0.9231548853362377,-4.356778002535425,-1.3304889322750977,-1.6130346856728186,-1.3844046068019022,1.3650351372477518,1.4636105635999686,-0.36774144296155176,100.06,15,1,0
0.5731066620543549,1.593710109938585,-0.7800419725816359,1.6017702996255851,1.5385701095355238,0.7522988533331456,1.77939535807346,-1.066226875456244,-0.6233424173959807,-1.5271977050210415,96.84,8,0,0
-0.6078762257908681,1.1457686862494993,-2.385263558300111,-1.916821244267258,1.1953442284532234,1.2228090660192075,-1.1626365043803404,3.4018285096380882,0.7165754037670133,-1.549584906234404,29.73,21,0,0
-0.8751142953908407,1.72893740613888,0.48349093999782755,-0.7115215986625761,-1.3413010341169533,0.24190704381133687,-2.180079120698485,0.120952163434624,1.1576507623182881,-0.0975582373450385,22.76,16,0,0
-0.5217462832354588,0.5956686182626736,-1.0391393087057028,-2.856124209784311,0.09408639395758356,0.09394893746551247,-2.2831002290753033,1.2064909164899933,2.488255976781785,-0.015928614021443164,32.4,8,1,0
-0.9716937361523004,-0.6130921066828945,-2.0119427120012956,1.0645126460044774,1.4974694355876579,2.1012440324766617,-0.0661886980490924,-0.598319326843278,0.06718293932297081,-0.3644408704224804,20.66,18,0,0
-0.8834657139063626,1.6353490496737733,-0.13481764997845103,1.0775161917202785,0.41432080019160433,1.2333142152591883,-0.8958490205299688,-1.6734514519266421,1.154402734505482,-0.44835903038359165,22.57,11,0,0
0.06074712287704659,0.7911592052515041,-2.7704432983300666,-3.781838648365437,-0.1927539932254827,0.5604240696298217,-2.2340372482771627,2.552055793746919,1.5183147208092906,-0.33373979417446603,58.02,5,0,0
0.9689169067759524,1.8811282059244447,-2.2956815897643716,-6.366497927947248,-0.8799334711261063,-2.6542837728565933,-0.0698379993427656,1.674075870666528,1.4951890971661397,1.051302024318365,143.87,9,0,0
0.8018280617529022,1.150884665642161,-2.7404045605214167,-3.004859014966976,-0.10725055120986626,0.9747187256420216,-2.262353015122168,0.9039933847839949,1.8742088150493657,0.03301198712840905,121.73,0,0,0
-0.18543458045487501,1.7146516342585616,-0.4203809759240036,2.6463269066709647,2.3952925805041057,0.0013842936023660268,4.075354327610446,-3.1224670316863525,-1.166486080411034,-0.17080740242391979,45.36,18,0,0
0.443829950678843,0.21110646153558454,-2.598619561547644,-3.0964467440915655,2.5212166744236333,1.5550806453575585,-2.59912932986206,3.847047321116733,3.171617430022688,-2.0562805324586684,85.1,14,0,0
0.22686543897867484,1.211342271722463,-0.7081093373968333,1.5764887765849842,1.4629421259659317,2.069691658672638,-0.5050813931413228,2.1299591107709084,-0.31125025520756977,-0.21999494038418024,68.5,8,0,0
0.8684690469671729,-0.8606482986520156,-3.1858157451643496,-2.4954619861657013,2.280383866064737,2.640223484285532,-3.4357453366555677,3.2180299116768145,3.136691252783235,-2.622845018052951,130.12,9,0,0
0.7254335257498612,1.6117399081919643,-0.38652853797275155,1.2117611497857417,1.6595303405879622,0.7503630501580137,1.0999501515044343,0.741262605667784,-0.37075925221197203,0.948882137692141,112.78,13,0,0
0.0461323446459442,-1.784234237040574,-1.7995154496985237,-2.279160812368477,0.9713663521289669,0.3356033063885667,-1.1570839526634333,-0.08252322418156188,2.060640934529379,-1.8302696455817218,57.18,22,1,1
-1.2225595370550124,1.8428212500729477,-1.6982920571393265,-2.981561536387308,-0.6103036476975756,0.24338589113412556,-1.991902157723806,2.298394503606879,1.1808480259026566,-1.2260997232320445,16.08,4,0,0
1.4063152231772045,2.475601987778877,-0.2839342998153094,-0.22617292915925646,3.4808748828960177,-1.6267974415721709,4.154636374813023,-0.4338319749713935,0.37240032969464465,1.7199686777338845,222.81,19,0,0
1.2617818150269775,0.3108824233432753,-2.332800115206876,-1.497468002520785,1.8036649076773927,0.709039910357188,0.1930707701344791,1.5585652321764714,0.6889682591509956,1.1876171070686843,192.82,9,0,0
-1.7423574271530076,1.1431293715128745,-1.2760921962529521,-4.825360690019443,-3.1521190300294664,-2.888754933127407,0.5429445174915661,2.6977023313756296,-1.7898841781620811,0.7348055160600035,9.56,16,0,0
-0.6736510743466516,0.7156963696248004,-1.1979741681909346,-5.331219526235533,-1.2538041417235968,-2.013839058222561,-1.466462462436326,1.3484597128151987,2.0578069422697896,0.505196873483647,27.84,0,0,0
2.3203878507402607,1.2399148514406835,-0.6066784739134916,-7.090889577770026,-2.1024328297533943,-4.459987734135456,0.1965284411155817,1.801865926333364,1.2556552846932247,1.2377979786656321,555.79,3,0,0
0.28175691900620325,0.06480766492719048,-2.4069601231974156,-1.462893802387573,1.3949730847112356,1.859856594524794,-2.070955081451306,0.8656600147081491,2.1717043275659593,0.9517290212003714,72.37,19,0,0
-0.5549654692911907,0.24820827000227752,-1.5018500796935617,-6.555366651644656,-1.9908035027451654,-3.4789778392458963,0.1068542827987889,2.6882531881839764,0.2990854470055485,-1.280858818013582,31.34,9,0,0
-0.8589114975142191,2.999224355004647,-1.0843320169565451,-3.9535417511327258,-2.446652381330721,-2.1562220444687124,-0.19112512294907671,-1.188863165309124,0.6421428111171827,1.0659358064382551,23.13,22,0,0
-0.14878944508871264,0.6660470601158329,-2.2297737850604706,-0.30008215405688243,2.880766051303041,0.19200005199782844,2.5078719299689003,-1.2491310253969334,0.448863568477357,2.2395643897077293,47.05,0,0,0
-0.40115336766931525,0.5540845814930415,-4.136917003849939,-4.5632151652894954,3.609956183098789,-1.092803762247289,2.2384058849475066,-0.38303592709886103,2.533554878063324,0.3073770701681209,36.56,7,0,0
0.23845114205629778,1.6050956929067832,-2.1351257983552245,-1.2420441471881785,3.5162902852906095,-0.5635607447427422,3.1082183244092088,0.562894292421586,0.49497222082937675,-1.5332434113848579,69.3,8,0,0
-1.4215119478952627,-0.20472083070299085,-2.8815330622579296,-5.521411895229297,0.29326157208286197,-0.8991436679380107,-1.383469037937598,2.274925615131264,2.26475688673902,-0.5447026317696096,13.18,16,0,0
-0.11465552219008211,2.5611481543776087,0.6443020226832115,1.7421714471805854,-2.1167253962186585,2.309501647877055,-3.4693755221564606,0.3175815920181443,0.11581931299743586,0.3807696493575095,48.68,20,1,0
1.9403576179045783,2.3400129422718585,0.6448013508857149,1.1620671221016579,1.173715071461074,0.7292624633624485,-0.15149575420532058,1.25937695105465,0.430978519965466,-0.7774287713349466,380.07,17,0,0
-0.051742774362450755,1.42697068511326,-0.1607552898789535,-4.90639758387758,-3.7018620252347256,-3.211384996020864,-0.46518241906953867,1.8116890211682162,-0.6509745524821982,1.1094707385047349,51.84,16,0,0
0.46458933979423467,0.92477673716969,-1.425068086474286,-5.457797492603465,-1.460686977801233,-1.8910345770554273,-1.5287021845070723,2.3538734432676303,1.5294640800570627,-0.21801559072804283,86.89,2,0,0
-2.8679971592684725,1.5264594098221553,-0.5472065888019348,-6.5905775061075085,-2.6302266335858526,-4.200567860138197,0.08952745999443262,1.6451084124505666,0.7212896158972952,0.514780636520802,3.1,1,0,0
-1.5915602598373328,0.6463793224889809,-2.9022874075193545,-1.2292561879036223,2.5317322474017305,0.19707397904763257,2.2636185984143276,0.7128404386168095,-0.19819685104277673,-0.37068081104751294,11.12,22,0,0
-1.9639596484764328,0.48658583785460197,-3.2624945703345833,-6.6045233053613535,0.4812861243045776,-1.9240068093831422,-0.20798799965790618,2.56466460758506,1.9893667949686966,-0.30400340992166497,7.66,9,1,0
1.5399400423944491,1.9991001109330568,0.35203899372939285,0.9178151909129647,-1.3600065336619143,2.457781141668632,-4.282115388976058,-0.13594994152990014,1.8063518319546015,-1.7570570725013688,254.66,9,0,0
-1.3352660487000192,2.6606212029466225,1.8942071229820094,0.3059739989085663,-0.7238978191171419,2.3173312227495524,-5.982666335600349,2.8345691003790874,3.41648367516372,-0.6908382917150947,14.36,16,0,0
0.45922915011507476,2.4312616963095115,0.4838268815412057,1.5620604961179756,2.100197872227084,0.09370096961329888,1.599169991079317,-2.1415019967443847,1.021829857427466,0.8118606118765402,86.42,18,0,0
1.4368627522535686,-2.9624332433906955,-2.2515198273414176,-1.5734387778931709,1.130159953352918,0.3808732948329411,0.022702815710159866,-1.0723122157591716,1.0428316143037502,1.102948193755816,229.72,20,0,1
0.05742727580431816,1.5463305797468643,-0.7527646931965412,1.831168588145088,2.103732753717769,1.669088265461243,0.6101220356737161,0.40149631021458854,-0.01544230743197672,-1.3085972327019342,57.83,2,0,0
-0.48917577586972616,0.3047080551025725,-0.1903902401922135,2.035197726856363,-0.5221845352202521,2.838309936457147,-2.7708332233406847,0.5422872879021023,0.1387264987537633,-0.034107290244640605,33.48,5,1,0
0.6371234879779439,-0.3290291484399721,-4.375108714683904,-3.0729615104814347,3.550403813293646,1.840974445601808,-0.6562113480488524,5.194059799347847,1.3210230387770596,-0.32155237591004954,103.25,10,0,0
-0.025710697248260115,-0.17496177472159524,-2.812779858594168,-6.048354903085535,0.2787574522499139,-0.6746787795357877,-2.3097532584985636,4.2223607559468075,2.472018057710897,1.7739515280887104,53.21,1,0,0
-2.1229643269041403,-0.5231145637724002,-2.641943206547055,-3.4173211383183673,0.6562213969454564,1.3967651011488924,-3.110488772873584,4.51460590591114,1.797616201814491,-0.0618247005346034,6.53,13,0,0
0.47311780731589903,0.5816161249413476,-1.9723762385218553,-4.0520193406191884,-0.33643221555821734,-0.42245310441322215,-1.7311829238873007,1.8998022394511622,1.7507558541513482,0.042441088049735474,87.63,23,0,0
-0.6876015499888443,0.24000378890744012,-0.44804261902014064,-1.960955131965792,-0.2594519333471762,0.1648139493643328,-2.083015181111238,1.4861311705889588,1.6356039531632272,-1.3309439439083062,27.45,18,1,0
-1.1903711798978425,-0.6052284517214829,-1.2089291691126616,-4.845982497357991,0.4403836243800965,-0.6971326248593848,-2.9613902983523013,1.1585414737998334,4.220690315150795,0.47784713300762327,16.6,1,0,1
-0.5927587954921297,1.4391500108542779,-1.015549933065318,-0.5281296928853826,1.3693372610551424,1.0088731239541917,-0.9219241617631898,0.3705609232827425,1.6938230658085853,-0.5272059439881445,30.18,15,1,0
-0.5676157114812885,0.7593430384939494,-1.7414969674590663,-2.044627988803093,1.5350127034531302,1.173597458723387,-2.1853296427170408,0.7595151903130697,3.0799743582205457,-0.16431769242614733,30.95,2,0,0
-0.452365609217461,0.22311859560829306,-2.6032938887310335,-4.86133015709842,1.420575233557803,-0.6544859535843417,-1.1248495473349647,1.4707924870750761,3.1280421559276097,-0.6794009896202639,34.73,21,1,0
-0.566669986287315,0.9277854813962917,-1.1944410699392527,-1.2063858041387183,2.311710674367954,0.7376991384906844,-0.6864969387122987,1.2067948070418208,2.2443371030473447,0.38882962180845204,30.98,19,0,0
0.2274732989571372,0.7566999184710987,-3.3999500005054886,-2.864108586192756,4.0137321896650855,-0.33534820569591517,2.4835782554103663,2.551452544044836,0.89086046307874,-2.7631475885240935,68.54,21,0,0
1.4616759144536289,0.19574490728589855,-2.556048702743207,-6.728434142996995,-1.8848297365249378,-2.9843271073408912,0.3025291226311964,3.6623710164479464,-0.4735900913867508,0.29556535503069425,235.49,16,1,0
-0.8879230777954581,0.4657426101912012,-2.205640470161078,-1.5458267118257778,-0.061974273160510185,1.8864746245854356,-2.876614277842737,0.6024382422606063,1.7982790960445083,-0.46140676435314026,22.47,5,0,0
0.8769126686069131,0.35010898569887705,-4.1711408279661315,-2.86747515487996,4.321183249723884,-0.779932690176127,4.300743698952398,2.7378221987022737,-0.5794551298140913,-0.11230873780964043,131.22,20,0,0
-1.3943963500698604,1.7391571660285492,-1.2837596894943777,-0.15294450451378724,-0.5154029496070613,1.7715403291306762,-2.0927416596692963,0.6419845114650319,0.5520409698593892,-0.5686864607847385,13.54,21,0,0
0.10754495487341079,0.7365061811553173,-2.241602474857409,-3.4562344158533618,0.3391987972031254,0.9437327596641489,-2.9444039747323156,3.2489907275039043,2.2232100876275727,0.35729924466526164,60.8,5,0,0
0.01723650200375707,2.3532639679064964,1.5426781637998117,-0.20463293933047164,-2.013839345233917,1.3473471732787132,-4.983808023591556,0.6318084408780493,2.6062608923028896,0.08092106486843201,55.55,13,1,0
0.8521706169204497,2.1808856021159375,0.595964782530112,-5.042568885062345,-2.9059664481527703,-3.6660132918042345,-0.5527595481309322,0.34431709830938717,1.1210740270559632,0.30206395714012874,128.02,19,0,0
-1.2263267895340162,1.342217857159568,-0.8323072385987307,-4.440203258332028,-1.6899870815039655,-1.8283928174737478,-1.0946157932302691,2.708654748680372,0.5913453113398038,1.1484601954247793,16.02,6,1,0
1.7500664155244403,1.5258331983662805,-0.3846038473217843,3.4589315794413875,0.041072463779349144,4.195587430970162,-3.423458449705005,-1.459870863233686,1.113910545341088,1.3597979811044527,314.21,3,0,0
0.9789636462158348,-1.0217110702252092,-4.268890013006181,-2.2020989646228983,3.164239978791164,1.742969989145526,0.0900618822724568,3.050450651048129,0.7955250869183128,-0.9060228765746605,145.32,15,0,0
-0.07486187900378745,3.963126757754936,2.0916304771410816,1.3599483243188264,-1.39128908954794,0.15551798999872446,-1.0882574363404895,1.6681383673084251,-0.5796225386005551,-0.39667054152916714,50.66,3,0,0
-0.6929920448066315,0.21578622459999786,-3.7625540467268204,-4.263266966165985,1.742719656414396,1.2674881134880824,-2.5479973429243206,2.209158425742232,3.3190442756636287,-0.22857870062185534,27.3,2,0,0
0.02102057522146444,1.6443440700256486,-1.1234690156814664,-0.5837124754667304,-0.06482115534192712,2.2233023914077075,-3.3852291901727103,1.9643121706627302,1.6316060120215654,0.6704901082452412,55.76,23,0,0
-0.15140815689641668,2.03052957379336,-0.05657504337025365,-2.6595740527394995,-1.3659681882430779,-1.1166247950447303,-1.3988186961883595,-0.3114392842368623,1.6585200774650781,1.414082145612875,46.93,12,0,0
-1.0109141802020007,0.17397845165821257,-3.1299397097773127,-3.680593379761966,3.018030618543932,0.5342602241119566,-0.6124267800097108,3.9486418201578974,2.2337977334997703,-0.936703648306312,19.87,2,0,0
1.5220815453811851,-0.36027026667936557,-0.8449822670687771,-4.70102581366922,0.1436733971940105,-0.8078730173990467,-2.8398445418171847,3.113057586170977,3.1976677656613535,-1.4214665213878792,250.16,22,0,0
-0.5717157916914797,1.1467185610121833,-1.009105789044791,-1.595473884386801,-0.4700394211356478,1.5290623323235726,-3.591000348486746,1.6989670642308379,2.112399583023139,0.08073745407958981,30.82,17,0,0
-1.645835834140349,0.4660072879075803,-2.529360465085266,-1.348812529664086,2.8607633723911245,0.04200133813236717,2.138469121268048,1.2955440458076308,0.13729695482823145,-1.930620349312312,10.53,18,0,0
-0.21287877438714328,1.0023733845247136,-1.0882635694977927,-1.0929469107181033,1.8264466823368664,0.7184854189157692,-0.650292101181336,2.2135881229579986,1.3971315096781416,0.42323011200064375,44.13,18,0,0
1.521668999095691,3.2766185478344436,0.05308606600804522,-2.1077662619669284,-1.8431880376215657,-1.523811773113385,-0.44527363334416137,-2.729990389698237,1.3898911212494862,-0.8923475586042955,250.05,9,0,0
0.05868420077208924,2.7694952052409416,-1.5693274398481205,-5.2345968387899,-2.7785663340151503,-3.1818376158098847,0.7573064378966657,-0.2743560868202166,-0.176641939878867,-1.3101590131103253,57.9,21,0,0
1.9343320510948134,0.24474641744048353,-0.2953799901278319,-5.439698565474325,-1.8334154798446272,-3.3084298867039994,-0.27325839744618674,2.011092437336549,0.8315994695569187,0.40459316522410194,377.79,11,0,0
0.41366794686126,1.5946604207325699,0.038272746922185075,-3.2024303581000444,-3.141246549713707,-2.0906973241892493,-0.7542932044280088,0.3372789185302767,-0.2514296337222397,-1.9268045701979395,82.57,3,0,0
0.3268875100477718,0.525749749484997,-1.2183955311396564,1.2957396244469463,0.24912126658522094,2.0234389851615764,-0.8314618174427707,-0.40750786480231205,-0.20491331476500907,0.321995223462057,75.71,21,0,0
-1.0916914391764532,2.480838400870568,-0.4329106280552767,-1.651876402729658,-2.1962298401039053,-0.71736089051158,-0.7606703225815561,-0.707899693864259,-0.016169483077165037,1.1149765311666693,18.33,21,0,0
-0.11452595258215899,1.4697976442011274,-0.9532834937499911,-2.6499088433801585,-1.6129103336513266,-0.6211814865377471,-1.1695553282650912,1.613600358138978,0.09801276699150341,0.07540822009679703,48.69,7,0,0
0.20862315400150194,-0.6477114671695758,-2.0352949126134288,-3.7095564366026257,0.5552518950217065,0.5321976426608681,-2.8277634360697954,2.105677226567334,2.8649298784774713,0.1319841995837589,67.26,5,0,0
-0.09545819444599579,-0.5538909641471783,-2.8565485200947824,-2.5274534585635355,0.30977084914980224,3.083232959619992,-5.274435421750026,2.8690982337605404,3.1208494402928713,-0.9315213209654843,49.63,21,0,0
0.2094371147854467,-0.020563602903312717,-2.5808023195910277,-3.789229258279521,1.735853693257664,1.6954636219809565,-4.067710325930216,2.901444293969397,4.316588030490713,1.1752474312419345,67.32,10,1,0
-0.2304873253560579,1.2823658916025296,-1.4317811878339666,0.43998324866825167,2.9814769342313383,1.184160578584837,1.3677319200033233,4.892560147733196,-1.121279542814235,0.1453032269009008,43.36,22,0,0
1.2450497319788947,1.5959033877856954,-0.6369774433731955,-1.6953828535585824,-1.5974183488364269,2.0268596387046016,-5.46779630437896,0.9769325870987886,3.050286848380953,1.7298511088451631,189.63,22,0,0
0.020423219557091282,1.1438235272710315,-0.750984222646722,-5.416449602753207,-1.2705607612350434,-2.8530344700146024,-0.5939954691325888,0.323892759603584,2.0959285212989816,-0.44580533143077306,55.72,8,0,0
-0.8382941314632649,0.9463903556403312,-0.04100315587929049,1.139376187769064,1.2973157325947482,1.7643209206456008,-1.4247691528618143,0.8465963433684975,1.2099821914310052,-0.40127523956906697,23.61,12,0,0
2.0072085092358076,0.6103819449721912,-2.5418212576734254,-1.9468308739828435,1.7703642213302002,0.9515334257321854,-0.556296065689472,1.7202925317883855,1.3330728050231901,0.41812170640615764,406.35,17,0,0
0.29291685435793624,0.4153093599695862,-0.7307606515162378,-2.2953603175732917,0.3240101429949993,-0.13433402265239547,-1.673824470922766,-0.6413435467213053,2.7686759598868744,-0.7841951525751137,73.18,5,0,0
-0.06142097178442495,1.8681603547630128,-0.433105168890046,1.4946415404362803,1.6451314997983653,1.3232809545106523,0.5379340749420867,1.8176921773508412,-0.5602488105592525,-1.0838649574075758,51.35,20,0,0
-0.5531298085153746,2.520681791353846,1.4189562507332838,2.0907527010615667,-1.280018216953194,1.265566224152621,-1.9999316714428317,-2.1626260689321395,0.8622841188616976,1.6882620770705061,31.4,3,1,0
1.4279619295089425,2.1719509389916163,0.1327175895962145,-0.4218133046500571,2.155242795257799,0.7577657335750133,-1.034136817950472,3.4034902605449835,1.707393452353128,0.6359360322300298,227.68,19,1,0
-0.04753369090486037,1.7391890547092672,-1.0554729428417273,-0.4809064071790585,1.2554890524971019,0.6297063386672758,-0.014516570252774301,1.2756376055830148,0.5743286963422025,1.4228259954556413,52.06,0,0,0
0.7739259663427939,0.9334738784072425,-2.0375365839226998,-0.7574819584335923,1.9316431638709832,0.8076375652018313,0.4534961656193155,0.04916179961796252,0.9725039647838695,0.4356811481409717,118.38,14,0,0
-0.8139157170417997,0.7164929993234425,-1.5482072784975272,-0.6796535780510675,1.9968571782439368,1.3071565726511547,-0.5483277527967458,3.5449952651713383,0.49060015231831355,-0.757068787477642,24.19,10,1,0
2.2552309061954885,1.5411165330733545,-1.0780929883937884,-5.1195978490249106,-2.1462297856590666,-2.4445935772333356,-0.6893972948818871,1.8468975921102166,0.5630420493176403,0.20845247953746038,520.73,11,0,0
0.20111996382859956,1.2613248375898367,-1.8677166668509266,-3.210995835266259,0.43469594053745275,1.589122781578486,-4.262989256445239,3.1819224440896168,3.34116469978703,-0.281249295087742,66.76,11,0,0
0.18167896662275576,1.7412861646212165,-1.252162041045226,-4.731344835991985,-0.4263092880461611,-1.5408916467613076,-1.44926350284107,0.09182950222412645,2.9805615694310457,0.19348441727358576,65.48,2,0,0
-0.37990432825437204,0.9674354135565608,-4.545201178045722,-3.039569569226374,5.309437055326474,-1.8473298282601573,6.673714219447688,1.2318490988416768,-0.8473561461669779,0.020833145287091532,37.34,5,0,0
-2.2078124048400434,2.137155343487924,0.36577536600483906,-7.10437585310079,-4.5133562709053034,-6.320201205554045,1.8078293677029784,0.4695293460694172,-0.9070477101201446,0.43577812370992347,6.0,4,0,0
0.024248485638933497,1.361415766722545,-0.30592158418359416,-5.574783654068285,-2.465886610057612,-3.57123645117089,-0.28381027014759896,0.0958385021901127,1.2507211592522138,0.3531861409222957,55.94,5,0,0
0.8118689719695094,0.5028602193633633,-2.1629443365518046,-5.610324295513765,-0.8399985545575888,-1.0704998110112738,-2.1035371798789293,3.80992231196716,1.6307804426650894,-0.6439083926603726,122.96,13,0,0
0.576832516351055,-0.43980272432267364,-2.215350881301975,-6.4406834552685135,-0.617595801228684,-2.1685920332972426,-0.9856316825829443,3.4071195994479764,1.5296900658684531,0.29135342791435326,97.21,15,0,0
1.1829481969357678,2.467409501206657,0.06949625935365655,-4.3584244049660485,-1.328146624872216,-2.659080727747674,-0.7634359751873354,-1.254683252963581,2.661935717089184,0.6622770422571198,178.21,17,1,0
-1.8440071714616788,0.359225658581807,-3.144087862694956,-4.102766988002623,2.7151020522645903,0.9303986353665521,-2.0098052164824014,3.3608306088910105,3.4663876308319015,-0.34529980114510034,8.64,2,0,0
-2.4989910717437454,1.066567969597377,0.014151641480187216,0.8315945868124186,-0.36474066180993314,2.4401115284847146,-3.5801012473781455,1.0928916708417815,1.47042692840365,-0.4283127732185234,4.49,0,0,0
-1.5964554871154464,1.3912497791305871,-1.672375601124382,-5.1113864730789125,-2.361151356740402,-2.2207632435912505,-0.5948481126377527,0.9369213400928104,0.4159523488462096,-0.17089225188904092,11.06,1,1,0
-0.4265121594559926,0.9817193264341609,-2.2680818496132984,-5.075599848982273,-0.8360336586156465,-1.1015956077065154,-1.4504866587269771,2.1057656216742275,1.5452254162858263,-0.37039007852413924,35.64,12,0,0
0.33269754591749534,0.3409897376794123,-2.417916203565974,0.2063557572278306,2.5306840171182134,0.08417691142398409,3.312557200937271,-2.3202915276185605,-0.3914057892588638,0.16432691841495276,76.15,3,0,0
1.5652502141970854,1.1615384529616308,-2.4092907966608603,-6.925284436545488,-1.6372669784002956,-2.718692832947975,-0.6633154577853301,2.303588716362387,1.2330898757559299,-1.172742471387207,261.19,0,0,0
-0.25044630623839326,-0.4229601301254353,-3.6488142732911246,-3.9517447874446874,1.732257191049325,0.024620470820526208,-0.3000311533566944,-0.7308112410747492,2.671866239452306,-0.6719456014936708,42.5,3,0,0
-1.6511556353208119,1.4190821151595103,0.7042774101586422,-2.6180802019884113,-2.822603309578329,-1.887910461095382,-1.1677888812654977,-0.1864259721911441,0.443580476232047,0.1526805625893388,10.47,11,0,0
0.024399267426235542,1.34764968210323,-0.9886583388190331,1.7573254862460346,0.4448066528603797,1.3298156092615037,0.9138904459546955,-0.03547397270218022,-1.5271066167153535,0.17307941181226238,55.95,13,0,0
-0.68566891624985,1.2652938699398777,0.13437449976280869,2.593772081718235,0.1272114617285658,2.1259978004018834,-1.1380662871127487,-1.5963908589299811,0.2731298855327672,0.34731463391881373,27.5,18,0,0
1.8308199379235222,0.6930250851629862,-3.1479846975850334,-6.790143765008487,0.25897397869700867,-1.7760241787355575,-0.8889070265208654,2.6738609127492596,2.419388185641065,-2.1517826350330465,340.64,18,0,0
0.41921836415996916,0.8925480983899837,-1.4186918940887046,0.1894278249886731,1.8483747623812836,1.103801786288162,0.5776637195814095,2.361931460458444,-0.39297870109927047,0.12008793382169758,83.03,1,0,0
0.6682108245333067,1.5891656283286717,-2.0409247837819673,-1.0338504389317493,0.7501928091069201,0.30386303665136727,0.8011446620622066,0.30686077734108297,-0.15257580839515694,0.7331244917816624,106.51,15,1,0
-0.9806551747867517,1.4194536097944919,-1.3017510048227303,-0.6774126414502374,3.0092520322432743,0.20474452437141666,1.3217869178107633,1.3343542259874912,1.045060685100696,-0.24279994008064698,20.48,5,0,0
0.20016390632724457,1.3854865508683791,-2.1054316119445295,-1.8533135368585667,0.9997508972822671,1.5764865495478644,-2.555008928545758,-0.33572590738591757,3.1370486683443266,1.6923970353813387,66.7,11,0,0
0.9950575394113359,-0.19217598712852713,-1.9175061280989785,-4.076808025276209,-0.827112212495095,-0.5657219579812033,-1.4905719134717632,3.8620326720877234,0.3462982189653735,-1.098358058365505,147.68,5,0,0
-1.4684493011033333,1.0782349474399024,-1.9272605598934498,-5.950681440280883,-1.951019884850893,-2.669321033450806,-0.25131040628728035,1.9627449833206798,0.4461191371724662,-2.1248292006411953,12.57,10,0,0
-0.1657290842986128,1.2551672325321206,-0.7356572277300629,-6.412285512548608,-2.9145876808586113,-4.486917445899055,0.8384017060268378,0.43535486241373855,0.22171505859595086,0.015832678584736876,46.26,4,0,0
0.13753074030698914,1.142439422115673,-1.6917708996541578,-3.2027447534159,0.8034734184485159,0.5922641214363997,-2.783417734312339,0.37684861436622685,3.7581423393764934,2.6502286276393785,62.65,22,0,0
1.0152814388374698,1.175983528440924,0.08321583350221307,-3.8425583063773927,-1.7392208923294659,-1.9610854346208844,-1.4077749728377724,0.7491482214050247,1.5699937330930538,-0.9298459586624759,150.7,17,0,0
-1.3431145618541385,-0.009818474975090696,-3.0364709196101707,-3.4356567518475307,1.297481197337058,1.638048895973046,-3.094057490657316,3.1966336374704856,2.749313789456389,-0.7059472906559057,14.25,4,0,0
-1.0384837093434272,-0.3117370875459953,-3.1248179553336,-2.1338045445566305,2.0345830444263484,0.6608340663139272,0.25578636088755624,-0.19909523623339398,1.5129818102062786,-0.6576658298721365,19.33,15,0,0
-0.7387854749086923,-0.35076322059435916,-3.5731616901347083,-4.974354678472466,1.2276908403179856,0.6089924182142092,-2.3937323465410856,3.5110653591442995,2.6806251368334895,1.3203857599365474,26.08,18,0,0
-0.4443707828837612,0.828128759992907,-1.0539628998357848,-3.318645994200539,-1.607591490337728,-1.2270536749162644,-0.7769123021441886,1.282938935276258,0.22531985497169993,0.17489838056276974,35.01,12,0,0
-0.1794447774105302,2.0559532313477784,-0.25722788347912395,1.6654660640103796,1.065892143329858,1.3354711514247615,0.22693936543175477,0.6085844938693378,-0.350142080969742,0.02080560920104353,45.63,4,0,0
-0.07355847245653323,0.32421430901187376,-1.3319134994742896,-0.4276271647793526,-0.10507739287975837,1.9915667714197764,-2.635066102425635,1.4361323233867689,0.9663545517050981,-0.12822610154410152,50.73,16,0,0
0.8813318565020797,1.2119906915849277,-2.1035899110106264,-10.317599116707413,-1.6772538054513353,-6.171518428057252,1.3547803806115954,1.843048405149756,1.9774677550767086,0.9198930328946596,131.81,20,0,0
-1.0101684825736694,0.9317935302839212,-1.906917944208371,-3.7382953815058326,-0.1991098347700777,0.19663261669586984,-2.61340156300248,1.3492484095275672,2.601930219160902,-1.0068453032479645,19.88,7,0,0
0.26115709180450125,0.7780000960454256,-1.4019802922557825,-1.1067403943313676,-1.37449718913663,2.860838393793178,-5.384114756588227,1.3493182768792216,2.306853619410438,-0.05583531578527715,70.89,4,1,0
-0.3343600955005717,2.3703840125799873,-0.35766168927467523,-5.627367761507388,-3.0772317067614656,-3.8263114750952525,0.09852353282884609,0.4174595412487132,0.4433460312202473,1.5967300050441868,39.08,12,0,1
0.02362869941716909,1.4502150299447705,-0.6592378512509628,-4.833763860998306,-1.7136635935128792,-2.6084311872361003,-0.5609919366408124,0.3753491857628952,1.4180876005125398,0.25494470768680794,55.9,9,0,0
0.277617949060782,2.777999295056481,2.3650507342858216,4.414285717867041,-0.8348999011828246,2.5273366410995974,-2.4096080446380705,-1.2329785752949134,0.2582016691988178,-1.4891370184277144,72.07,2,0,0
-0.7688926857073861,0.16151671404264145,-0.4137876932034734,-5.70827941048814,-2.592756273176117,-3.9265295451004407,0.4334065062198783,1.4777885512309956,-0.006265469126366385,0.854283572487853,25.31,23,1,0
-1.3015378198070768,2.397358975274006,-1.6582129665585232,-2.8317329357493257,-3.2473845709106044,1.906855521136287,-6.058537274432373,-0.5026140544254531,2.9825587245695644,-0.3778932379097153,14.86,20,0,1
0.47282096598766116,1.5697719952647051,1.031729681137694,-5.618522965755554,-3.666833059631835,-4.879996311103751,0.30519644753545894,0.21685388918652126,0.3579221206297243,-0.053605270174984086,87.6,21,0,0
-0.3192624662910268,3.028055813459111,0.9306185550145736,0.7090836398680909,0.3772645180585771,0.3551996649754413,-0.659288103269421,0.03131401651269794,1.053334068299785,-1.113803359831977,39.68,20,0,0
-1.0915063614378835,0.551388000967439,-1.3943959304541313,0.3897928731500448,3.1890349476654216,-0.21828589248326158,3.397431419918423,-0.007771380293753571,-0.48594173099977334,0.3123588642483207,18.33,18,1,0
-2.37689326525684,1.8070247798496424,-3.479250748642861,-4.62163761347249,0.0983886051396512,0.18453967333718047,-1.8125312713535346,0.8252131277507408,2.433533238318546,-0.8342043946797019,5.07,21,0,0
-0.0571313391016537,1.3845283284208239,-1.074886851007164,-4.129507408963993,-1.8364386808113462,-1.5296930414450416,-1.3281788466483062,0.2565546442651684,1.3404120772704446,-0.3589650161584088,51.57,16,0,0
-0.7461692127121854,2.9550914249989586,0.020586943878170283,0.8399427297953185,-0.7164598816982324,1.271492436713616,-1.908164483380606,-3.436541377446111,1.9584280459351078,0.28263618005295055,25.89,5,0,0
0.8677503378913507,1.9008201928964397,-0.7405394889850854,-5.59746121334637,-2.6715586940170564,-3.512890815892316,0.13972546420567977,0.9867942932178619,0.31019075974804555,-0.6931083221321481,130.03,0,0,0
-0.9624579902014174,2.1937875920374363,-0.8867046174641087,-5.2346832563090215,-2.468688030730293,-3.30182075103905,0.20910286495912106,-0.8008187587507589,0.9058288898930118,0.7528387634890457,20.85,2,0,0
-1.3413479994436612,-0.015085298899908395,-2.34659006851331,0.35378486482161714,1.90130928472961,1.6489448861783909,0.5251099070901921,0.09598574453088893,0.031035866362363995,1.287385331338073,14.28,15,0,0
-1.4449171693257785,-0.6213932292102136,-2.834583668940807,-4.186806799321144,-0.07282352535332626,2.406281292140683,-6.27875763800433,1.7020801629221203,4.922379390158421,-1.3039505337732755,12.87,7,1,0
-0.6264534830790803,1.1239178642105243,-0.3852176836148814,-2.519800738198747,-2.2987404615185594,-1.0057604313054593,-1.1717757195186906,1.2891918531869475,-0.2253022100000408,0.49361792146394745,29.18,16,0,0
-0.4477257354217567,-0.13199893597251866,-0.6637331453770937,1.3633340130891043,-1.810774287407643,3.6380992766333122,-4.982520730048521,0.21140126265632486,0.9190956427826082,1.8599319317187122,34.89,0,0,1
0.015512350703819563,1.4451241763652436,-0.89600242767751,-1.4316436723658061,0.27445587373871616,0.5560738681692612,-1.6452006855022698,0.02216783953729884,1.990295901468948,-1.291372605639791,55.45,22,1,0
-0.875861282201607,2.5623187642894694,0.7581611500607841,-2.028254940141208,-2.315413452706579,-1.9266925742587824,-0.4854932646175627,-2.1937790946494173,0.9791497440365087,0.08177734706519658,22.74,20,1,0
1.656064898026242,2.119393258796074,-1.3894996691996822,-5.595917327505698,-2.1302107506574113,-3.1868034267019487,0.2934702252833393,-0.1448008899958182,0.8620282210456631,-1.5362130967578365,286.02,9,0,0
0.3676766946077766,3.1071710191169943,0.3558549572959546,0.4475989074445707,0.09861831355297701,1.5687735074991147,-2.2318195035685378,4.114349108190108,0.24871789004452816,0.6608612521146063,78.86,16,0,0
-1.6253681309287678,1.7340427725178595,-1.2987518390157191,-2.91998310539355,-0.16589584548930625,0.034834949902883716,-2.0971071828804493,0.21864676454898868,2.5720247792901,0.0033179939259163583,10.75,0,0,0
-0.9124183926869133,2.9020791918604707,0.7012572947392761,3.045730057119939,0.8797628157135304,0.7214270044245406,1.8025324918592287,-0.7353077499931426,-1.4107660797948072,-1.4112364947627687,21.92,16,0,0
0.30630573190596005,-0.5757248596675137,-1.6582230259218105,0.5561392950112929,0.2759562435150784,3.190318402387137,-3.246541341627257,1.6165118511275098,0.8774340434246868,1.382586722986604,74.17,16,0,0
-1.5380442010454927,0.3565807630879171,-0.7387092982344615,-2.431946768940638,0.6133911820793287,0.37186726652769897,-2.4758278582679805,1.4324067154558207,2.831784357976681,1.5860614050983282,11.73,6,0,0
-1.7046127928244175,0.5253077761615725,-2.7228403689477294,-1.2050846357349285,1.251664967401245,1.4728826976849003,-0.7319643376417158,0.4397683894556026,1.0316081866196998,-1.499020272556347,9.93,11,0,0
0.42774091183713414,2.25341093779942,-0.09164049397104068,-2.1082600580579958,-1.4989330602553872,-0.6447724848493454,-1.5061924778392488,0.6162585626876943,0.9520733065831495,-0.14867411981909062,83.74,23,1,0
-1.4522448544682747,3.061485522181039,0.2883585968605358,0.5145222553921567,-1.86219561547628,0.392483302283688,-1.0827767128962755,-1.9275687988945258,0.10678938133216276,1.3281734926514386,12.78,2,0,0
0.34458119706638185,1.9963026292310677,-1.1358825701255422,-3.7396825315761135,-1.3661321980645846,-0.8261173145258855,-2.0866941283990297,-0.7770841443924736,2.506113306243013,-0.5287226715884119,77.06,7,0,0
0.056307533498058795,1.7419693308937876,-0.2852053277349271,-3.686983117704882,-1.8577044294190954,-2.0599273020824143,-0.6678944347594399,0.34457298819237303,0.9190691357833288,-0.5166140238831411,57.76,1,0,0
1.1773488958583196,2.269392324177212,0.1307980965267257,-2.205143782184755,-1.6230951621483398,-1.30436268734653,-0.7119585254746773,0.15678812051409197,0.6066080932305746,0.5045710064868811,177.21,4,0,0
2.0971054900686723,2.9805423497399275,0.6250908444533292,1.069496203583956,0.9665271647380644,0.44066130993426333,0.17284095409673556,0.39940744082857615,0.47322316203152737,-0.231916902468099,444.57,6,0,0
0.9100796426233562,1.603696630746649,-0.047714300921221975,-6.031582913600314,-2.0004614941266228,-3.57263682419752,-0.8571552155839076,1.2893202605186487,1.9654795823080593,1.0489001700220253,135.65,16,0,0
-0.7636358609263292,1.1551547747044526,-1.7551334543215238,-2.7244116329965578,-0.6373633689466651,1.9597745325852454,-4.797193577737904,3.2689415365293106,2.5497617095424525,-0.7661513909575868,25.44,20,0,0
0.22482575420930911,0.7608572434981236,-2.17437769916206,-0.7354637552127812,2.0455946280494417,1.6661987388071053,-0.8780488964359245,0.8445847954574637,1.6230003600837155,-1.4496941573685496,68.36,16,0,0
-1.4144412114687026,1.146272814068434,-2.6401280518889,-7.441927784948452,-0.23851579408651657,-1.9542053998313724,-2.136896964890794,1.910591507331734,3.8184319819118357,0.44269565281851625,13.27,16,0,0
0.30184360540128824,0.753992994116236,-1.7002005568678833,-2.2543441247005376,2.766370425155157,1.4115522888223961,-2.24682480401993,3.793243602206494,3.0882851048663267,-1.8728363241511363,73.84,20,1,0
0.3485048180970313,0.028881261558794336,-1.1479375673404786,-4.29287730200784,-0.17996498069791422,-0.6907719863333183,-2.3117130044988787,2.965887445979872,2.290607779159072,-0.7560243505023343,77.36,7,0,0
0.34811520298031395,0.9853850114332477,-2.172578456838031,-0.7500587306116524,0.08493815042850272,2.862953593776343,-3.6404186048865466,1.4800801469987985,1.736859370933199,-0.5452275205518341,77.33,18,1,0
-0.6423507883882708,2.7923839301355455,1.6602471083599852,-1.5746340090901585,-3.1474351031599292,-2.0623456046655004,-0.9234963686363611,-2.1193413635887826,0.6968867683178949,-0.9678046589514704,28.72,10,0,0
0.41787134533032977,1.9069534797127532,0.7270655472575926,0.19337665950691518,1.3418795754736992,0.9428417247895232,-1.7709677144396316,1.5187699409971518,2.168681757175426,-1.6431748519880982,82.92,23,0,0
0.4862613825304429,0.9726864565291521,-1.7732031858823145,-5.510316520640732,-1.4118593084349018,-1.781892372303866,-1.2701756363582892,3.3608848459623637,0.8784018823271208,-0.3003204498999811,88.79,15,0,0
1.1312956584402247,1.8183884537048398,0.384478115798486,-5.434770771954199,-2.6850367675305984,-3.4090348338209617,-1.1493038072456434,1.030592272299948,1.562134435292962,0.5479737360649078,169.24,16,0,0
-1.5071250486737005,2.406481333959732,-0.1181645444981152,-2.3947614073290513,-1.3186558117509084,-0.8915973292092658,-1.4030407225700217,-0.27945683717922676,1.551328594438565,-1.1072568401589362,12.1,21,0,0
-0.8250184631608503,-1.0166375458147847,-0.9820821303251672,-0.7800688988507674,1.118913107979476,1.205084127611363,-1.8786805094566548,-0.3272179495576426,2.3603948234508136,-0.320606189338548,23.93,0,0,1
-0.7930173528942289,1.1692262650345828,-1.4258190506602029,-4.449539399260728,-1.3577490972329989,-1.8049710942000947,-0.5356533817421837,1.3946761116628783,0.7390636469100229,0.9941451432916595,24.7,14,0,0
0.15255350321598793,0.3225601980099736,-1.1003263501107559,-5.699448406437108,-2.3482664496368963,-3.335766271251112,0.21252374504456825,1.7499474973353402,-0.017527212213169774,-1.1114827739544977,63.6,3,0,0
-2.218118077187125,0.5658442940428327,-2.131194574598058,-1.1640093909812248,0.9227742512699456,1.9352893462717813,-2.3244344458979698,0.4801199850289056,2.1024794503068396,-0.9692112284217808,5.94,11,1,0
-1.5405342885262157,1.1045744547032743,-0.5754409455648722,0.6346921106476751,-0.4882835430768364,2.0158601603573048,-2.656764985854062,-1.3820625793563635,1.5631170793588947,-0.9927636159735717,11.7,23,0,0
0.8953864523638886,0.8511295783520065,-1.3783755390232448,-3.9113069162054974,-1.16262461643007,-1.3012709725438838,-0.8683943303355288,1.2222046160327669,0.8943187240313409,-0.15004261299060373,133.67,13,0,0
1.0015327429882672,-1.527913290904152,-5.561604083790571,-5.823287031870269,3.601006261322233,0.4374083827909564,-0.3815599387649409,1.9678721971412223,3.401141562831408,-0.20318498828405818,148.64,7,0,0
-0.5871909300321637,0.09804597594929199,-3.0255074918295213,-0.860994610533895,2.5578893362137247,2.2004881202614994,-0.6709243523566458,3.2902371830964556,0.5941625252474217,1.9098271996392724,30.35,12,0,0
-0.38723524730981396,1.7197893750148787,-0.6142765588294619,-3.925355817642555,-1.9197651660317216,-2.0032902834040294,-0.6415156908787875,0.91674423875242,0.6198357266471961,-1.5017976759027636,37.07,13,0,0
0.8789499731355634,1.6493972933506622,-0.40278716613192067,2.063693296174347,2.6710334721242552,-0.07942784381221757,3.924369243724625,-0.07849316508495718,-1.7059361281384848,-1.0619371911686408,131.49,9,0,0
0.9777345621855148,1.6038659098321846,0.05720774823433228,0.417571556723212,0.8208301383862711,1.504323487745369,-1.9349913282845603,1.6911786839410454,1.3524383314145991,1.1930845381126032,145.15,16,1,0
0.7492967793435514,1.631410764173665,-0.5653676340412831,-0.8923909669609625,0.45302319509499445,1.6619651107476867,-2.8622487481173473,4.7977728062641996,0.964936826407259,-0.5350740581902752,115.5,2,0,0
-0.2016708617573568,1.786549068252698,0.9311978372356562,2.9006570428569773,0.722117869087912,2.3629022498633763,-1.5868104584286176,1.4840679562776797,0.07245926713885598,-1.3590593037754752,44.63,22,0,0
0.04869289469845497,1.8776548647040325,-0.33073082743765503,-1.1288548306151507,-1.9971274698076817,-0.05348198096859469,-1.353077898393898,0.2926163562049434,-0.13450372701030266,1.131104729808823,57.32,12,1,0
1.5259488314469336,0.898640172894998,-3.035372454753373,-4.2387910199732985,-0.3566581819767778,-0.1554048824582872,-1.1571584677769355,2.650932346349011,0.7297593892288734,0.32133341018280476,251.12,20,0,0
-0.67731965785989,1.194513397570236,-0.948918053720913,-1.061113849164218,2.4345888420895943,0.4715044815198406,-0.12585040842373707,2.2018500559008904,1.5938040699998932,0.19491364439441664,27.73,23,0,0
-0.3619517346626318,0.6620420889406187,-1.4933086561186988,-6.71695659516747,-2.3490826373007403,-3.9653304149815964,0.7189462668977904,2.5101862624946802,-0.2349366728201474,-1.6427438052039822,38.02,8,0,0
1.1435579419825066,1.612685301125936,-0.18036490252055914,2.171583925431893,2.6343524241633878,0.22454294914984174,3.128836031029347,-0.7970716472736559,-0.854902305666063,-2.637583305643183,171.32,21,1,0
-1.0058728166670734,1.770030219267967,-2.55912956161843,-5.594934580958749,-0.4620366962144643,-1.0112024767718195,-1.873201721851198,1.377427312002305,2.7051572476553845,-1.9684605978576077,19.97,13,0,0
-1.2764359300388979,-2.0363769553549966,-0.8066962696012543,2.937532496120684,2.1812292163902076,2.7280061826100157,-0.27523485929494684,-1.1224977759575325,0.2902706478463084,0.38306072063580804,15.23,0,0,1
-0.9090998810586639,1.2787474069766922,-2.1575462017256357,-3.496587366397666,-0.07079409184791041,0.828152621857311,-3.237370198228225,0.8886736288253054,3.1367999369467174,-0.022038483976630954,22.0,17,1,0
0.9830389767687685,1.5518409623330016,-2.052430076226998,-0.7612143661220611,4.352129862485056,-1.3655092837983067,5.2336577339197,-0.5003640014538964,-0.14893069269692338,0.15239487736221377,145.92,0,0,0
0.6114571357577818,3.2741442362252453,0.425104870850761,0.8331534718748221,-1.1143614906524906,1.5088028857555447,-2.068750525783415,4.042231857681232,-1.0318188877971488,-0.5467333031933805,100.63,5,0,1
0.7639099206029129,1.073118647277973,0.09747332743414816,-1.7812576156704178,-0.33568292335793837,-0.024201486822392537,-2.163222906344844,1.117725614297514,1.9771950429681797,0.3472192374320503,117.2,13,0,0
-0.1320752665515833,1.047253479016105,-0.9456085780484672,-4.185832600429495,-1.9947079291933008,-2.136941688894977,-0.41769507445701853,0.507199089326122,0.5053316493475914,0.27887894024528725,47.84,21,0,0
1.153808268622551,1.312640748259734,0.13477936467290208,1.9145699873850799,-0.057531117368881945,2.5906764143278327,-2.448836257119536,2.3166142818507742,-0.10738749487330046,1.5881085825782109,173.09,22,1,0
-0.21316283726316962,-1.2518113950415646,-4.125404373614149,-4.490477883272549,1.0349922053641174,2.2615243247737986,-4.477844603081102,2.834316897151146,3.6974473823790586,-2.0030622937152924,44.12,20,0,0
0.4265121908663768,0.8239211414730219,-3.1150409519439206,-5.872710448329516,-0.5639264458666411,-1.3169183225305903,-0.9315552895879733,2.459610336473988,1.352214227226987,1.3628019738188686,83.64,4,0,0
0.962697093219701,1.1883931432125272,-1.5017764618258023,-2.4291304218517276,1.3183130359521837,0.6374501124227201,-1.627767976644176,3.5925556836439796,1.7290389564125253,2.3793995849506144,142.98,23,1,0
-0.45876561989676456,1.026003752309905,-2.019861339133424,-2.066696814449965,1.6813113084629643,0.567572532935436,-0.2965610828315737,4.179847617894026,0.41505838542568796,-2.1708949403819675,34.51,5,0,0
0.5585908606666161,1.3580076018125782,-1.9913005932214167,-0.6219262933054215,1.3132899558085256,1.6959473515320989,-1.035916744682629,2.1754463390606986,0.6614942996694957,-0.30756657062157233,95.45,16,0,0
0.3169718757927315,-0.16238289056225952,-3.0951968364409863,-2.4276432735665816,3.815017792111333,0.939660694469019,0.20162001962298856,2.9657000567293563,1.9833124857744857,-0.2086331502341042,74.96,21,0,0
0.06696425334131037,1.6592400829957537,-1.9851216714987974,-6.721535598849854,-1.9033411696906222,-2.9522179561708244,-0.4505980602125588,2.847344074962005,0.7468532270242052,0.2071255260100386,58.38,16,0,0
0.05778584742341583,2.9879961662617704,-0.8576298399277623,-1.0378157976996016,-0.510898053336909,0.5627796108668479,-1.4687760917215709,-0.693062453274323,1.4335693805262064,0.16693433403198893,57.85,22,0,0
-1.3539627779358743,0.9704806563604941,-1.8718823010732442,-3.319470200298492,-1.4222640351748546,0.07000243359225888,-2.2005491569950113,1.7174521225446053,0.9134099277900186,-0.16433165425531854,14.1,2,0,0
-0.4975200510284727,0.8813165638459644,-1.4644638738598186,-4.438523940271695,-1.0886419241821872,-1.5321625831946477,-1.01553356760027,0.6675086492834043,1.5480445217725156,-0.9252185672033084,33.2,11,0,0
-0.3522293706057084,-0.5755429849665042,-0.9709417414598985,0.09974420383938228,0.30791331615638207,0.7961271099464112,-0.4117952396051391,-1.7085337061608936,0.7264831957035709,-0.554644940084405,38.39,9,0,1
-1.4904758753980127,0.547234294260416,-3.968539734549786,-3.275027084949344,3.566735584622119,-0.06141786046197595,2.0714253372398357,3.3406747423029337,0.4786158979317826,-1.0215446454576522,12.3,9,0,0
-0.31620308713646256,-0.018120504868387233,-2.7616927175542063,-1.960460400840085,3.055649298451938,0.5860080846734002,0.6688923508746218,1.356537693594934,1.5347349153408958,-0.8521542234899024,39.8,13,0,0
-1.700765661745652,0.7473181698867615,-1.6458442397340738,-2.064754588176316,-0.10916095927584446,1.0931927629733889,-2.6106135107771733,0.8995973776412642,1.9970841412959905,-0.00020571289671554615,9.97,9,0,0
-0.08037710734840219,1.765477188791814,-1.2190912547446535,-1.280914959890451,2.9948075774854725,0.0077040171877564845,1.0344433020063781,2.7213536667370564,1.0965049618863079,-2.340127469974444,50.38,0,0,0
-2.0227136420776244,-2.521918488490315,-5.3039774238066,-5.354393322814854,1.2532852844824214,3.447522439212303,-6.208822107476035,4.672406946197505,4.277916165351756,-0.464317321754731,7.22,11,0,0
0.42739171694702005,1.8412270687640333,-0.27747330233128464,0.8931326158035222,1.2559350991480558,0.41609913918063446,1.0440921413076008,0.10316554616008133,-0.16967330666005487,-0.9446566478819153,83.71,10,0,0
0.7707488596463984,1.0045284082297385,-2.4345069216948083,-0.07898467481121393,3.3327778539781123,1.4024630290892968,1.3409185464672666,3.0211158166544623,-0.20420286752840577,0.02234191383939905,118.01,19,0,0
-1.8062015104981917,0.682825152969784,-2.0130566465251154,0.6076367508470314,-0.11694257474811653,3.5337918118197376,-3.3448698365476326,2.922675895817028,0.05066658214923758,-0.29658764646488767,8.97,3,0,0
-0.8185364482978574,0.6010672924002198,-1.8016895002679594,-1.6562100990898208,0.6400496190945142,1.5663316727681604,-2.5938960866640888,1.2089610578101444,2.183545275520915,-0.6255602620644487,24.08,6,1,0
-0.4695471915937722,2.085667537632135,-0.8827127172228613,-5.11955525666348,-2.2378319482104976,-2.951895294357753,-0.08671361258865042,0.7009063039855772,0.6415969277294976,1.5024568693913245,34.14,4,0,0
0.5021211795483609,0.3366434946449991,-1.8944334803300968,-4.562149113580497,0.12022289158758492,-0.2826671961451861,-2.578300754086618,1.9926386700892211,3.0007416229280173,1.9407156218707804,90.21,23,0,0
0.15159875341781007,1.1400216155593526,-1.0209469227069796,-3.3781701047397523,-1.6300871774655996,-1.3046159047143486,-0.850254417722929,0.28226151221480955,0.7342543085140716,-0.91313212891285,63.54,22,0,0
0.7224438064092693,0.23894888322855024,-2.4851351932485404,-5.611819014030498,0.9852977358919082,-0.2757519608160657,-2.8908914902267546,2.557186465165022,4.071202112069729,-0.15804111910907323,112.44,13,0,0
0.07087746902601928,2.8554338506803796,-0.6126648490839387,-0.9657464020361,-0.638179879485699,0.9311545502316017,-2.53789999872854,-1.870612564425613,2.6069919325652418,-1.7386022824904919,58.61,23,0,0
-0.5090874396135272,1.3284632678753248,-0.44840052857536994,-6.33075289820015,-2.3191277896569575,-4.236521693350539,0.431718485350384,1.561597904190839,0.6440797466997129,0.9430908887075357,32.82,9,0,0
-1.0413160350078468,1.2834169943543583,-1.5404917366534154,-0.7396489442237939,1.2518902697034613,1.284472375924366,-0.9559955464403972,1.9764422581291492,0.8732196117652686,0.7722116023277111,19.27,7,0,0
0.2556153561711232,2.776631102158454,1.0799271002440018,2.765794679033399,0.6433418968573633,0.5275798269334617,1.3513911771978917,-0.5126814315028967,-1.075120659947282,0.438267232448497,70.5,1,0,0
-0.33488414982329556,0.2798982096843846,-2.4672854399753255,-0.7797786475175662,1.634516320669089,2.169938168828345,-1.511739122479351,2.3620670190560205,0.9885963855496769,0.4552597310470758,39.06,0,0,0
0.12839575627414423,2.067679525638856,-1.933909166340512,-1.4269524795602186,-0.8233099836586228,1.3924574563809557,-2.117447359744103,1.832200480021172,0.32655223366721675,-0.07363761442410068,62.08,13,0,0
-0.7025764890120705,1.0613540540042612,-1.5709602347357943,-1.100361102563938,0.08548475157600532,-0.15380981615470124,0.6427019590291458,-1.469072765823521,0.2837416054325651,-0.5795757293909486,27.04,21,0,0
-0.12891263042733067,-0.12246390059249301,-3.6604568568370484,-3.7167800527531205,-1.1384099854996181,2.4287823723543047,-5.181250937033184,0.8513068185727646,3.026980854629174,-0.46067829702937346,47.99,7,0,1
0.08943819202412166,1.0942086133586235,-0.46542781105412856,-2.5790815134334433,-1.2658564960172651,0.11538320515040112,-2.906597223447245,2.06560742761622,1.5771204611524559,0.8805690461447884,59.71,4,0,0
0.17157317546647163,0.4290525442466968,-1.761840901695257,-2.29622059170736,0.5976448004681618,2.775344272766143,-5.48932557441879,3.3521834198156224,3.734914038472553,0.5565798213731787,64.82,2,0,0
1.3839014682806359,1.1799815719863587,-1.3682969589675475,-3.7842035853416323,0.015333031858273616,-0.6087814180772206,-1.6900386253655943,1.3129395817191363,2.4024085889826052,0.733253319813873,217.87,5,0,0
0.9924963888623288,2.343046398413671,0.6883381057735851,-5.074614844957208,-2.957320376558225,-4.239425049677575,0.4390107744218936,0.8206155357453977,0.24853489752361158,-0.40576246268760685,147.3,20,1,0
-0.8849255424287363,-0.2939630851811019,-2.1200951023857075,0.44537734443396143,1.0742022001000937,1.8756309362576604,0.014256524981096216,2.7784471698446573,-1.3501595035256353,1.2212025645231366,22.54,19,0,1
-0.8828012168682128,1.2404935807386321,-1.506177429701566,-2.2860199655880007,1.4885442752812756,1.3830296010539156,-3.008615675702028,1.9252471760722711,3.447801131265199,0.6848204821178704,22.58,18,0,0
1.1519536914967403,0.30997675573942185,-0.7457785647838648,-4.925136960660973,-1.78718781921543,-2.0921569676754928,-1.4028053456452207,2.227233450635797,1.1288440756990012,-0.7545342910884293,172.77,4,0,0
0.5366095236337177,1.8070078941214192,-0.3403971331036397,-4.12919794285296,-2.335901618008778,-1.9127759971625227,-1.456432070814734,1.1985724916342262,0.9776585433097331,-1.2994498121234352,93.37,1,0,0
0.3715081879062937,2.6773148360437427,1.318575809189688,0.6729989874839364,-0.5237389189828014,1.91882188494546,-4.186315207182022,1.7554659865474767,2.285520190942832,0.6486869244441271,79.16,18,0,0
-0.024567921055599625,-0.06587383581921658,-3.085449861275603,-2.708050185900086,0.9205175214225433,1.6298153529374801,-2.4383243636810916,1.5015302454519004,2.1992590852055396,2.4186755734881498,53.27,15,0,0
-1.3084112506180137,1.5235290347676242,-0.3534561377288088,-3.4629390783276195,-0.9709744374356714,-2.141477883231755,-0.131708369315272,-1.47972219361674,1.828171810603188,0.24309007081891126,14.76,2,0,0
-0.31369797290216045,0.6500718787095247,-1.789281213044438,-1.1632497826685202,-1.1396127991340255,2.6806349780883796,-4.655973259613495,0.9137476938375657,2.0170723132928385,-0.24980279152307333,39.9,22,0,0
-1.769106322095524,2.1600073942097264,-0.8102382792001219,-0.26826600864632033,-0.20267014870698385,0.9557518289268547,-1.412008308122677,-1.875486247616965,1.6245219158655428,0.4827233282455869,9.31,10,0,0
1.293905895401313,1.800667385616865,-1.4958772903047015,-1.0549206526783657,0.13624123140648403,1.7727642505911818,-2.7853877682468102,0.48291163714421736,2.0889998257808355,-0.5036848887147143,199.12,4,1,0
-0.6398182305746458,1.5093592237958486,-0.034098775343319954,1.9269800404371515,1.312312286059478,0.7874806303619161,1.20400415415642,-0.9311994341894854,-0.34394673822555144,0.833075258843346,28.79,12,1,0
1.00328384479775,1.9217290738576802,-0.34041722119854123,-0.043447364808180074,1.949003091690826,1.0856956042293386,-0.652221677310053,4.00357781617155,0.5918651369880057,1.0245602038540012,148.9,22,0,0
0.7982919416822646,1.5760169719842108,-1.0209550446002773,-0.49260780402787463,2.580310337219963,-0.0870594372151261,1.4658611089486124,-0.4018932431613733,1.2957429891156504,-0.6983095135077124,121.3,17,0,0
0.44297311238170634,1.919886646487929,-0.5441191590356572,0.36176556500761436,1.376399023075577,0.7395271463166617,0.10684294832147662,-0.03996860548633885,0.8606676279717766,0.4335072317982369,85.03,9,1,0
-0.540740547197231,2.2968267980935773,-0.3324193437623104,-3.5874545178064703,-2.590823053576913,-1.9216659325673946,-0.9037701994140728,0.6640867079731246,0.3250110699941453,1.306485842917018,31.79,4,0,0
1.466747390078148,0.9239473554592029,-1.3735040819576183,-1.3513090839726556,0.9691555820795675,0.8646942196807341,-1.1570019133216871,2.2320412351023435,1.0557413450115216,0.23809547511520038,236.69,11,0,0
-0.00010002797314492795,0.6629643662433037,-1.7005422319269132,-3.4980777485242234,-1.3305584129864751,-0.7002113518680335,-1.0188969569150854,2.727601624331199,-0.1189203134075969,1.26570354890114,54.59,14,0,0
1.1806058984059045,1.854066904121378,0.35603999538013364,2.51001416192781,-0.5629782493768627,2.514948992152451,-1.945247425893689,2.3966680661278636,-1.1182179445798577,-0.20408239143882448,177.79,9,0,0
-0.2167855518359149,0.9057541725230481,-1.7995631671393695,-6.652778826051487,-1.138546854382901,-2.532445115378332,-1.2098840354095741,2.67893738372696,1.9631018648616658,-0.6839947516627077,43.96,9,1,0
-1.3423178505375577,1.6687548062419284,-0.1795695163378903,1.9846304588498715,1.3354397341479096,1.2075371856076047,0.7381040573711121,-0.20429184180876558,-0.35457882170411037,-1.4133780771528504,14.26,22,0,0
1.6743710501279851,-0.24277990997489995,-3.8412052209923635,-4.038906358363901,1.3624412433686317,0.6399425320590992,-1.049024730185842,2.7734262328858637,1.4959708430704477,0.45987031233419723,291.31,10,0,0
-1.457399452695147,1.5332231616360106,0.1789266994016081,1.1348692408041707,1.6606049322891792,0.30626379004658544,0.9923541973199024,-1.066113064909816,0.6898118478967943,1.1031785516063946,12.71,22,0,0
1.0596090180352584,0.9286045597673912,-1.1286896816999672,-0.5373306901398845,-1.2680810102697404,2.56210188010951,-4.384611611902612,1.4819682573051993,1.4304756446855014,0.9766270579356567,157.53,10,0,0
0.7691620580927357,1.1299458566484801,-2.093288841759888,0.402348107489969,-0.379725128090573,2.6735546517071374,-2.20802742707945,0.4676498445844146,0.1166359201898941,0.6091730708120506,117.82,9,0,0
0.06936924486746708,2.013649018263272,0.45624751352712134,0.017920330792849926,-1.4218562633787641,0.6726983781906206,-2.1786510428952304,-0.6370421863112907,0.9954028721192697,-0.7780051472364653,58.52,19,1,0
1.0816110689947036,1.2672036423907962,-1.6880931015819096,-4.061412976571067,-0.11804633446369461,-0.5921881395360044,-1.7276516497935028,1.3112088642823176,2.3535933350305958,0.4133801254776862,161.03,23,1,0
-0.5235533971674923,2.2607964386491095,-0.6027215009111531,0.18163374136209792,-0.6700476051915893,1.714915873356606,-2.6254342152665098,-1.4728228579859046,1.7827972128441183,1.118901030592689,32.34,23,1,0
-0.48163678038970853,0.505761404227268,-1.4497991212192183,-1.2671515120406254,-0.8240646775950581,1.054194550394165,-1.840198057453621,2.263701213681875,-0.09281587020981474,0.8283482414486286,33.73,8,0,0
0.4657469685330588,3.4522905369362533,1.4962979821284403,2.1779475440120337,2.2358195087531434,-0.6205399632867006,2.8341925965184274,-0.30889886871969163,-0.31514481547829454,0.0369635913193576,86.99,3,1,0
-2.6107916685367174,0.6859584208469378,-1.238589009446392,-1.8572004060198701,0.12722311451807866,0.5922529868299373,-2.009814009525905,-0.8550364860076545,2.503132287383651,-0.40358078844897316,4.01,7,1,0
0.162149271811002,0.2626401037785432,-2.247228759193617,-0.9550714719395055,0.35233431007906924,3.0962424809093796,-4.099876542789817,2.3440073494689853,1.9622140667633792,1.0316434680075717,64.21,13,0,0
-0.9868241140348409,1.2719704350083387,-0.5352259303761274,-3.2350151223589294,-1.5462608754916458,-1.5918601636217407,-0.523897452839165,1.442550472358261,0.23857226843496082,0.34792166806017916,20.35,22,1,0
1.6151667416018822,0.3007890103730132,-0.8773886242163141,-4.742083868427564,-1.1112947110749147,-1.9121221193138709,-1.2553795828621495,1.5959453383726665,1.684115219506137,1.0958553809805918,274.56,6,0,0
1.3286734748452,1.8205683528214744,-1.2209392851977985,-2.765583782974797,-0.2742498205516608,0.18822092047972672,-2.2503037434743063,0.7962642178769139,2.3144332128162644,-1.348116065421094,206.16,12,0,0
-0.7917650131832004,1.6533151541685498,-1.5419770052299868,-4.650142830364308,-0.9472628580771989,-1.8980040477731959,-0.2681945143664932,2.001511991783707,0.7649636153898145,-1.1441817156937972,24.74,20,1,0
-0.030663304609512405,1.1370753062447398,-0.20028975047286202,0.11457695795396956,-1.0588604550951348,2.7952069624158504,-5.30916279425113,-0.9369954181628464,3.2590959038845284,0.40474230354845614,52.95,10,0,0
-0.6991468605885653,-0.017400961699217676,-2.229265954339314,-1.2915430763847806,0.9445869639605022,0.6608737256580972,-0.022094525846307087,-0.06546194630280788,0.6599223730012229,0.7446558630940185,27.14,2,0,0
0.3050858757893642,-0.4370931085789469,-2.504219453910654,-3.2602179005036147,0.2487217230769243,0.7428571653711007,-2.2089269791499424,2.2184122502482584,1.6958388152358257,-0.9704408915846745,74.08,1,0,0
-0.8081952787369767,1.6991162529202055,-0.5979881396728858,-3.803920628974995,-0.402099004799091,-1.2375135001164774,-1.6665399257121492,-0.14231674712725773,2.9871460671745655,1.8086722641179933,24.33,18,0,0
0.5689207683156661,-1.324495847809086,-5.381858037868824,-7.003029044725669,2.202913995300979,1.5196744011929941,-4.236774516988819,3.9630306372155726,4.9594431616473225,1.001027396616081,96.44,1,1,0
1.1624472782672721,1.7002015508878094,-0.20858164664644163,-1.0960274903364493,1.0004010028593564,0.2558406816925143,-1.333461789426295,-0.786387742681564,2.811762176791466,0.26107226203156825,174.59,5,0,0
0.8489785206231533,1.4378017011930688,-0.47416699308043064,-1.3732406389877396,-1.3848691095470742,-0.13445654002622032,-1.1905741803366285,0.17688904972152208,0.3456379597462974,-1.2621763644111574,127.61,14,0,0
-0.3647914358244379,1.7874839535968658,-0.9094568533758787,-1.2788803033149603,-1.7600146664594682,1.7564665652288287,-4.0259898267221415,2.249696899554129,1.047004147350826,-1.4156087416425651,37.91,22,1,0
0.3058236417061891,1.8548563547413814,-0.567988946233303,-1.09188204381144,0.15204785616713368,1.2669634579320637,-2.821801640040351,1.3767792009304738,2.1753496843216062,0.08777844524313605,74.13,11,0,0
-0.500917298734119,-0.6171270603220294,-3.1321492318531567,-2.4404696532915184,1.7419263985357787,1.2972906804736302,-1.412302338232757,-0.19753625523363882,2.6035123391680237,0.6127957246903267,33.09,8,1,0
1.802997739171742,1.6285791397827094,-0.36868433158609304,-0.4856678278180025,1.3020332766989233,1.5255689134093842,-2.3824782428334266,2.3040824441145253,2.174173175951794,-0.7221830635747487,331.29,4,0,0
0.48386454829393727,2.2831238952206707,-0.054615465171776956,3.2315658728205863,1.5083311267271977,0.5791385395478748,3.405674273678732,0.019245950088787156,-2.804917882225179,0.4606911868518775,88.58,1,0,0
0.23916807285259573,1.8908191933483618,0.5822791149569726,-2.0308251419063272,-1.2362329708670572,-1.1366935895550752,-1.414653204977443,-1.353308585245909,2.082731886545884,1.1249281419874892,69.35,18,0,0
-1.5113168212577996,1.2753709334179903,-0.8728062292568837,-2.1212624437254832,1.9598442936067342,-1.0722841930062146,1.053548630897394,0.06059246694064879,1.8361379672884408,-0.8464987949566875,12.05,6,0,0
1.4855692284676996,1.3024027724218536,-1.4185179147991573,-0.704999481748976,1.279480238590083,2.2681778746476207,-2.820676405321155,2.798435757814473,1.9398006280099551,-1.705057234588581,241.19,6,1,0
0.33167223086647746,2.618748059102674,0.5320349027227134,1.7133042896360495,1.0197739910260226,0.7684334450240302,0.44743717251610127,0.4397480574998024,-0.1318832263680474,-0.08495056285015273,76.07,5,0,0
-0.7330902236401408,2.0191034442611153,-2.3048628182059385,-1.1979287733306985,-1.749217948966109,3.080766502391417,-4.878488704426181,1.8829446264949659,1.2256441942783136,0.23979413192367252,26.23,20,0,1
-0.05388377716221811,0.5129803486004925,-1.1440769104159492,-5.143696968561697,-1.2136071503653656,-1.9661531725036285,-1.2569437832661472,2.470876218594774,1.3914053979634844,-1.6670365186352636,51.73,5,0,0
-0.36546678198087174,-0.2958814874339786,-3.5675378672034848,-4.020379034527065,3.2257908770170642,1.3721561588906765,-1.8729246176307899,5.722238074509072,2.5766724033210817,-0.6330947990503342,37.88,5,0,0
0.6202111915743385,2.4535204518998013,-0.5768066133880061,-4.8242562454991225,-2.7407621716599806,-2.942373359535277,-0.3054987449531747,-0.01768799167436752,0.6550107051818005,2.494786533911148,101.52,10,0,0
3.2019715347614763,0.3295939249357728,-2.633778555399469,-3.847068120866286,0.31244227998800533,0.11494798912655613,-1.5151760316013612,2.4050720419535256,1.531830173490719,0.09810130683544242,1342.07,3,0,0
1.2885707509088995,0.16741764099358702,-2.794838231454394,-3.6727020793203167,-0.2145505020019718,0.8197364740659288,-2.55280759503096,2.914208618144793,1.4518591094512445,-1.0338899427740673,198.06,14,0,0
-0.056695582204091745,-0.46050857126234135,-2.451568134713243,-4.99213505913903,-0.3823112396573728,-0.8661909233922013,-1.3816717771015836,3.227508563558703,1.1676872583556268,1.7699259633917983,51.59,15,0,0
-0.6234402530464669,1.4620205646498037,-1.9513116230265997,-4.208185610000817,-0.7261510619288007,-1.0568904418748175,-0.9732072137950387,0.5430428230495951,1.601853064143352,0.9437796394790228,29.27,5,0,0
1.0052677927383822,1.8944859505302984,-0.009734631596009402,-4.825017926152754,-1.4561622355090065,-2.8401313860353765,-0.7623065571197222,0.40372610789439145,2.0695770450520268,0.3207131183674927,149.2,10,0,0
-0.5135434270756462,-0.2641645679668456,-2.0009964682883252,-1.8966243497481323,1.3607601898447255,2.1359740734424753,-3.3431365997952236,3.1876388451874615,2.510397205941791,1.4705637835571854,32.67,13,0,0
-0.9194390290153291,-0.11970390481391702,-2.9237332018282336,-6.681787084167144,-0.6327953331017572,-2.2411658955309477,-0.47226457272517613,2.113561808961783,1.543099097981375,-1.2572084583119374,21.77,8,0,0
-1.05317542035123,1.0058910365008291,-1.79651984469149,-4.577581892039106,-1.0331526620054936,-0.8344277764200326,-1.8796659227474417,2.6787961285319746,1.3722930092948902,-1.290976093516416,19.05,22,0,0
0.787464637158216,1.5206560592923617,1.4139252397896949,6.291668660531225,-0.5205577415019484,4.361634388042187,-2.4607369060214395,-1.0904761842837183,-1.0664758779692882,0.45225779987116377,120.0,1,1,1
1.7346287362727484,1.1640626951222397,-0.8400871015024169,-1.319353778736076,-1.2482967896681787,0.9241072610656424,-2.676269198963514,0.2979376054953774,1.2728671483665548,0.023728640559919315,309.4,16,0,0
0.3426975080931233,2.143210651097543,-1.2943578324072258,-3.3514678153984305,-0.43960403707186213,-0.2466969975168226,-2.199517029938839,-0.17074009916942345,2.8559180680634153,0.6267603371193885,76.91,15,0,0
0.2241312374784383,-0.08227778506888117,-2.3754977068456915,-1.721069877688438,1.7509938568632313,1.6010761111610825,-1.8089147131176746,1.0945838129457663,2.3357697894100005,-1.4896582646081526,68.32,17,0,0
0.4028741394208058,1.878889301764501,-1.4110073132284076,-5.166255315659866,-0.9355751933341724,-1.9724232770978034,-0.932144071262092,1.6735842862346832,1.748091667181669,1.0911716499294586,81.69,18,0,0
1.1414372879140127,2.082894252526673,0.2579016060098931,-2.691000116093401,-2.3169786644538615,-2.144307867902642,-0.2411601298925852,-1.4728808831276796,0.6402910478282022,0.49212061347617103,170.96,22,0,0
0.2517770352090525,0.6655521504567719,-2.4918763889903417,-0.6651275232511543,3.5177472910448424,0.621036924633226,2.121407277165037,2.1864349042867293,-0.003297193775880114,-0.9807209129792946,70.23,1,0,0
0.014210988689183655,0.8448932241179901,-2.6004998802459256,-1.788412142470616,2.113302348951726,0.1021044901604955,1.1945432010353636,-0.2648734578695524,1.0631659090383467,-2.141036541733546,55.38,15,0,0
-0.9150023671037526,1.4892301197433975,0.4363867623373183,1.5534426484144386,-1.7666968054376906,2.9274570622563956,-4.424700716302487,1.6367335533320173,0.48801179058684907,1.5292325985156408,21.87,21,0,0
1.0569127321835146,1.1902714762420405,-2.443305122863026,-2.1193081172509642,1.5815942539667804,1.1785027775485402,-1.448445377759625,0.8046134040872421,2.3728940100279043,0.16152825567352233,157.1,21,0,0
-1.9868667421197581,-0.5648016448219122,-5.052383143116159,-4.82790195087267,4.293387957195779,0.13396951024129056,1.05335146608982,1.96605425915754,2.6933712831339607,1.349773578085668,7.49,5,0,0
-0.9862090937841721,-0.11805849135516477,-2.8482735662180803,-4.7662031240138525,-0.8666826130753511,-0.6057318796200094,-1.3067331045390014,2.9132324235132727,0.5774463836457812,0.7233921687693029,20.36,20,0,0
0.3388107803127971,2.7717546442620487,0.28657756602105655,1.3546786304475196,1.1138574882218677,0.433909050067397,0.9303553830698956,0.18909101825360985,-0.18173140997125103,0.6322449715915879,76.62,9,0,0
0.7125652011759346,1.685216645575555,1.0043894144458931,-2.5747930797979937,-2.1509412987868637,-2.233524494659762,-0.6735704135424923,-0.7886037869954998,1.015757135570916,0.692433836157556,111.34,15,0,0
-2.281937105900362,1.5987882864779261,0.763917148276382,-1.680299540634205,-2.0844436886818527,-1.3416565531264744,-0.9734268777714582,-0.6596302029294532,0.6248446757719798,-0.8599222986740228,5.57,6,0,0
-0.5932186586822191,2.836415123544797,1.0449367804542449,-1.1277282196772456,-2.892848175480264,-0.9596443968740216,-1.5324064399695527,-0.6814359720665788,0.27962103571770125,0.06775775692966853,30.17,4,0,0
0.22628109911679536,-0.4841784357706449,-3.4877835812936997,-5.330373438870034,2.9271958687437882,1.2281717116477657,-3.708595107092723,2.8478790033244774,5.5377847334487385,-1.5829778619641248,68.46,15,0,0
0.9680566504746629,1.370865260559903,-1.1846477793876755,-3.5100034665489184,-1.3714723731117857,-0.7696201147564099,-1.6169190861669063,1.5247934545654225,1.0391303038598694,-0.326333622521272,143.75,0,1,0
-1.6944125168657054,1.2837804247695934,-1.4077121544615698,-2.9548057160980106,-0.962662231370069,-0.272131605679096,-1.5791534259681546,1.0074763741790849,1.1486850003589895,-0.5397138770829303,10.03,10,0,0
0.6304614438763625,-0.10128559859084629,-2.038301733544733,-1.6927325817240115,1.8864932899325941,1.9059706334508446,-2.7500589004292983,0.6860671402780056,3.4059334242177437,-0.011567975421485502,102.56,22,0,0
-2.0783525353961627,2.0503148960681665,-1.3678779429953094,-3.0057627569286427,0.15979586382791466,0.2967168137234715,-2.5074181141617995,0.31076550520381774,3.1551743673665253,-0.23054722178005846,6.83,16,0,0
0.7116589081170472,2.2013841589054666,-0.21269756659214545,-1.9496390147318912,-1.5042812111739043,-0.19230618065763294,-2.182217496251807,-0.6357987844714785,1.7863162013514864,0.285605670881401,111.24,9,0,0
-1.399303219859182,2.6361918442723793,-1.3258686845075323,-3.125873971790932,-1.2545160938073339,-1.3948595262444503,0.08159774137472102,-0.19432826310294393,0.4522314009282392,-0.8736507740413907,13.47,9,0,0
0.35406199123323734,-0.09679314102499736,-2.402123623013738,-6.790506780764015,-1.5903634100159152,-2.0020836505740465,-1.5355006429561902,5.480838118979254,0.43907660538273063,-0.40152147223842677,77.79,17,0,0
-0.6139689252700801,1.0298130447994682,-2.236814409227888,-2.2793422452819794,1.0196166095246826,1.2156886339146202,-2.1527075673789127,0.46477267618260465,2.6992149383825716,1.3356513329381323,29.55,16,0,0
-2.517152444177263,2.8774838954623183,0.06222364054288776,-2.317032729445038,-2.2897075528678172,-1.6549516596492067,-0.46851564772126963,-1.5839784600921025,0.6586553955100508,-0.27077277463534294,4.41,11,0,0
-0.7293297473147894,2.6449438689605316,0.32876094427201075,-2.4709888258453883,-2.4385848369388654,-1.7239238811352178,-0.6285579923415029,0.5990612048120264,-0.046749690448804504,-0.9916176160853337,26.33,17,1,0
-0.5016708197500365,2.6161362951374243,-0.19052089001219574,1.1962023880389507,0.6452994449767847,1.6125471980847346,-0.8494642866578267,2.3119213544601553,-0.2603797991195551,0.906922309436288,33.06,13,0,0
-0.300975328801239,1.5555110904146008,-1.7648475838670006,-1.7946752928449536,-0.03963019749468932,1.1402392299325814,-2.3516774671117573,-0.5354862150117259,2.318843851751094,-0.7667368388656541,40.41,10,0,0
-1.1664114174316351,-0.3740614630547263,-1.640524525942304,-0.143604484997397,0.515153276148611,3.388134706631818,-4.212047632925812,3.435141277352442,1.470973917324215,0.8260230854631828,17.01,9,0,0
-0.7110303006634022,2.0075311433945036,-1.5579996290819218,-2.9935715165102814,1.4843017789584407,-0.5783302343524204,-0.042373887746065125,2.0445086394888032,1.7222784373728717,1.1440598586462054,26.82,8,0,0
-0.5998709203911697,2.198053735646019,1.303690558246742,3.01543112519115,2.6851691120266894,0.7063614060607137,1.6590933756036161,-0.0852870198335578,0.1423491935234813,0.0668651637064945,29.97,12,0,0
2.0200045917320453,2.456969786719519,-2.4369522064592726,-4.007432023413332,-0.931431912989976,-0.5208945746484446,-1.2480665829646462,0.2422698086451216,1.5343865328360105,-0.5588163259203215,411.58,3,0,0
0.6702277373098519,1.8432373462077116,0.7720311743754267,-5.795670017051798,-3.28725204083137,-4.524063622192998,-0.10633754827867888,0.8053418713717382,0.7602494091788835,-0.3470145857196174,106.72,1,0,0
0.09328378353973328,-0.055241166407200115,-2.3566610715998677,-3.6569996869123056,1.6771017159791588,1.1216768658136502,-3.306015310710006,1.0262608621556728,4.478086391576056,-0.0690851378004549,59.94,2,0,0
0.016885542219392095,0.6232980700061936,-0.8416142718162323,-1.3690297483770477,0.56399772986475,1.2230984694245792,-2.7807183630035612,0.6045795863853415,2.7226562449637104,-0.3343277312693904,55.53,7,1,0
-0.6767604031474407,1.3709317860528722,0.22675799440976374,-0.24491783029907235,-2.933974534907154,4.025026403472093,-8.699864063547265,2.453796356807154,3.1691943229787114,0.7173333538922039,27.75,6,0,0
0.08887420930870345,-0.8000675726833497,-2.3506704486384202,-3.404756395046134,-0.35501975046370604,0.9540534310665973,-2.920567288118395,4.159619555841312,1.0362225456730254,1.3041603075668233,59.67,22,0,0
-1.2926561619286154,0.5602726691409664,-2.9605462631100132,-4.653619814171019,2.546972624315633,-0.482065393461812,-0.34999571993599743,2.4546546539250933,2.898967518373331,0.16251532111947223,14.99,11,0,0
1.3153005364543497,-1.6227802344014717,0.7380141439133121,0.8443128859780196,-4.008518203678134,3.1771385507153203,-6.985026069094544,0.4423663891604639,1.1313249644146173,0.18933743463777958,203.43,15,0,1
0.11836262942404645,2.621097103038867,-1.9743854690874176,-3.1596731272750778,-1.5397303670043994,-0.49304298366011956,-0.9685661711157197,0.18263189762050014,0.5714963550638866,-0.5035180314946633,61.46,23,1,0
-0.7595176810466909,1.6449580252837852,-1.0030209034047741,0.24022890290819895,1.642182019621662,0.3514332075526845,1.3671044391495395,0.65875791437771,-0.24234035511026542,0.904598432582089,25.55,9,0,0
-0.5165774952156745,-0.862518350972455,-3.1517991140285,-3.3588477087506527,0.032933396859067265,3.418061109112773,-6.835126452411872,1.4775346870662214,4.880136926906791,-0.2610546923988072,32.57,22,0,0
0.03202197683904154,1.7168260238931543,-2.4164254319324057,-4.961523115288069,-0.3509696765415333,-1.2219674375033631,-0.9055620601248778,0.7627093972155753,2.0432566562303314,-0.3704012529129545,56.37,17,0,0
-2.250838296514402,1.911700487475954,-0.5421376737069691,0.955906859999513,1.8117621579572725,-0.22095537962581546,2.6026186614878855,-1.547707420942347,-0.3011136441433391,0.4147946802363752,5.75,9,0,0
0.5425890636720313,2.4879856088954986,-0.4815076894873134,-1.2607568401945262,-1.841196544796678,-0.24551676417037582,-1.167235741498821,-1.9338909407533722,0.8210920295373897,-0.0627533402052378,93.93,16,0,0
-0.9073855333552018,0.881214306504019,-3.2120817284541925,-5.87891598581172,0.5203095195926974,-0.38716944750341564,-2.324464263731538,2.165073728273409,3.3495828831991705,-1.2903638066374563,22.03,11,0,0
-0.3502116537466445,1.5615121110098666,-2.458588830315416,-4.89476456285682,-0.6500026469731213,-1.955380664580558,0.45262250558137784,0.09673513510057519,1.0117590760501174,0.42244812173597596,38.47,15,0,0
0.7855982323502286,0.782999536962917,-0.3685599489560891,0.1514338723731836,-0.6401245182731761,2.325643996815873,-4.023719209412147,-0.49796407791253205,2.3901432849732434,-0.7890153837050529,119.77,22,0,0
0.5224958153869569,1.0775430336376213,-0.505624349253449,0.6414059709616458,0.47066646071982554,0.743829891475011,-0.022146782646046317,-1.2036112806876227,0.42902703668608544,-0.25895725642324474,92.07,22,0,0
1.232391152984662,1.0087140791892246,-0.982056712402988,0.14917722030626915,2.625770013798766,0.9300903478812236,0.5713330494138072,2.28235382550006,0.5073022695147762,-0.6078991715418902,187.24,0,0,0
-1.2230748634150643,1.3336776374763746,0.49088779620617107,-5.3713705902420985,-2.7441818313011774,-3.6430386797593703,-0.6225790242156047,2.4210146527840464,0.5416576572071364,-0.36772527254730575,16.07,4,0,0
-0.9650712986982661,0.7015055906783518,-0.15265087420771506,-3.695685447278595,-1.8556192787589776,-2.0669589324979363,-0.8487439988733188,0.3862466341115173,0.9898948270285512,1.181291514579357,20.8,6,1,0
0.6159331615769932,0.6203470380175964,-2.203343661245146,-1.8465289177253499,-0.5236810907277949,2.561657190992112,-4.412052255462704,2.693850104504332,1.8675207215730998,1.6396083137502682,101.08,22,0,0
-0.14705331299887317,0.3639121150379815,-2.9841333697433696,-2.4119115376348463,3.0351091274623956,0.18187425285885594,1.191751280950557,1.7213952736138065,1.1997847362718073,-1.2426412663156303,47.13,17,1,0
-1.4282508844583728,1.5914096335910868,0.2732856691685466,0.9203915338442118,-0.8257397735842729,1.9938250778273885,-3.2507738050268964,-0.8209999491935724,1.7135673514605902,-0.06438580546453136,13.09,11,0,0
0.3755718755636108,2.285003773599864,-0.6877836402829415,-0.39512040297914514,-1.3477639758936661,0.7717328991273138,-1.623418952705732,-1.4477470254972558,0.7778229289639906,1.7681629647126453,79.49,4,0,0
1.1615942978508018,0.4111395365957854,-1.760397446456956,-0.12405532599669379,1.9086702776128035,0.8061945429821873,0.8098063362584992,-0.6102456473169613,0.6625526838893181,0.5257575143287767,174.44,19,0,0
0.6232489622043275,2.9183478235835625,1.6478677758716167,3.9985353377383053,0.6623693145494434,0.2818610877509239,2.4208564208290446,-2.770822216698493,-1.3815069981641257,-1.0059480553671225,101.82,8,0,0
-0.407604808795812,1.116557958661099,-0.21703451107807603,1.5186095594635902,1.051452443125359,1.736028584489841,-0.8150629546420033,0.45461102123259,0.45304859626407457,-0.17397844231558546,36.32,18,1,0
-2.429445037351875,3.1341345525987716,0.30557259745399823,1.8099307479256994,1.1077521171523796,0.6758216623402371,1.2195093939171708,1.9656966923762749,-1.313436436513807,0.6364674126472736,4.81,9,0,0
1.0223653809088413,1.8767873236741646,-1.285404301968539,0.8900067256662958,2.2388948729099214,0.021152413303632933,3.1797946183274854,-0.2587004958072052,-1.135648460709337,-0.9689125022489361,151.77,3,0,0
-1.0549278326889944,1.418083154146455,-0.3469656772518117,-0.12476513047762608,-1.0131989881365222,2.758537748140183,-4.8691643398074484,3.1514991684994538,1.4613106533717302,0.5375461523940033,19.01,11,0,0
-2.069810263328649,0.2401233675762825,-0.01694475321801092,-5.4410388075247,-2.2684931891097317,-3.1056011214217443,-1.1112707889667073,1.9237213459296831,1.2152058619870774,1.1612296858746491,6.89,10,0,0
0.42319994210372597,0.7936509446890441,-0.9262376757392718,-5.712528668141894,-2.4015042639705193,-2.8461649202814456,-0.7943610646124808,2.9415772764712997,0.3114410451162346,-1.8279416016245615,83.36,14,0,0
-0.8247075181785952,1.635884012622654,-0.7859783147527166,-3.2843706973448925,-0.802321489553323,-0.7625853862102185,-1.7509195185071527,0.5895642782319322,2.045179684406461,1.4008048218677347,23.93,6,0,0
0.7742261875812042,-0.9876782607286747,-2.075392171515411,-0.3133984073943056,-0.21841389375391151,3.497069874271011,-4.785449659120917,-0.29720276179238825,2.6076643602150753,-0.2064805395886833,118.42,21,1,0
-0.31898269152333986,2.003573601928688,0.03418380884627581,-0.34585458838634975,0.4557995968339711,0.9754118049841289,-2.0629059806177223,0.46176414814387867,2.086845801529767,0.17456936535642142,39.69,5,0,0
-0.561808354847842,2.1640153523891765,0.5573005814004677,0.9575079738864951,-0.3168473213780545,2.0992995770483756,-3.3807686690141336,0.8077052751548358,1.7381407918721097,-0.21307116888930658,31.13,18,0,0
1.7209580897074337,1.6145978945437776,-1.2031523493391802,-1.0534525101724694,2.7951858514707295,0.03856388541500588,1.1044509250361594,2.122086155083384,0.9797431216018286,-0.29379583106839785,305.2,14,0,0
1.1800041892133204,1.0572002225781925,0.1164076564837182,-3.1549376726600706,-2.979146258288277,-2.61109164317721,0.23668729285179443,0.39800179177750006,-0.8987579482475814,-1.0055910559064472,177.68,11,0,0
0.551794992838638,0.5599088589131,-1.508097608602885,-3.397318104573996,-0.9547032938975666,-0.18039799863398076,-1.9745251428907962,2.977899741495979,0.7941228674643759,1.3906580822443415,94.8,13,0,0
0.45543672983794464,2.234379201427883,1.0966136772567,-3.2331822389896514,-3.5101993468335637,-3.388216112708192,0.3539187889539184,0.0836328230488772,-0.7468595519373138,0.6932559597247249,86.09,14,0,0
-2.7683006042466807,-0.10250566338373868,-1.6908845422058283,2.1532200009033216,1.5085432461638664,2.572446528111007,0.2464704103990138,1.3794955524833192,-1.3674238178085607,0.3099047684348756,3.43,10,1,0
0.49903711801844497,-0.9005256728234561,-0.3371736929544016,-0.3001926458445056,-2.4043609869233338,1.470342351158524,-3.5713756415899054,-0.7920824012556253,0.8014582853539387,-2.624340711704914,89.93,5,0,1
0.29146979540102275,2.030029582744026,1.543782799064261,5.256036710829695,-0.13163894747465843,1.7885469518410861,0.9617727535962206,-2.7039140862852733,-1.867655719389728,0.7092824329180324,73.07,8,0,0
-0.7468826598920104,-0.44515661293115216,-3.4774812245494955,-1.6728472557710474,2.0722928992229273,2.764519449020505,-2.383288978443678,3.179595598151135,1.6805066936136193,-1.393416572890404,25.87,9,1,0
-0.6180580387195448,1.3973738722638789,0.5337002830786799,-4.215328358452408,-3.067702021109824,-3.8971344253763567,0.8116863816272614,-0.3607056464413543,-0.2834303534732525,0.5545117047958157,29.43,13,0,0
-0.9422000512236259,2.693944706069095,-0.11537981520695073,1.0095147345088618,1.1052358654853236,0.7775251879545395,0.6508763271603354,3.1346173662438592,-1.1339345509355565,0.8084832217663843,21.28,18,0,0
0.4372372701934892,0.9329448167370689,-0.6263720932598517,-0.7411163076222297,-0.29773664740402994,3.2349721408374164,-5.9118430406188125,4.1209059310003475,2.6124545309994915,0.20403319718243854,84.54,17,1,0
0.5124879439568876,0.8341825791649096,-1.465244278304682,-0.5021219334599233,0.7129184753626138,0.9823749671808432,-0.5829155192608411,-0.08723769758312838,0.824349148346158,-1.6544680701614998,91.15,19,0,0
-0.589032726454568,2.048085466556284,-0.23558621235262722,0.5198060044168017,1.654497143382758,0.932421493049849,-0.054197336441936535,2.424367868679283,0.27952699812147797,-0.8681329232823213,30.29,12,0,0
0.23514831655990495,0.2454292608587546,-0.3104517883270629,1.7965430258063284,0.7968639354978204,3.121608247054307,-3.0160657021007236,1.2367523496284056,1.2273156378757921,-0.8263805885649275,69.07,19,0,0
-0.42400344545806856,0.9823880261799579,-1.9300718903218437,-2.4844109490663833,1.7536568550088294,2.015281002870471,-3.913687558832966,1.826171514553431,4.274222193266729,0.8512438820192968,35.73,4,0,0
0.04737031816886897,1.5210277438986803,-1.2242324932533148,-2.5289706215822267,-0.538868793918695,0.48493068788258054,-2.6271865047125504,0.6213518809032872,2.2675941215355584,-0.8735902337525638,57.25,12,0,0
-0.6653511968102147,0.4041460633454632,-0.47284784729499674,2.379088725815976,0.12640665760233838,3.0771694088526447,-2.4402573701357335,-0.6963924105120838,0.639731081242273,0.2352228100829546,28.07,9,0,0
1.0889347030321028,0.2861482355984539,-1.0094827369243053,-3.341353639332263,-1.5034316774890666,-0.7291626382862191,-1.5804483019680742,3.1223679831508333,0.13621751179220842,0.5144483124451694,162.22,6,0,0
0.6507394341868602,0.41813189525357597,-0.773959956511284,-0.3252544954682049,-0.04395979349984924,2.8957617944252427,-4.928850078624747,0.7339169347837915,3.1201373145417577,-0.29526344523127096,104.66,3,0,0
1.1488344790339582,1.4147068324078704,-1.7120777278297672,-1.739075761187047,-0.5129456951362108,0.9768851035323529,-2.2096701601860205,-0.8697123171985541,1.9281063791287953,-0.09411961647950086,172.23,5,1,0
-1.0812804901993305,1.4541950865034117,-0.4866314882339997,0.6730940528072357,2.0618854924176575,1.3904320401711998,-0.40635027816336733,2.005508854008169,0.7940516226566688,0.889372425120841,18.52,23,0,0
0.3308536183974675,2.7227342962404544,-0.2906000196105074,1.6162131426351525,3.058082799810024,-0.020691566723378907,3.5464992431802753,2.186119512392586,-1.605046533574625,-2.1745884114193474,76.01,6,0,0
0.3895657327831807,-0.1639421067885567,-2.920770307009728,-3.515024752560527,0.24322447339932562,1.9635364353029416,-4.589394328042629,0.1867382906711086,4.2085447036209525,1.301585229786593,80.61,4,0,0
-1.0564875321557154,3.1587833222072605,0.16742490425342194,-1.0410578027164994,2.830225134552834,-1.0046095918121016,1.5436451088648784,1.6443943014308013,1.584227408736427,0.6233514359327311,18.98,6,0,0
-0.7543254486096556,2.1233157492286607,-0.22333987875113548,-0.28873637253494233,1.615245625188507,0.8025263800336312,-0.9181667569238733,1.5289142220989738,1.6909206590479104,-1.2604302776669856,25.68,16,1,0
-0.8039371428317299,1.126632138420944,-1.819677757866527,-1.7598739179873752,1.6426368225550607,1.4405317370958033,-2.155076354229232,1.2626026180843806,2.792776572280985,-0.011071661780398746,24.44,15,0,0
-1.3751013209756136,0.5018569203394128,-2.711206674079752,-2.0115492794423058,2.2970720699559886,0.22510239214419836,0.8365491888357983,-0.42157783261990134,1.5839355523401801,1.5326874249345614,13.8,11,0,0
0.14225037216900385,1.8909434836706627,-1.0453290710796994,0.04104593714506826,2.934352552927508,1.4828628229162442,-0.27294405567746105,3.568412208809659,0.9841850688751408,-1.7328112311284867,62.94,4,1,0
1.0940416193794167,3.3879908585675986,0.35156114932126337,-0.4319313424000133,-2.315490206376084,-0.8672754452520085,-0.041445459005823235,-2.0399108783746938,-0.38473175390954384,-0.037554477709112744,163.05,21,0,0
-1.6423342386457376,1.6772613122812818,-2.5389989077022426,-3.952063267471313,-0.0908569901628995,0.021592350529044513,-1.8812852209390492,0.30064571005703833,2.5222634942401445,0.23236805205829275,10.57,23,0,0
-0.6377350055821032,1.2183853569759506,-0.9064278927914502,-1.7497781935181143,-1.6625867688338873,0.4518244879924209,-2.23473264404424,1.2185781351369362,0.46370979358755016,1.087626441257935,28.85,20,0,0
0.21868692722644772,0.32100748221669995,-1.850849686145035,-1.7316456781405425,1.1970550791124464,2.1656496995624783,-3.50336347155596,2.249669925044209,2.885853819508364,0.037849375172318483,67.94,15,0,0
-0.5426513062433572,0.38755276479104006,-3.0190958595244446,-9.724070855346335,-1.171929096484463,-4.452839678220802,0.10277955878674994,2.991312493256216,2.0573256572255474,1.8603165338647047,31.73,14,0,0
0.2813593009213103,2.230570543282263,1.8257431690218586,3.5844384450185176,-1.8274362356651135,1.6012995233527547,-1.5880768391105224,-3.3861310443653743,-0.11417753920353424,-1.2040223103520158,72.34,20,0,0
0.8370233534405839,1.2934064989100902,-1.16534853597878,1.0052835190909297,-0.9447255800696694,2.2267283604365185,-1.7057500914795825,1.6175935762771267,-1.1236008813567568,1.9471575259205016,126.09,10,0,0
0.9420402751203121,1.174763960913507,-0.8231752332118265,-5.127684897058154,-2.2263485831370033,-2.5398733403966,-0.8462453871153133,1.8403620373661063,0.6824991519808811,0.9899928396242882,140.06,11,0,0
-0.7790916397189709,1.0157774580877372,-0.7563926486201498,0.4742108831152093,1.1398480782311702,1.574818037253445,-1.021810748785197,1.503854970401673,0.6200283146224729,1.40420289585075,25.05,13,0,0
-0.6042302589993529,1.0096672312389732,-1.3776805434892776,-0.9006695180007253,-0.3447528836159195,1.5137774835909414,-2.3772284256616176,0.7075240739242576,1.1854678808053143,-0.5307053924541255,29.84,17,0,0
-0.6918060372013732,0.6877575259994225,0.4267552735356195,-3.726046433279434,-1.502520427860037,-2.1604925073044914,-1.1249952091490825,1.671137977624495,1.2248850356575676,-0.7380007073234346,27.34,0,0,0
-0.1337486250722978,-0.15642143526825403,-1.5551497855297465,-0.7785504790583175,1.2009712465221607,3.031414486314313,-4.242870925179471,3.1136833736201086,2.6113717511608234,-2.128095229019889,47.76,5,0,0
-1.2808386666450347,1.4375672755912074,-1.2632360194550911,0.3126681364364474,-0.05130531455731191,1.0140333280228149,-0.37907708855552325,-2.7385186948918046,0.7705479800895045,-0.1290504909956563,15.17,16,0,0
0.4584261588029731,-0.22166006145247685,-2.4877038330050447,-1.5643233967972197,1.9113694985867455,1.9718513605571915,-1.8570294666425973,3.675677790483971,1.3322429353620422,-0.3970426896620494,86.35,17,0,0
-1.556378273763756,-1.1540252087379355,-0.9803918387214494,-1.456692803226168,0.18798871379387916,-0.8198073482796489,1.031636130173894,0.9926594258619071,-0.6654946159813397,-0.5401784320369173,11.51,22,0,1
0.7276775174250637,3.227278391800273,1.9408763067774422,3.350125386333229,-2.86196530653487,4.42834480569958,-6.638030166407847,5.25882482319747,-0.5155382393015915,0.055226452034486645,113.03,7,0,0
0.8744199675520294,1.186009451823909,0.18008766500515194,-4.4055875309286705,-2.303636352477965,-2.9310037214876,-0.5965907057854342,0.06923451427509542,1.14168311517829,0.38744884310498273,130.9,1,0,0
-0.3506750695347964,-0.9003105832896654,-2.9923272327244756,-1.7942524217926539,2.2899371720361144,0.15981252392010892,1.5362558335225467,-0.06588070251996081,0.5595944522788859,-2.090784622584245,38.45,15,0,0
1.5760588983561326,0.3896775693920823,-4.401400286553347,-7.095274157022724,1.2730462764521655,1.0672863129873378,-4.8765532889572505,3.3893058551307256,5.483573333988509,1.674877693441889,264.03,7,0,0
0.19852065282628528,0.148877837520365,0.09135499282679693,-3.358697545106346,-3.1283928343901692,-1.5565222528332805,-1.7326383823888727,3.2584703001325925,-0.7318268099340683,0.7207372784919407,66.59,2,0,0
0.49630955573939295,1.523630036261451,-0.543984197509219,-6.254030251777395,-3.062597997947836,-4.019091226991453,0.11356850527580366,2.3707133052971914,-0.13632279688970428,-0.8867509409318157,89.69,6,0,0
-0.8098543931260357,1.7781091554461013,-1.2445100463417367,-2.639635972034938,0.4722009485373243,0.8673564672553207,-3.083281726699004,1.408599110890287,3.211319907632478,-0.7221720580445681,24.29,22,0,0
-0.42043084930003527,0.538858227452845,-2.614327035383984,-2.1930302471792515,1.0131923268420384,1.1850538232531782,-1.543799288815865,0.7473071541541738,1.8945635850043367,-0.09544504606595976,35.86,11,0,0
-0.4805095168423573,2.071670237851458,-0.4072142685314515,-2.2538234864523057,-0.7258369210198685,-0.04726070693432782,-2.377097760686129,-0.49831673445676516,2.605674548925797,-1.192600088158779,33.77,8,0,0
-0.8690889803555777,0.6185501133302705,-2.2472692447021982,-3.137771599721441,2.919588900670339,-0.12277825108583373,0.03268295291059024,1.836507816750981,2.621991302205096,-0.8588987295418083,22.89,20,0,0
-0.309251479348009,2.264652436103531,-1.310447753083711,-0.585076309967539,1.1414372147263643,1.7004941615179738,-2.2090792189776565,-1.4184426742260594,3.130837236794614,-0.7749626775094508,40.07,14,0,0
-1.9098854259448446,1.359892536564287,0.05585510142760075,1.8943331526526908,0.2914887019328859,2.0817338567992705,-1.4147712265746963,1.4608888822941126,-0.23224314120936418,-0.12195594658034291,8.09,19,0,0
-0.08692794272242631,3.319917104967767,2.0202923523132625,3.5743797178255146,-1.172500681514322,0.49296888026065855,0.6077987626530925,-2.5060910159204814,-1.2972591704558567,-1.1484746322144324,50.05,2,0,0
0.5147374095357944,0.8988760469179653,-0.21119817190826184,-5.427225055363932,-0.8586473784656576,-3.0703389114570037,-0.7311236978369117,0.10232178097960576,2.8288837685727666,0.20680970601971976,91.35,20,0,0
1.3320018345033222,3.5031981382265425,1.769677539950041,2.146199114526986,-2.0424377387075756,1.2917165534009245,-2.486101747580209,-1.506369789894909,0.5177373964741467,0.5260384472824555,206.85,22,1,0
-0.4395448788056691,1.649922301212992,-1.2206239923801558,-6.102924375575713,-1.8466256106085939,-2.9670743299512226,-0.6951168578446455,1.3994451602440736,1.5045679629650657,-0.5695178716132446,35.18,16,1,0
-1.2318841172008927,0.6363783007626604,-1.9224171875351077,-1.0255343167143356,1.7229974637922507,1.6321578714684157,-1.4072470151823477,2.083460754418484,1.4931435401042257,-1.9177269923519582,15.93,11,0,0
1.694715602196322,3.1981711332557268,-1.2267217826022305,-1.8441927883979374,-1.9097165150486384,-0.40060497023831565,-0.5616799889616884,-0.5263461256598219,-0.13243713420141234,2.044438367717385,297.29,13,0,0
1.4364319803253103,2.382587692259396,-0.583581432568332,2.640672080616468,0.9989775083781149,1.5126476310256534,1.562192300107858,1.6229978582872495,-2.417760276493903,0.11892805621614033,229.62,6,0,0
0.942365111648613,1.1344188371847805,-1.8119582641418706,-6.687036295665234,0.7448183981127627,-2.166014575024997,-1.6793937968089574,0.24837749187012093,4.884592331860731,-3.102587596555381,140.1,10,1,0
-0.35691899451751624,2.387452077069929,0.1576062134941154,-1.5467126042688129,-0.3522763998580264,-0.48261217381757093,-1.3214301298808089,-1.3914830150244295,2.3775051142803325,-1.4283802627094775,38.21,0,0,0
-1.1543054019409145,-0.08781851148309028,-1.730592671534132,-0.006934808574781285,-1.5251405115159014,4.269867345489956,-6.08241003946413,4.274982277309718,0.6801535006043438,-0.151429814919046,17.21,12,1,0
0.5960355167019727,0.06633553979231044,-1.7239912932590955,-4.086463419418263,0.2922490298698348,-0.6872867995749595,-1.422904016662022,1.6718926052278555,2.2173683554549113,1.3616162683368076,99.09,20,0,0
-2.4488904714335726,1.3989362775146321,-1.1797566780436701,-4.192727765069714,-1.6902075928935345,-1.3830086353650994,-1.3566198285156386,1.6970412426860975,0.9061987169955998,-1.353767709846096,4.72,22,0,0
1.0786572553686316,1.055261086480825,-2.0455154984056216,-4.21935238006862,-0.9360906954643481,-1.0569144711918894,-0.8058130347520143,1.812916188461996,0.7289764069237679,-0.16810658769568734,160.56,15,0,0
-0.5762578972118864,0.6284514313760148,-0.07408104154448436,4.450477213553282,1.2236157690489546,3.08870738663766,-0.2381418769672245,-2.074156340824744,-0.45696785682387064,1.16370042282694,30.68,14,0,1
-0.9024726354959927,1.2930658541920528,-2.5863323914388525,-0.3031749918339805,0.8285962257327129,2.962153006640164,-2.7913549511178033,-0.2527845831976252,2.051194795433818,-1.7634023685025155,22.14,5,0,0
-0.3954233218668882,2.7170340332548015,0.5894787397759309,1.3923973153667848,2.886245314631001,-0.7236544818034292,3.5024113679447826,1.7356499910889251,-1.0567285601489995,-0.006937348350133864,36.77,13,1,0
-0.5783768734140817,3.5862010194177625,1.2210005021682588,-0.5576641073774066,-0.13480891977628184,0.2639075493563,-2.3137692509221264,1.5198991516786065,2.106835321439073,0.7411299564384924,30.62,20,1,0
0.9868715882820024,2.780546904743729,0.12523255889815,-1.007667750073935,-1.7157899186200354,0.21708304055538052,-2.037556759872422,1.1027679039761977,0.4767079676117626,-0.9288404090555812,146.48,14,0,1
2.491238934169995,2.267114812535671,1.3753806566304496,2.6456069236679562,-1.1529933091163975,2.4541493632347606,-3.210183934745107,0.4150100389624388,0.4579340024023574,1.6207973480827833,659.34,17,0,0
-0.2691487295758813,1.0697335538949566,-0.6042086729869109,-2.7174979172309133,-0.5087600837155711,-0.17585288463941473,-2.319473742198335,0.6106334835788931,2.3892313253155155,-1.7890339318513804,41.71,4,0,0
0.48677025576741595,2.0178872144076014,-0.12916463912917409,-2.5158003364942454,-2.6131127838049926,-1.6857894416923944,-0.45085682850799846,-0.6874224945041731,-0.03201947696424745,1.0111941592070024,88.83,18,1,0
0.7424726792595747,0.3984143968549452,-1.4787045917347073,-6.956046973160479,-1.285195861911864,-3.324516680808822,-0.6392470864399237,1.4710994325432138,2.1610879136000944,1.226276442862769,114.72,12,0,0
-1.5537447668917093,1.1456079632299907,0.5194141933790255,0.33333244129256684,0.1591257599683098,1.5403214599428432,-2.878426205130555,1.3299606702855158,1.8064681329683023,-1.9418628905416213,11.55,0,0,0
1.5717842010502858,1.4896845513393315,-1.4401417683531175,-2.3287151545145206,-0.9723667154391384,1.2295939060170609,-3.789684450924389,-0.38127660524698626,2.9323051599753773,-0.05415085725786679,262.9,16,0,0
0.5898583843732423,0.6481074850184616,-2.3949542008561506,-6.914170925718261,-3.073725782538969,-3.2327469046825605,-0.04168994394334975,2.8865819302726092,-0.7025710290646794,-0.34179077479721154,98.48,16,0,0
-1.329875752383803,0.876014761100623,-1.0832669726100586,-5.770365008515669,-0.5974935891129045,-2.2562233377093603,-1.3902877117802572,2.151862737229531,2.545580970082182,-2.750488202207667,14.44,5,0,0
0.17293597653594386,0.4450853804714149,-3.3189427088914956,-5.489165831830181,-0.23436264205123702,-1.1902271180006394,-0.30203277294902675,3.2479889446825156,0.5277688885753846,1.3687642632430537,64.91,14,0,0
1.3533807523392298,-0.16887166014173127,-4.096695235760399,-3.5996983259712554,1.9133477116597186,1.323898415032611,-1.244689975040988,3.816584942038264,1.3408833173617518,-0.7447794250719049,211.32,7,0,0
-1.490872633485513,0.14240459685454265,-3.710974520084772,-3.6228715543630177,2.4392514928668625,0.22383767732035065,0.35694051834456736,2.2696128477429776,1.4477597771932236,-0.5870366333786423,12.29,0,0,0
-0.017175583676914474,2.0548616919538043,-0.30384851740983165,-2.7054423448270737,-1.0045635062131877,-0.5429468689639253,-2.0979052546815202,0.23091335462783313,2.176596237695449,-2.0343864127611364,53.67,8,0,0
-0.8865055777501363,0.9799699333759224,-0.735352415441783,-0.33159132795405405,1.1098722973363067,1.470399602667589,-2.0368792129974636,-0.21197559970462487,2.4645265756082715,0.8022741925248703,22.5,14,0,0
-1.5614149870854785,2.9226106264998215,-0.2977056201221929,-1.7673973725720158,2.0407438542802803,-1.2981748395850097,1.50914221556327,1.5509071840622488,1.1810872848814633,-0.5009736342171038,11.46,21,0,0
-0.24406496543233752,0.7795307754657881,-2.906208796649243,-3.567527488577589,0.25587580704683344,0.375317208251818,-1.386457782136834,2.152239948974932,1.2686967370521123,0.5434259122677841,42.77,2,0,1
1.8602664543186884,1.9865069928299994,1.260000931874665,1.634662997445597,-1.5196602114654516,1.6423690296384235,-3.0332039379722366,-0.9204885563264156,1.049409224806127,0.5157901049420446,350.82,15,0,0
-1.6529322726749078,1.131883096700679,-0.3275562023567752,-3.195542029276266,-1.4235754607047832,-1.0153180128293855,-1.8016252731129905,1.2591805558534972,1.379400447879488,-1.4565862204603393,10.45,21,1,0
-2.0946633089521085,2.7036150425894463,0.495725545627004,2.047306348093117,1.340913289182558,2.0160427499443996,-1.171059358602879,2.2805839954439096,0.37346374661422643,0.21181232135726108,6.72,2,0,0
1.1005861932410335,2.1508495166980697,0.33018235218668246,1.7426189399362157,-1.052492046970315,2.0465560118094652,-2.3683769400946195,-0.04796930732875637,0.1970382440178884,-0.9159648993413014,164.12,3,0,0
-0.7090090723515988,2.9065040014696883,-0.3351784047419659,0.4699669576222743,1.628399502505736,-0.013534528444753668,1.8294677924016503,2.496883540155239,-1.0504145137625291,0.6097113131860434,26.87,16,1,0
-1.4368990683826628,2.3218622636248405,0.3317490400022991,-1.9058750531897206,-2.092384328227167,0.4428518614035645,-3.869069678552133,1.5423963631395985,1.8453199309579125,-1.574380734794241,12.98,2,0,1
0.3012110058774813,0.6146909726219089,-1.6432645784859237,-0.8481855206667773,-0.5192321547491934,2.4047795488166903,-3.713884601655664,1.16148080932211,1.6416397845701145,0.031612630842018874,73.79,1,0,0
-1.3566250840770442,1.4273781789067905,-0.9987966158073178,-0.3473176086140034,0.1825199096342165,1.5708853020989924,-2.0326041940883237,1.1432696050826903,1.0904566928275776,0.9898614494466723,14.06,4,0,0
2.227857189845179,2.2317226234437086,1.3129896579284026,-2.4342326709735342,-3.1099666838996525,-2.450572196480992,-0.7108439923969633,-0.9557006176120335,0.4027484438542043,-2.0313593018185556,506.67,19,0,0
0.7468334300820515,2.228613601320978,-0.5090834626933559,1.4811927465054144,1.7607966215473188,0.13208629003233097,2.4808925734341294,-1.9807484423801174,-0.336365401880085,1.009000950522042,115.22,0,0,0
1.9460412535397125,1.4884289815739062,0.7345783957605279,-3.583329434311843,-2.8371543834462845,-2.7329349927061752,-0.7442398454127762,0.07006556128867047,0.5894135027494682,-1.5783094486064078,382.24,3,0,0
-0.7358537317460639,0.8369686578313874,-2.762297144379051,-3.785032809558115,2.7652107225295466,-0.6892791309446202,0.6734388195947996,0.08507343509688026,2.9063871412786915,-1.2297196221719564,26.16,7,0,0
-1.432978257999829,0.43294873903794995,-2.586907691825555,-0.9246349185398269,1.2070519987334287,1.8578908511483396,-1.23376836941833,0.959119223636089,1.0356137620730137,1.07464424768288,13.03,11,0,0
0.8094349413053439,0.5093377627444194,-1.655037798774948,0.7629097523714344,0.7594728641765985,1.7112806737319335,-0.11645814855804368,0.7097815867882613,-0.6107237378740888,-1.1211880930584897,122.66,8,0,0
-0.8873758172290058,-0.04843137023884414,-2.7015754886205627,-5.450094365473792,0.29312467554318,-0.3219440658909699,-2.424882111349833,3.746776500294347,2.475479043328235,0.9631787452092757,22.48,17,0,0
-1.3305499851240066,-0.36909613992809875,-2.7779682557547516,-1.6678512205152838,0.949727978314183,2.0332233481574438,-2.080423150555515,3.34013957192741,0.7442252911802127,-1.6955385922207986,14.43,6,0,0
-0.21830444617708236,1.6820354674734879,-0.1917707219901046,-1.6940165887376133,-2.0033791105534853,-0.734743637630352,-0.8797348110607943,0.5935615245422196,-0.24305217260809364,-0.4691756280469769,43.89,1,1,0
0.9811153911037694,0.1540875471153087,-2.5993905497838465,-1.5598067126161492,-0.43634718605851164,2.0116212132492164,-2.4066777029094006,3.985589967903689,-0.3795102508524637,-0.9224117386208331,145.64,5,0,0
1.3796517967518191,0.27429236125326284,-1.1346237650631001,-2.795407389961838,-0.3675702224297899,0.15168573661203633,-2.2797601962890055,1.8172605008677771,1.7507487016439272,-0.4830120040939599,216.95,3,0,0
2.2754932878013765,0.8424475587101112,0.23866200364448908,-3.175041005543687,-1.6059024611827493,-1.6474220833696533,-1.2928257586023462,1.1865967437672411,1.0790481789064683,0.5053557262418567,531.39,9,0,0
-0.03401699620290114,1.2753012845576077,-1.6270137778531542,-0.2362826499009291,1.4522003169659063,0.17572565079065328,1.7126839016325572,0.17395988149405506,-0.4776617626947015,0.7148722489009709,52.77,6,1,0
-0.1910987148920651,-0.5845649569555404,-1.8058513957354507,-2.161208052633673,0.25944668115082226,1.5129613071830714,-3.1638567185451563,1.973668317090995,2.135326744095991,-0.1742253969610592,45.1,2,0,0
0.12349999710180003,1.0838003016717808,-0.9937115411403776,-0.358195905762265,4.469330276659411,-0.3900071526837321,2.799891060311415,0.593335017874929,1.416755701196278,1.9608243711742577,61.78,19,1,0
-0.37006377100074644,2.1126300090757972,0.7935595472534986,-4.835822967032253,-3.2125657257219595,-3.9439520333364575,-0.06325017074664409,0.5482894524909041,0.38777539424887786,-0.3366608563955082,37.71,22,0,0
0.22380568991366967,2.281271841879196,-1.9047976507917466,-3.452527342901234,2.1292785599680113,0.35365588404551995,-1.589209905540381,3.7564631552239662,2.8399076642085745,-0.5276495345030232,68.29,13,0,0
-0.9266889409412135,0.9718362014374988,-1.3450048648262576,-3.026097495574281,0.8236487037922787,1.6888273538496366,-4.646727658546587,3.8811056842895706,3.7443642428814696,0.31652785741982103,21.61,23,0,0
0.9663512104298436,2.005532862853987,0.1002409575238965,-0.057782972087979736,2.027650833828337,-1.6240210653321607,3.3248020549030732,-1.8798584472706545,0.3354183602288845,1.8750222192015529,143.5,4,0,0
-0.2432220684001966,1.834732343272724,-0.49597480470526,-0.6543948486121778,-0.08490793657804852,0.7187453310641698,-1.5946265697955955,-0.34932991313112005,1.561431306905964,-0.3232989544162829,42.81,1,1,0
1.113777888820201,2.2464858019325717,-0.052253363109213025,1.3328653511302044,1.2006670360775067,0.4519453400042128,1.1690752604539167,-0.625278218769229,-0.13343726861532046,0.05054322831860833,166.3,13,0,0
0.2847673406473609,2.039403065201995,-0.5940762648258787,-4.809859826855074,-4.109923470422749,-3.4505054355649394,0.2930934865745142,-0.07969480579772092,-0.9562507427680218,0.6055988045434822,72.59,17,0,0
0.6909563969753908,2.921415617632416,-1.617356087042148,-0.18107789569753577,-0.963996299848757,1.217023318261668,-1.0715062775614688,-1.9403895558063924,0.4654582233052279,-0.45683064415368996,108.96,4,0,0
-0.3118551416781369,0.4563854114695818,-0.17983139551296756,-0.19177466258066767,-1.1429980875205945,2.3538563984467387,-4.897026765506558,-0.7838512212056095,2.9457833084932092,-0.7730670468043878,39.97,10,0,0
1.5420471795099355,1.8875146148047288,0.634691497079882,1.3815186740218992,-0.8373370998507579,1.1634767040300087,-1.5623597401825442,-1.2194359160782107,0.5657467561338322,1.3322974796946685,255.2,5,0,0
-0.7977196909388226,0.8552439062327464,-0.6057136514283018,-1.7793167868223454,-1.667239846290849,1.4997525295599632,-4.942726384420611,-1.5655929275585658,3.6115193092498448,-0.9495876955667845,24.59,15,1,1
1.1445691935617583,1.719777419601473,0.36252749297044606,2.417908933984992,0.25024355908479834,2.2493350041820266,-1.5217979824223986,0.7956487691004244,-0.06164597510940628,-0.8919793311014028,171.5,15,0,0
0.939384829720489,-0.48549525255009907,-1.9371009350155366,-1.813481365764444,0.33187555312102,2.1786773184039823,-4.010960189122791,0.41863258830910277,3.182086522663382,-2.042695379280177,139.68,13,0,0
-0.1735708766992863,4.756637170429388,1.6245434453292555,-3.0640644714716014,-4.592387251819636,0.19202501862143917,-6.979507967630192,0.8185991566097854,3.6821635114702707,0.2663341508955158,45.9,13,0,1
-0.07979278677440398,0.5148596823494697,-0.014305514053019053,-0.564658280945218,-0.4821567586663137,1.3360300978640967,-3.1540045641150973,1.5141564481123555,1.6206909244842027,1.351899295013439,50.41,18,0,0
1.0859956021812,1.3720243353849273,-1.1306924780464662,-2.2478106187879763,1.503508733205925,0.42816497596017755,-1.7761879321713487,0.1150188458331276,3.43838222264338,-0.4225596807724382,161.74,10,0,0
0.6528765818928559,-0.02825797172339861,-2.0733136877184375,-7.1685360673265,-0.5557092690795121,-3.3688661280768892,0.20931523644323263,2.8040077300931703,1.472626825130001,0.41249380795974877,104.89,16,0,0
-0.7919614488384367,2.698531768048084,0.49395146756714325,2.2123612815195646,0.23762450527298162,1.2420429432514053,-0.0035107316416398953,0.5577155640175949,-0.8014447392058164,0.7958021054986506,24.73,1,0,0
-0.14976390437144751,0.4790430104949953,-0.9626571852888262,-0.9286835951567154,0.7114408267639137,2.6982764144205977,-4.54979380874607,3.4193845685889173,2.6863456115769297,-1.4414827339760268,47.0,7,0,0
0.04122451389649647,1.1434899143501935,-1.3224007981845443,0.25738264826652696,3.3633081591810408,-0.11837969883211552,3.03069153250529,-0.03281998512422124,0.09596223394144054,1.6056052350804302,56.9,11,0,0
-1.4972052413011852,0.8492181422623142,-1.3456995496838389,-5.282787720752301,-1.139594757618548,-1.5375030169689576,-1.9350816604107206,2.8423341257314645,1.8227682496496334,-0.8034862373014618,12.22,18,0,0
-0.7089215033833165,0.15016272391819285,-1.9452694772827606,-1.8214623465960247,0.5749358763520893,1.057757236260606,-1.5980762464328628,2.078173854857257,1.0595758672729048,-0.21861853635326917,26.87,23,0,0
0.6216771359413411,-0.08764497974317309,-1.6940692468474172,-4.877058135060988,-1.5574220545979112,-1.7191386104960906,-0.9499296112020729,1.9467162821537949,0.6578908624532664,-0.19472783525352164,101.66,22,0,0
0.0722945089252162,-1.9087161319581998,-2.1253150249700443,-6.256732215977304,2.2485590003020084,-0.7088616340605196,-2.8776763506792595,3.52256651873378,5.037228692910657,-0.6071882895237439,58.69,9,0,0
-1.95423034706979,2.5263762230101263,1.1038913778988622,0.13518413041604305,-2.274363381513682,-0.40637541551218725,-1.1233037299473532,-2.1783034106157366,0.380664934777177,0.46892502427757354,7.74,14,0,0
0.5674824986434951,1.3095696671401795,0.33748215190703235,-3.1231077575426753,-2.5352825201476867,-2.1169416973240875,-0.8277119687677383,0.01917193598786282,0.48494534342478757,0.1442195678535293,96.3,6,0,0
1.723988119046457,-0.010434353540347052,-2.1145304347284677,-6.736309169873432,-1.663475702185276,-2.7876579089385567,-0.5379201367930797,3.6112503839269774,0.4986944728915492,-0.1640182132717442,306.12,19,0,0
0.9788032373044085,2.2394885708954893,-0.5562204958995832,-1.6576099171205916,-0.920853028229567,-0.08293816404245757,-1.336499028070154,0.5778402955891194,0.8873896745589692,-0.13175718310112136,145.3,1,0,0
-0.9490926281616286,0.9578960247293051,-2.072576569252038,-4.5307179806973865,-0.9309830105368414,-1.2660061703268821,-0.6850753677293232,2.4526697133008435,0.5476860906552476,0.07319579496889568,21.13,4,0,0
-0.04761814646426035,2.26735333568312,-1.730245403788084,-2.7339144468310583,0.9884805317115684,0.6110929071131164,-2.2312953132991233,-0.6601267498758412,3.760118936768041,0.7904520285370752,52.06,19,0,0
-0.43517529017361867,1.3156853386753602,-1.5439393985837415,-4.817920800055145,-2.1632905501243047,-2.118426302820345,-0.5169867081445695,1.016761598478257,0.37352201204102997,2.338386779495334,35.33,11,0,0
1.0149584952255812,1.2934786943206835,-1.865037871098158,-3.3091076626416225,1.8596506997037923,0.050205524476800045,-1.18444758165106,2.1015428160693235,2.8178024888940945,1.0349744724480825,150.65,6,0,0
0.03594977948582364,0.5187395304880978,-1.165170359794332,-7.637352817955981,-1.8267737524375618,-4.378022054370786,0.034290516371577984,1.5315438624180804,1.7220779987469452,1.1195833404348927,56.6,17,0,0
0.08688031222944724,2.50001043696541,-0.045074577384358605,-2.2299124569767166,-1.801932716488663,-0.629007916173737,-1.933492149906634,-0.42337804352737196,1.5289298798669104,-1.7003141926552379,59.55,19,0,0
0.9529169306800117,1.2987344563361365,-3.385229633192682,-2.5550555245805566,2.407133889928005,0.2436257524320362,1.1991859897163606,1.567164981296014,0.7387897043352705,0.24925681589193824,141.59,23,0,0
-0.6010576370006072,2.2320144437046743,0.6795756137142348,-3.8466605128566735,-2.836027069795262,-2.830297819599881,-0.7985599754900689,-0.0027747215932576452,0.8580472778915778,0.19227497265815632,29.93,7,0,0
-0.6435539260250269,1.9764014502467437,-2.311765233353302,-8.090050638422193,-2.186408840676844,-3.899914601582112,-0.12860019305837425,1.821816935495761,1.3566687763347205,-0.6721193364826467,28.69,8,0,0
-0.33224931997383766,1.305345786366241,-0.40659319150978335,0.6577410412033657,-0.022968071730605777,1.0960238871384156,-0.6993815523475805,0.6688091517732755,-0.1899830254780872,-1.2928111536531752,39.16,8,0,0
-0.7223497488400429,4.103006676107678,1.3194446642706816,0.8031543778799656,0.3344349977909269,0.046131968295964665,0.0037743746840579457,3.3240758279080733,-0.5557541608345342,0.2964832863264783,26.51,10,0,0
0.36588715214216283,2.040085275135046,0.6545021457295213,0.6731268015734094,-0.44620327971700724,0.8374565651878341,-1.7283963252405765,-1.3470443254115405,1.4870830928469245,0.7907130631661586,78.72,12,0,0
-2.0302966658419574,1.1355471242194002,-0.585685144713623,-0.9005521311480431,-1.1510753192710663,0.6731584476753358,-1.9376371783630753,0.4383942626184807,0.63253619001659,1.0455192107544335,7.17,7,0,0
1.0320570652230499,1.1187000863969223,-0.9678188850559512,1.308186788579334,0.6977627824402394,1.6285926285180332,-0.09895227359659013,0.5193901654392948,-0.5687956375598229,0.025104134401521403,153.25,22,0,0
-1.6110936640904463,0.3320506641328492,-1.4676200751923545,-0.5566817602417786,1.5979500342864188,2.7664527542691353,-3.559677273777651,2.078777925247285,2.8241081907588304,-0.6238595097952644,10.9,8,0,0
0.5650544910587786,-0.4382034740367513,-1.5954539600297861,-3.7468393787457637,1.196861750580503,0.5095749830157452,-3.0509222348687985,2.93831545524204,3.4532707689567435,-0.38078795967363877,96.07,12,0,0
-0.9289507424624518,0.8053598005226148,-0.9666939679509324,1.1631173002664312,0.28908867151273565,1.3403690917510462,0.05700573578838641,-0.24814944868371325,-0.6678359226611614,-0.6064215845727502,21.56,8,0,0
-0.7047125367737609,0.9189932512372745,-0.500601086854241,-0.8287906234153921,-0.7838290315929131,2.1997047187877206,-4.715547954582075,0.7820567170142556,2.7706808241669685,-0.33544128558571956,26.99,18,0,0
0.42675183259220856,0.8066531133383101,-0.868770385153469,-4.531798616919239,-1.452999902814854,-2.0687299093664717,-0.7150351941897699,2.2347182036994306,0.6903245906450424,0.4959721931968204,83.66,13,0,0
-0.0916665689660437,-0.15080473447842468,0.41997853273284,-4.446450800243142,-1.3713571426426616,-2.0159246042882506,-2.087888497496668,3.194333272244439,1.742147707128217,0.15833925773253837,49.82,5,0,0
-0.4569458056603798,2.1067707518008314,-0.7904398350618187,-3.121396009711151,-1.4076128125526532,-1.5791821824447858,-0.38807467448761085,-1.5023938453499108,1.3421934634740382,-0.9497701102796404,34.57,0,1,0
-1.2799240931753997,3.7705972120155007,-0.49554490182943056,-3.228457940087842,-3.278436844002419,-2.215559747229238,-0.06496322487065577,-1.112268569222296,-0.2722627700427025,0.8844549696309388,15.18,17,0,0
0.3178992872799786,-0.6857786408679516,-2.7877642291854747,-4.96629049507717,0.5386904266561314,-0.24898397081915247,-1.850544575433124,3.5632308468843465,1.971638182525214,-1.3111592086955102,75.03,11,0,0
1.5266939616117383,1.5440797710977412,-1.5349539506789864,-2.0170025765837836,2.232342290660744,-0.10635514723850381,0.3239198021755132,1.2395976929264614,1.8199812217355016,1.7895098091144679,251.31,4,0,0
-1.5131852178302894,2.828915036053843,0.01054403965672912,-2.7046081549092293,-2.4626977605369476,-1.9142872875514276,-0.28814460023893,-0.277360550946804,0.057943327269069256,-0.09100000689908025,12.02,2,0,0
0.8725222878577453,0.582561513574405,-3.7273441329133847,-3.958573959828413,0.6831664523215624,0.5021871691052491,-1.1614496639808338,1.1991934555000179,1.713465535421739,0.6646259495605361,130.65,9,0,0
1.5146573839092803,1.248789670119818,-0.1944472317287238,-4.103807064255985,-2.2038105095444656,-2.39173861329175,-0.6904322724910016,0.9774663267089972,0.6163907239749058,-0.5893376781520632,248.3,13,0,0
0.2054722075718121,2.4759220150230465,2.051368444476113,4.376244971750517,0.507062325911162,2.806550011283357,-1.9110855896875754,1.8220340089291995,-0.3208425484706512,-0.9408206048982043,67.05,22,0,0
0.25627131035188994,0.4323495607286746,-1.5747121567435471,0.6466620364765637,0.6552574360773038,1.4950987404505551,-0.05852783192843139,-0.04989141522183971,-0.34760275981316635,-0.10275890850393916,70.55,7,0,0
-0.463014330828479,2.3827951077838576,-1.1674173213835337,-5.457238454178703,-2.714615393528226,-3.1649851848444523,0.2508608548139814,1.9216294850711502,-0.3814300690367409,0.8377416642511873,34.36,0,0,0
-1.0239439127173147,1.9342762775643265,-0.6665431172266043,-4.119608472290771,-2.0260353238963145,-2.0858256280515173,-0.8125391751070904,-0.20254086759081558,1.2074775488983924,-0.30475758994074775,19.61,9,0,0
0.22216791474045325,1.1704484345473458,-0.7206422460212627,0.12316516914857327,-0.12279898009578827,2.2471011296292307,-3.176435753471002,0.983256218722632,1.5400829863451164,1.1242091161353573,68.18,19,0,0
-2.0140703597896117,0.7326251931088873,-2.297391955642099,-1.7384484309796326,0.8495493164664705,1.7284360561440455,-2.3924943326189756,1.026426246155315,2.1461944203641923,1.2111466783964722,7.29,18,0,0
-1.102827210262002,1.3372740634818032,-1.6747671185784063,-5.402058888503461,-0.8862678292355883,-2.146509684989927,-0.7092091226101966,0.657559366538438,2.0058538473329235,0.1694111020807789,18.12,11,0,0
0.0746958260600389,1.0892275939167,-0.6892139503743518,-2.3315119672896305,-1.6223023013222544,-0.3915117889396049,-1.4934338922827193,1.989803734025957,0.06278825915237563,-0.9165845913857539,58.83,14,0,0
0.5481803739971254,1.7538099304042754,0.2596990586758334,1.2504798575223546,-0.3292651838306402,1.815720608650127,-2.2969481569196506,-0.36404701761417635,1.0889377641071112,-1.0147244345999258,94.46,16,0,0
0.0243508332868998,0.33064623247396707,-3.6505083305264865,-4.993514351498302,1.7140618973580923,-0.4577477064762716,-0.3578659170439481,1.6195442052937679,2.426279021239244,0.5268835978574444,55.94,3,0,0
0.5405922699170332,1.4032848812763652,-1.175933616056138,-1.2980282569723849,-0.9316317094011921,2.3232414678639115,-4.543351173144569,2.7752289868894646,1.7704823703947532,0.5107029289839515,93.75,19,0,0
0.28190292156352953,1.7726127172644608,-0.7354378823543497,1.329652047968142,2.9070619726488243,-0.3147149044109996,3.974711154904588,0.3232235467662079,-1.4115744003927382,1.0398297234659115,72.38,8,0,0
-0.35823490437595956,1.4897727200320252,-1.8675067904874836,-2.9646909904836978,-0.167588432005231,0.7680363033451996,-2.7037254590813267,1.9533000938205598,2.087778541453804,-1.3450552972793661,38.16,15,0,0
1.7808387137633455,2.3655056409701363,-0.10982132953635548,2.388176077985688,2.137720562221535,0.31674934940652355,3.0528884031798604,-0.5530232534722592,-1.3339062559177408,0.894165770150764,324.03,11,0,0
