date,store_id,product_category,price,promotion_active,holiday_flag,demand
2022-01-01,Store_A,Beverages,12.07,1,0,104
2022-01-02,Store_A,Beverages,12.58,0,0,95
2022-01-03,Store_A,Beverages,11.29,1,0,107
2022-01-04,Store_A,Beverages,12.58,0,0,73
2022-01-05,Store_A,Beverages,12.19,0,0,68
2022-01-06,Store_A,Beverages,11.45,1,0,83
2022-01-07,Store_A,Beverages,12.58,0,0,63
2022-01-08,Store_A,Beverages,11.65,0,0,95
2022-01-09,Store_A,Beverages,12.54,0,0,91
2022-01-10,Store_A,Beverages,13.01,0,0,80
2022-01-11,Store_A,Beverages,12.2,0,0,75
2022-01-12,Store_A,Beverages,12.17,0,0,79
2022-01-13,Store_A,Beverages,12.31,0,0,55
2022-01-14,Store_A,Beverages,12.44,1,0,69
2022-01-15,Store_A,Beverages,12.04,0,0,96
2022-01-16,Store_A,Beverages,12.88,0,0,79
2022-01-17,Store_A,Beverages,11.5,0,0,69
2022-01-18,Store_A,Beverages,11.31,0,0,67
2022-01-19,Store_A,Beverages,12.28,0,0,52
2022-01-20,Store_A,Beverages,12.49,0,0,36
2022-01-21,Store_A,Beverages,12.62,0,0,49
2022-01-22,Store_A,Beverages,13.23,0,0,68
2022-01-23,Store_A,Beverages,12.23,0,0,92
2022-01-24,Store_A,Beverages,12.75,1,0,84
2022-01-25,Store_A,Beverages,11.73,0,0,55
2022-01-26,Store_A,Beverages,12.19,1,0,79
2022-01-27,Store_A,Beverages,11.8,0,0,52
2022-01-28,Store_A,Beverages,12.45,0,0,37
2022-01-29,Store_A,Beverages,12.43,0,0,70
2022-01-30,Store_A,Beverages,11.02,0,0,89
2022-01-31,Store_A,Beverages,13.03,0,0,64
2022-02-01,Store_A,Beverages,12.19,0,0,88
2022-02-02,Store_A,Beverages,11.66,0,0,65
2022-02-03,Store_A,Beverages,12.09,1,0,76
2022-02-04,Store_A,Beverages,12.24,0,0,48
2022-02-05,Store_A,Beverages,11.35,0,0,76
2022-02-06,Store_A,Beverages,13.45,1,0,111
2022-02-07,Store_A,Beverages,11.5,0,0,85
2022-02-08,Store_A,Beverages,12.87,0,0,72
2022-02-09,Store_A,Beverages,11.53,0,0,78
2022-02-10,Store_A,Beverages,10.98,1,0,87
2022-02-11,Store_A,Beverages,11.21,0,0,64
2022-02-12,Store_A,Beverages,12.93,0,0,81
2022-02-13,Store_A,Beverages,12.39,0,0,95
2022-02-14,Store_A,Beverages,12.03,0,0,107
2022-02-15,Store_A,Beverages,11.88,0,0,63
2022-02-16,Store_A,Beverages,13.24,0,0,61
2022-02-17,Store_A,Beverages,11.94,0,0,60
2022-02-18,Store_A,Beverages,13.07,1,0,77
2022-02-19,Store_A,Beverages,12.65,0,0,64
2022-02-20,Store_A,Beverages,11.03,0,0,80
2022-02-21,Store_A,Beverages,11.91,1,0,105
2022-02-22,Store_A,Beverages,11.4,1,0,91
2022-02-23,Store_A,Beverages,12.05,0,0,52
2022-02-24,Store_A,Beverages,11.51,0,0,42
2022-02-25,Store_A,Beverages,11.72,0,0,44
2022-02-26,Store_A,Beverages,12.28,0,0,72
2022-02-27,Store_A,Beverages,11.98,0,0,77
2022-02-28,Store_A,Beverages,11.38,0,0,101
2022-03-01,Store_A,Beverages,11.79,0,0,76
2022-03-02,Store_A,Beverages,13.05,0,0,56
2022-03-03,Store_A,Beverages,12.48,1,0,73
2022-03-04,Store_A,Beverages,12.01,0,0,37
2022-03-05,Store_A,Beverages,12.95,1,0,107
2022-03-06,Store_A,Beverages,11.38,0,0,96
2022-03-07,Store_A,Beverages,11.02,0,0,72
2022-03-08,Store_A,Beverages,13.15,0,0,69
2022-03-09,Store_A,Beverages,11.13,0,0,74
2022-03-10,Store_A,Beverages,12.63,0,0,58
2022-03-11,Store_A,Beverages,12.37,0,0,74
2022-03-12,Store_A,Beverages,11.96,0,0,91
2022-03-13,Store_A,Beverages,12.86,0,0,107
2022-03-14,Store_A,Beverages,12.84,0,0,79
2022-03-15,Store_A,Beverages,12.31,1,0,103
2022-03-16,Store_A,Beverages,11.05,0,0,66
2022-03-17,Store_A,Beverages,12.5,0,0,55
2022-03-18,Store_A,Beverages,12.49,1,0,66
2022-03-19,Store_A,Beverages,10.9,0,0,83
2022-03-20,Store_A,Beverages,12.02,0,0,97
2022-03-21,Store_A,Beverages,9.95,0,0,91
2022-03-22,Store_A,Beverages,12.53,0,0,55
2022-03-23,Store_A,Beverages,13.06,0,0,33
2022-03-24,Store_A,Beverages,11.33,0,0,39
2022-03-25,Store_A,Beverages,13.45,1,0,47
2022-03-26,Store_A,Beverages,12.02,1,0,102
2022-03-27,Store_A,Beverages,12.29,1,0,99
2022-03-28,Store_A,Beverages,12.73,0,0,61
2022-03-29,Store_A,Beverages,12.27,0,0,68
2022-03-30,Store_A,Beverages,11.13,0,0,56
2022-03-31,Store_A,Beverages,12.94,0,0,45
2022-04-01,Store_A,Beverages,11.35,1,0,79
2022-04-02,Store_A,Beverages,10.9,0,0,91
2022-04-03,Store_A,Beverages,13.39,0,0,98
2022-04-04,Store_A,Beverages,12.02,0,0,73
2022-04-05,Store_A,Beverages,11.48,1,0,104
2022-04-06,Store_A,Beverages,11.66,0,0,83
2022-04-07,Store_A,Beverages,11.25,0,0,83
2022-04-08,Store_A,Beverages,11.52,0,0,57
2022-04-09,Store_A,Beverages,12.48,1,0,119
2022-04-10,Store_A,Beverages,12.08,0,0,101
2022-04-11,Store_A,Beverages,10.85,0,0,97
2022-04-12,Store_A,Beverages,11.02,0,0,90
2022-04-13,Store_A,Beverages,12.62,0,0,62
2022-04-14,Store_A,Beverages,11.62,0,0,59
2022-04-15,Store_A,Beverages,12.03,0,0,50
2022-04-16,Store_A,Beverages,13.06,0,0,65
2022-04-17,Store_A,Beverages,10.45,0,0,107
2022-04-18,Store_A,Beverages,10.85,0,0,77
2022-04-19,Store_A,Beverages,11.32,0,0,77
2022-04-20,Store_A,Beverages,10.63,0,0,68
2022-04-21,Store_A,Beverages,12.0,1,0,65
2022-04-22,Store_A,Beverages,12.26,0,0,45
2022-04-23,Store_A,Beverages,12.76,0,0,84
2022-04-24,Store_A,Beverages,14.13,0,0,80
2022-04-25,Store_A,Beverages,13.08,0,0,70
2022-04-26,Store_A,Beverages,11.75,1,0,92
2022-04-27,Store_A,Beverages,11.48,0,0,47
2022-04-28,Store_A,Beverages,12.78,0,0,42
2022-04-29,Store_A,Beverages,12.27,0,0,41
2022-04-30,Store_A,Beverages,13.0,0,0,67
2022-05-01,Store_A,Beverages,12.15,0,0,104
2022-05-02,Store_A,Beverages,11.4,0,0,72
2022-05-03,Store_A,Beverages,11.64,1,0,109
2022-05-04,Store_A,Beverages,12.22,0,0,77
2022-05-05,Store_A,Beverages,11.17,0,0,54
2022-05-06,Store_A,Beverages,10.82,0,0,64
2022-05-07,Store_A,Beverages,12.71,0,0,103
2022-05-08,Store_A,Beverages,11.27,0,0,110
2022-05-09,Store_A,Beverages,11.94,0,0,89
2022-05-10,Store_A,Beverages,13.03,0,0,89
2022-05-11,Store_A,Beverages,11.86,0,0,75
2022-05-12,Store_A,Beverages,11.36,0,0,51
2022-05-13,Store_A,Beverages,12.37,0,0,66
2022-05-14,Store_A,Beverages,12.43,1,0,105
2022-05-15,Store_A,Beverages,12.12,0,0,95
2022-05-16,Store_A,Beverages,11.91,0,0,84
2022-05-17,Store_A,Beverages,11.45,0,0,72
2022-05-18,Store_A,Beverages,12.06,0,0,73
2022-05-19,Store_A,Beverages,12.96,0,0,24
2022-05-20,Store_A,Beverages,12.24,1,0,76
2022-05-21,Store_A,Beverages,12.81,1,0,92
2022-05-22,Store_A,Beverages,11.91,0,0,89
2022-05-23,Store_A,Beverages,11.9,0,0,78
2022-05-24,Store_A,Beverages,12.02,0,0,66
2022-05-25,Store_A,Beverages,12.67,0,0,47
2022-05-26,Store_A,Beverages,12.12,0,0,43
2022-05-27,Store_A,Beverages,13.2,1,0,68
2022-05-28,Store_A,Beverages,12.7,0,0,80
2022-05-29,Store_A,Beverages,13.07,0,0,83
2022-05-30,Store_A,Beverages,12.93,1,0,93
2022-05-31,Store_A,Beverages,12.52,0,0,66
2022-06-01,Store_A,Beverages,11.05,0,0,58
2022-06-02,Store_A,Beverages,12.23,0,0,55
2022-06-03,Store_A,Beverages,11.66,0,0,63
2022-06-04,Store_A,Beverages,11.68,0,0,96
2022-06-05,Store_A,Beverages,11.64,1,0,138
2022-06-06,Store_A,Beverages,10.75,0,0,108
2022-06-07,Store_A,Beverages,13.19,0,0,80
2022-06-08,Store_A,Beverages,10.77,0,0,70
2022-06-09,Store_A,Beverages,11.62,0,0,59
2022-06-10,Store_A,Beverages,11.92,0,0,61
2022-06-11,Store_A,Beverages,12.24,1,0,100
2022-06-12,Store_A,Beverages,11.32,0,0,105
2022-06-13,Store_A,Beverages,11.02,0,0,87
2022-06-14,Store_A,Beverages,12.73,1,0,91
2022-06-15,Store_A,Beverages,12.21,0,0,62
2022-06-16,Store_A,Beverages,12.19,0,0,58
2022-06-17,Store_A,Beverages,12.33,0,0,44
2022-06-18,Store_A,Beverages,12.39,0,0,78
2022-06-19,Store_A,Beverages,12.24,1,0,118
2022-06-20,Store_A,Beverages,13.03,0,0,65
2022-06-21,Store_A,Beverages,12.64,0,0,56
2022-06-22,Store_A,Beverages,10.88,1,0,72
2022-06-23,Store_A,Beverages,11.72,0,0,60
2022-06-24,Store_A,Beverages,11.98,1,0,73
2022-06-25,Store_A,Beverages,12.79,1,0,94
2022-06-26,Store_A,Beverages,11.31,1,0,123
2022-06-27,Store_A,Beverages,12.19,0,0,78
2022-06-28,Store_A,Beverages,12.35,1,0,95
2022-06-29,Store_A,Beverages,12.3,0,0,54
2022-06-30,Store_A,Beverages,13.25,0,0,41
2022-07-01,Store_A,Beverages,12.17,0,0,71
2022-07-02,Store_A,Beverages,11.2,0,0,112
2022-07-03,Store_A,Beverages,12.58,0,0,113
2022-07-04,Store_A,Beverages,12.43,0,0,100
2022-07-05,Store_A,Beverages,12.55,1,0,113
2022-07-06,Store_A,Beverages,11.72,1,0,99
2022-07-07,Store_A,Beverages,11.59,0,0,59
2022-07-08,Store_A,Beverages,12.15,1,0,98
2022-07-09,Store_A,Beverages,11.39,0,0,101
2022-07-10,Store_A,Beverages,11.52,0,0,94
2022-07-11,Store_A,Beverages,11.96,0,0,97
2022-07-12,Store_A,Beverages,12.52,0,0,79
2022-07-13,Store_A,Beverages,11.55,0,0,69
2022-07-14,Store_A,Beverages,11.68,1,0,80
2022-07-15,Store_A,Beverages,11.41,1,0,82
2022-07-16,Store_A,Beverages,13.6,0,0,86
2022-07-17,Store_A,Beverages,12.57,0,0,85
2022-07-18,Store_A,Beverages,10.92,0,0,89
2022-07-19,Store_A,Beverages,11.14,0,0,77
2022-07-20,Store_A,Beverages,12.33,0,0,57
2022-07-21,Store_A,Beverages,12.62,0,0,29
2022-07-22,Store_A,Beverages,13.42,0,0,34
2022-07-23,Store_A,Beverages,11.42,0,0,85
2022-07-24,Store_A,Beverages,12.73,1,0,111
2022-07-25,Store_A,Beverages,12.68,0,0,69
2022-07-26,Store_A,Beverages,13.0,0,0,70
2022-07-27,Store_A,Beverages,11.22,0,0,59
2022-07-28,Store_A,Beverages,11.25,0,0,67
2022-07-29,Store_A,Beverages,12.38,0,0,61
2022-07-30,Store_A,Beverages,11.34,0,0,87
2022-07-31,Store_A,Beverages,12.22,0,0,100
2022-08-01,Store_A,Beverages,11.16,0,0,86
2022-08-02,Store_A,Beverages,12.72,0,0,67
2022-08-03,Store_A,Beverages,12.57,0,0,69
2022-08-04,Store_A,Beverages,11.8,0,0,66
2022-08-05,Store_A,Beverages,11.04,0,0,83
2022-08-06,Store_A,Beverages,11.71,0,0,110
2022-08-07,Store_A,Beverages,12.51,1,0,116
2022-08-08,Store_A,Beverages,12.81,0,0,102
2022-08-09,Store_A,Beverages,13.05,0,0,95
2022-08-10,Store_A,Beverages,11.12,0,0,57
2022-08-11,Store_A,Beverages,11.91,0,0,76
2022-08-12,Store_A,Beverages,13.2,0,0,47
2022-08-13,Store_A,Beverages,12.03,1,0,124
2022-08-14,Store_A,Beverages,11.49,0,0,110
2022-08-15,Store_A,Beverages,12.71,0,0,86
2022-08-16,Store_A,Beverages,11.98,0,0,73
2022-08-17,Store_A,Beverages,10.43,0,0,75
2022-08-18,Store_A,Beverages,12.25,1,0,66
2022-08-19,Store_A,Beverages,11.77,0,0,67
2022-08-20,Store_A,Beverages,12.96,0,0,72
2022-08-21,Store_A,Beverages,11.91,0,0,85
2022-08-22,Store_A,Beverages,12.6,0,0,61
2022-08-23,Store_A,Beverages,13.0,1,0,99
2022-08-24,Store_A,Beverages,10.95,0,0,62
2022-08-25,Store_A,Beverages,11.52,1,0,87
2022-08-26,Store_A,Beverages,12.3,0,0,54
2022-08-27,Store_A,Beverages,11.42,0,0,81
2022-08-28,Store_A,Beverages,12.1,1,0,125
2022-08-29,Store_A,Beverages,12.36,0,0,98
2022-08-30,Store_A,Beverages,12.28,0,0,81
2022-08-31,Store_A,Beverages,10.82,0,0,86
2022-09-01,Store_A,Beverages,12.42,1,0,82
2022-09-02,Store_A,Beverages,11.9,1,0,62
2022-09-03,Store_A,Beverages,11.49,1,0,112
2022-09-04,Store_A,Beverages,12.41,0,0,100
2022-09-05,Store_A,Beverages,12.87,0,0,83
2022-09-06,Store_A,Beverages,12.82,0,0,81
2022-09-07,Store_A,Beverages,10.53,0,0,91
2022-09-08,Store_A,Beverages,11.07,0,0,77
2022-09-09,Store_A,Beverages,11.95,1,0,85
2022-09-10,Store_A,Beverages,12.47,0,0,90
2022-09-11,Store_A,Beverages,13.08,1,0,124
2022-09-12,Store_A,Beverages,12.98,0,0,79
2022-09-13,Store_A,Beverages,11.15,0,0,75
2022-09-14,Store_A,Beverages,12.39,0,0,71
2022-09-15,Store_A,Beverages,12.53,0,0,52
2022-09-16,Store_A,Beverages,11.45,0,0,60
2022-09-17,Store_A,Beverages,12.1,0,0,103
2022-09-18,Store_A,Beverages,12.99,0,0,98
2022-09-19,Store_A,Beverages,12.3,0,0,85
2022-09-20,Store_A,Beverages,11.45,0,0,99
2022-09-21,Store_A,Beverages,11.72,1,0,81
2022-09-22,Store_A,Beverages,12.1,0,0,52
2022-09-23,Store_A,Beverages,13.02,0,0,64
2022-09-24,Store_A,Beverages,11.49,0,0,82
2022-09-25,Store_A,Beverages,12.3,0,0,92
2022-09-26,Store_A,Beverages,11.55,1,0,109
2022-09-27,Store_A,Beverages,11.22,0,0,93
2022-09-28,Store_A,Beverages,11.07,0,0,78
2022-09-29,Store_A,Beverages,13.3,0,0,67
2022-09-30,Store_A,Beverages,13.66,1,0,74
2022-10-01,Store_A,Beverages,11.84,0,0,90
2022-10-02,Store_A,Beverages,12.81,1,0,126
2022-10-03,Store_A,Beverages,11.65,0,0,121
2022-10-04,Store_A,Beverages,11.53,1,0,110
2022-10-05,Store_A,Beverages,11.94,0,0,75
2022-10-06,Store_A,Beverages,11.65,0,0,68
2022-10-07,Store_A,Beverages,11.86,0,0,71
2022-10-08,Store_A,Beverages,12.5,0,0,107
2022-10-09,Store_A,Beverages,12.34,0,0,99
2022-10-10,Store_A,Beverages,12.26,1,0,95
2022-10-11,Store_A,Beverages,12.93,0,0,78
2022-10-12,Store_A,Beverages,12.0,0,0,68
2022-10-13,Store_A,Beverages,11.97,0,0,59
2022-10-14,Store_A,Beverages,12.47,0,0,60
2022-10-15,Store_A,Beverages,11.49,0,0,85
2022-10-16,Store_A,Beverages,11.76,1,0,130
2022-10-17,Store_A,Beverages,11.85,0,0,65
2022-10-18,Store_A,Beverages,11.76,1,0,100
2022-10-19,Store_A,Beverages,11.57,1,0,87
2022-10-20,Store_A,Beverages,11.54,0,0,65
2022-10-21,Store_A,Beverages,12.33,0,0,53
2022-10-22,Store_A,Beverages,13.07,0,0,78
2022-10-23,Store_A,Beverages,13.48,1,0,99
2022-10-24,Store_A,Beverages,12.67,0,0,78
2022-10-25,Store_A,Beverages,12.47,0,0,75
2022-10-26,Store_A,Beverages,11.46,0,0,54
2022-10-27,Store_A,Beverages,12.21,0,0,50
2022-10-28,Store_A,Beverages,11.16,0,0,52
2022-10-29,Store_A,Beverages,13.0,0,0,90
2022-10-30,Store_A,Beverages,11.13,0,0,123
2022-10-31,Store_A,Beverages,11.97,0,0,90
2022-11-01,Store_A,Beverages,11.19,0,0,87
2022-11-02,Store_A,Beverages,11.95,0,0,76
2022-11-03,Store_A,Beverages,12.67,1,0,86
2022-11-04,Store_A,Beverages,12.13,0,0,75
2022-11-05,Store_A,Beverages,12.39,0,0,102
2022-11-06,Store_A,Beverages,11.57,1,0,137
2022-11-07,Store_A,Beverages,10.76,0,0,95
2022-11-08,Store_A,Beverages,11.66,0,0,81
2022-11-09,Store_A,Beverages,12.88,1,0,98
2022-11-10,Store_A,Beverages,11.09,1,0,95
2022-11-11,Store_A,Beverages,12.94,0,0,63
2022-11-12,Store_A,Beverages,11.85,1,0,113
2022-11-13,Store_A,Beverages,12.33,0,0,96
2022-11-14,Store_A,Beverages,12.78,0,0,78
2022-11-15,Store_A,Beverages,12.25,0,0,83
2022-11-16,Store_A,Beverages,12.23,0,0,71
2022-11-17,Store_A,Beverages,11.58,0,0,44
2022-11-18,Store_A,Beverages,11.7,0,0,52
2022-11-19,Store_A,Beverages,11.71,0,0,78
2022-11-20,Store_A,Beverages,11.78,1,1,153
2022-11-21,Store_A,Beverages,11.25,0,1,118
2022-11-22,Store_A,Beverages,11.81,0,1,111
2022-11-23,Store_A,Beverages,12.11,0,1,99
2022-11-24,Store_A,Beverages,12.14,0,1,88
2022-11-25,Store_A,Beverages,12.14,0,1,83
2022-11-26,Store_A,Beverages,12.18,0,1,132
2022-11-27,Store_A,Beverages,11.22,1,1,160
2022-11-28,Store_A,Beverages,11.23,1,1,161
2022-11-29,Store_A,Beverages,13.2,0,1,118
2022-11-30,Store_A,Beverages,11.26,0,1,111
2022-12-01,Store_A,Beverages,13.03,1,0,103
2022-12-02,Store_A,Beverages,10.43,0,0,80
2022-12-03,Store_A,Beverages,12.06,0,0,100
2022-12-04,Store_A,Beverages,11.3,0,0,122
2022-12-05,Store_A,Beverages,11.68,0,0,102
2022-12-06,Store_A,Beverages,12.53,0,0,87
2022-12-07,Store_A,Beverages,10.76,0,0,86
2022-12-08,Store_A,Beverages,11.17,0,0,66
2022-12-09,Store_A,Beverages,12.51,1,0,88
2022-12-10,Store_A,Beverages,11.78,0,0,95
2022-12-11,Store_A,Beverages,12.59,0,0,118
2022-12-12,Store_A,Beverages,12.38,1,0,110
2022-12-13,Store_A,Beverages,12.28,0,0,93
2022-12-14,Store_A,Beverages,11.85,0,0,60
2022-12-15,Store_A,Beverages,12.62,0,0,52
2022-12-16,Store_A,Beverages,12.62,0,0,67
2022-12-17,Store_A,Beverages,11.9,1,0,100
2022-12-18,Store_A,Beverages,12.03,1,0,121
2022-12-19,Store_A,Beverages,11.75,0,0,69
2022-12-20,Store_A,Beverages,11.7,1,1,127
2022-12-21,Store_A,Beverages,12.49,0,1,91
2022-12-22,Store_A,Beverages,12.22,0,1,87
2022-12-23,Store_A,Beverages,11.55,0,1,101
2022-12-24,Store_A,Beverages,11.24,0,1,123
2022-12-25,Store_A,Beverages,12.01,0,1,130
2022-12-26,Store_A,Beverages,12.11,0,1,135
2022-12-27,Store_A,Beverages,11.42,1,1,135
2022-12-28,Store_A,Beverages,10.65,0,1,108
2022-12-29,Store_A,Beverages,11.54,0,1,119
2022-12-30,Store_A,Beverages,12.06,1,1,135
2022-12-31,Store_A,Beverages,10.82,0,1,142
2023-01-01,Store_A,Beverages,11.58,1,0,146
2023-01-02,Store_A,Beverages,11.99,0,0,99
2023-01-03,Store_A,Beverages,13.36,0,0,79
2023-01-04,Store_A,Beverages,12.71,1,0,99
2023-01-05,Store_A,Beverages,11.66,0,0,82
2023-01-06,Store_A,Beverages,13.12,0,0,83
2023-01-07,Store_A,Beverages,12.24,0,0,104
2023-01-08,Store_A,Beverages,12.23,0,0,94
2023-01-09,Store_A,Beverages,11.37,0,0,91
2023-01-10,Store_A,Beverages,12.11,0,0,90
2023-01-11,Store_A,Beverages,11.99,0,0,74
2023-01-12,Store_A,Beverages,11.38,0,0,59
2023-01-13,Store_A,Beverages,11.62,0,0,62
2023-01-14,Store_A,Beverages,11.39,0,0,87
2023-01-15,Store_A,Beverages,12.85,0,0,89
2023-01-16,Store_A,Beverages,11.92,1,0,97
2023-01-17,Store_A,Beverages,11.48,0,0,71
2023-01-18,Store_A,Beverages,12.03,0,0,50
2023-01-19,Store_A,Beverages,12.28,0,0,66
2023-01-20,Store_A,Beverages,11.98,0,0,63
2023-01-21,Store_A,Beverages,12.78,0,0,66
2023-01-22,Store_A,Beverages,11.33,0,0,102
2023-01-23,Store_A,Beverages,11.91,1,0,104
2023-01-24,Store_A,Beverages,11.59,1,0,103
2023-01-25,Store_A,Beverages,11.38,0,0,60
2023-01-26,Store_A,Beverages,11.65,0,0,54
2023-01-27,Store_A,Beverages,11.9,0,0,61
2023-01-28,Store_A,Beverages,12.57,1,0,141
2023-01-29,Store_A,Beverages,12.89,0,0,95
2023-01-30,Store_A,Beverages,11.98,1,0,122
2023-01-31,Store_A,Beverages,12.54,0,0,92
2023-02-01,Store_A,Beverages,12.18,0,0,74
2023-02-02,Store_A,Beverages,12.0,0,0,69
2023-02-03,Store_A,Beverages,11.18,0,0,75
2023-02-04,Store_A,Beverages,12.02,0,0,100
2023-02-05,Store_A,Beverages,11.0,0,0,108
2023-02-06,Store_A,Beverages,11.86,0,0,92
2023-02-07,Store_A,Beverages,12.1,0,0,95
2023-02-08,Store_A,Beverages,11.41,0,0,77
2023-02-09,Store_A,Beverages,12.29,0,0,60
2023-02-10,Store_A,Beverages,11.45,0,0,67
2023-02-11,Store_A,Beverages,11.96,0,0,96
2023-02-12,Store_A,Beverages,11.9,1,0,120
2023-02-13,Store_A,Beverages,11.56,0,0,92
2023-02-14,Store_A,Beverages,11.97,1,0,101
2023-02-15,Store_A,Beverages,11.83,0,0,53
2023-02-16,Store_A,Beverages,13.43,0,0,52
2023-02-17,Store_A,Beverages,12.14,0,0,48
2023-02-18,Store_A,Beverages,13.05,0,0,87
2023-02-19,Store_A,Beverages,10.73,0,0,102
2023-02-20,Store_A,Beverages,13.11,0,0,79
2023-02-21,Store_A,Beverages,12.37,0,0,85
2023-02-22,Store_A,Beverages,11.55,0,0,72
2023-02-23,Store_A,Beverages,11.84,0,0,68
2023-02-24,Store_A,Beverages,12.42,0,0,73
2023-02-25,Store_A,Beverages,11.48,0,0,103
2023-02-26,Store_A,Beverages,12.55,0,0,101
2023-02-27,Store_A,Beverages,12.13,0,0,120
2023-02-28,Store_A,Beverages,11.95,0,0,101
2023-03-01,Store_A,Beverages,12.11,0,0,93
2023-03-02,Store_A,Beverages,12.33,0,0,67
2023-03-03,Store_A,Beverages,12.19,0,0,70
2023-03-04,Store_A,Beverages,12.87,0,0,94
2023-03-05,Store_A,Beverages,11.82,0,0,120
2023-03-06,Store_A,Beverages,11.21,0,0,89
2023-03-07,Store_A,Beverages,11.7,1,0,116
2023-03-08,Store_A,Beverages,11.67,0,0,89
2023-03-09,Store_A,Beverages,12.34,0,0,76
2023-03-10,Store_A,Beverages,10.93,0,0,69
2023-03-11,Store_A,Beverages,10.97,0,0,93
2023-03-12,Store_A,Beverages,11.3,1,0,139
2023-03-13,Store_A,Beverages,10.26,0,0,102
2023-03-14,Store_A,Beverages,11.84,1,0,115
2023-03-15,Store_A,Beverages,11.8,0,0,62
2023-03-16,Store_A,Beverages,12.39,0,0,64
2023-03-17,Store_A,Beverages,13.34,0,0,55
2023-03-18,Store_A,Beverages,12.1,1,0,124
2023-03-19,Store_A,Beverages,11.5,0,0,101
2023-03-20,Store_A,Beverages,12.55,0,0,76
2023-03-21,Store_A,Beverages,14.12,0,0,75
2023-03-22,Store_A,Beverages,12.22,1,0,91
2023-03-23,Store_A,Beverages,12.29,0,0,58
2023-03-24,Store_A,Beverages,13.06,1,0,77
2023-03-25,Store_A,Beverages,12.15,0,0,93
2023-03-26,Store_A,Beverages,11.78,0,0,92
2023-03-27,Store_A,Beverages,12.19,0,0,97
2023-03-28,Store_A,Beverages,11.99,0,0,99
2023-03-29,Store_A,Beverages,13.57,0,0,62
2023-03-30,Store_A,Beverages,11.81,0,0,63
2023-03-31,Store_A,Beverages,11.99,0,0,62
2023-04-01,Store_A,Beverages,12.47,1,0,117
2023-04-02,Store_A,Beverages,10.92,0,0,117
2023-04-03,Store_A,Beverages,11.35,0,0,99
2023-04-04,Store_A,Beverages,12.17,0,0,84
2023-04-05,Store_A,Beverages,11.43,1,0,93
2023-04-06,Store_A,Beverages,12.21,1,0,97
2023-04-07,Store_A,Beverages,12.67,0,0,79
2023-04-08,Store_A,Beverages,11.69,0,0,111
2023-04-09,Store_A,Beverages,12.71,0,0,121
2023-04-10,Store_A,Beverages,11.97,0,0,96
2023-04-11,Store_A,Beverages,12.54,0,0,76
2023-04-12,Store_A,Beverages,11.51,0,0,71
2023-04-13,Store_A,Beverages,12.55,0,0,61
2023-04-14,Store_A,Beverages,12.64,0,0,54
2023-04-15,Store_A,Beverages,13.06,1,0,108
2023-04-16,Store_A,Beverages,11.39,0,0,108
2023-04-17,Store_A,Beverages,12.15,0,0,99
2023-04-18,Store_A,Beverages,11.7,0,0,82
2023-04-19,Store_A,Beverages,11.24,0,0,54
2023-04-20,Store_A,Beverages,11.64,0,0,55
2023-04-21,Store_A,Beverages,13.03,0,0,61
2023-04-22,Store_A,Beverages,12.45,0,0,83
2023-04-23,Store_A,Beverages,12.08,0,0,110
2023-04-24,Store_A,Beverages,12.25,0,0,89
2023-04-25,Store_A,Beverages,12.22,0,0,79
2023-04-26,Store_A,Beverages,11.74,0,0,78
2023-04-27,Store_A,Beverages,10.97,0,0,56
2023-04-28,Store_A,Beverages,11.67,0,0,75
2023-04-29,Store_A,Beverages,12.33,0,0,105
2023-04-30,Store_A,Beverages,13.0,0,0,116
2023-05-01,Store_A,Beverages,12.19,0,0,101
2023-05-02,Store_A,Beverages,11.96,0,0,97
2023-05-03,Store_A,Beverages,11.73,0,0,100
2023-05-04,Store_A,Beverages,11.67,0,0,81
2023-05-05,Store_A,Beverages,11.69,0,0,68
2023-05-06,Store_A,Beverages,11.3,0,0,93
2023-05-07,Store_A,Beverages,12.46,0,0,113
2023-05-08,Store_A,Beverages,10.76,0,0,93
2023-05-09,Store_A,Beverages,12.61,0,0,87
2023-05-10,Store_A,Beverages,11.19,0,0,95
2023-05-11,Store_A,Beverages,10.93,1,0,89
2023-05-12,Store_A,Beverages,12.11,0,0,57
2023-05-13,Store_A,Beverages,11.5,0,0,101
2023-05-14,Store_A,Beverages,11.82,0,0,120
2023-05-15,Store_A,Beverages,11.91,0,0,96
2023-05-16,Store_A,Beverages,13.23,0,0,73
2023-05-17,Store_A,Beverages,11.34,0,0,60
2023-05-18,Store_A,Beverages,11.29,0,0,76
2023-05-19,Store_A,Beverages,11.97,0,0,67
2023-05-20,Store_A,Beverages,12.71,0,0,77
2023-05-21,Store_A,Beverages,12.12,0,0,104
2023-05-22,Store_A,Beverages,12.54,0,0,80
2023-05-23,Store_A,Beverages,12.03,0,0,69
2023-05-24,Store_A,Beverages,11.83,0,0,92
2023-05-25,Store_A,Beverages,11.53,0,0,60
2023-05-26,Store_A,Beverages,9.68,0,0,77
2023-05-27,Store_A,Beverages,11.91,0,0,108
2023-05-28,Store_A,Beverages,12.36,0,0,107
2023-05-29,Store_A,Beverages,12.84,0,0,98
2023-05-30,Store_A,Beverages,12.83,0,0,100
2023-05-31,Store_A,Beverages,11.4,0,0,78
2023-06-01,Store_A,Beverages,11.99,0,0,91
2023-06-02,Store_A,Beverages,13.14,1,0,94
2023-06-03,Store_A,Beverages,10.85,0,0,116
2023-06-04,Store_A,Beverages,12.64,0,0,110
2023-06-05,Store_A,Beverages,11.97,0,0,112
2023-06-06,Store_A,Beverages,12.89,0,0,92
2023-06-07,Store_A,Beverages,11.1,1,0,106
2023-06-08,Store_A,Beverages,11.77,0,0,75
2023-06-09,Store_A,Beverages,11.93,0,0,66
2023-06-10,Store_A,Beverages,10.96,0,0,102
2023-06-11,Store_A,Beverages,12.0,0,0,121
2023-06-12,Store_A,Beverages,12.0,1,0,110
2023-06-13,Store_A,Beverages,12.11,0,0,87
2023-06-14,Store_A,Beverages,10.63,1,0,97
2023-06-15,Store_A,Beverages,11.87,0,0,84
2023-06-16,Store_A,Beverages,12.57,1,0,88
2023-06-17,Store_A,Beverages,12.15,0,0,94
2023-06-18,Store_A,Beverages,11.46,0,0,108
2023-06-19,Store_A,Beverages,11.12,0,0,83
2023-06-20,Store_A,Beverages,11.91,0,0,71
2023-06-21,Store_A,Beverages,11.25,0,0,69
2023-06-22,Store_A,Beverages,12.29,0,0,45
2023-06-23,Store_A,Beverages,12.05,0,0,77
2023-06-24,Store_A,Beverages,13.21,0,0,89
2023-06-25,Store_A,Beverages,11.72,0,0,113
2023-06-26,Store_A,Beverages,11.6,0,0,92
2023-06-27,Store_A,Beverages,12.14,0,0,105
2023-06-28,Store_A,Beverages,11.55,1,0,111
2023-06-29,Store_A,Beverages,10.82,0,0,79
2023-06-30,Store_A,Beverages,11.45,0,0,90
2023-07-01,Store_A,Beverages,11.27,1,0,130
2023-07-02,Store_A,Beverages,10.45,0,0,131
2023-07-03,Store_A,Beverages,12.24,0,0,115
2023-07-04,Store_A,Beverages,11.59,0,0,108
2023-07-05,Store_A,Beverages,11.09,0,0,88
2023-07-06,Store_A,Beverages,12.26,0,0,69
2023-07-07,Store_A,Beverages,12.15,0,0,71
2023-07-08,Store_A,Beverages,11.43,0,0,102
2023-07-09,Store_A,Beverages,12.07,0,0,110
2023-07-10,Store_A,Beverages,12.4,0,0,88
2023-07-11,Store_A,Beverages,11.57,0,0,75
2023-07-12,Store_A,Beverages,11.54,0,0,75
2023-07-13,Store_A,Beverages,13.53,0,0,54
2023-07-14,Store_A,Beverages,11.44,0,0,65
2023-07-15,Store_A,Beverages,11.72,0,0,96
2023-07-16,Store_A,Beverages,11.83,0,0,103
2023-07-17,Store_A,Beverages,11.36,0,0,91
2023-07-18,Store_A,Beverages,12.39,0,0,85
2023-07-19,Store_A,Beverages,11.24,0,0,78
2023-07-20,Store_A,Beverages,10.8,0,0,61
2023-07-21,Store_A,Beverages,11.9,0,0,67
2023-07-22,Store_A,Beverages,11.72,0,0,98
2023-07-23,Store_A,Beverages,11.74,0,0,122
2023-07-24,Store_A,Beverages,12.71,0,0,96
2023-07-25,Store_A,Beverages,12.1,0,0,93
2023-07-26,Store_A,Beverages,11.79,1,0,117
2023-07-27,Store_A,Beverages,12.96,0,0,70
2023-07-28,Store_A,Beverages,12.48,0,0,89
2023-07-29,Store_A,Beverages,13.89,0,0,101
2023-07-30,Store_A,Beverages,11.64,1,0,149
2023-07-31,Store_A,Beverages,12.43,0,0,96
2023-08-01,Store_A,Beverages,11.87,0,0,92
2023-08-02,Store_A,Beverages,12.18,0,0,79
2023-08-03,Store_A,Beverages,12.37,0,0,75
2023-08-04,Store_A,Beverages,12.21,0,0,85
2023-08-05,Store_A,Beverages,11.98,0,0,104
2023-08-06,Store_A,Beverages,11.95,0,0,112
2023-08-07,Store_A,Beverages,11.89,0,0,100
2023-08-08,Store_A,Beverages,10.18,0,0,107
2023-08-09,Store_A,Beverages,11.63,0,0,78
2023-08-10,Store_A,Beverages,11.14,0,0,72
2023-08-11,Store_A,Beverages,12.53,0,0,60
2023-08-12,Store_A,Beverages,10.96,0,0,91
2023-08-13,Store_A,Beverages,12.64,0,0,95
2023-08-14,Store_A,Beverages,12.93,1,0,114
2023-08-15,Store_A,Beverages,11.63,0,0,91
2023-08-16,Store_A,Beverages,10.97,1,0,99
2023-08-17,Store_A,Beverages,12.97,0,0,52
2023-08-18,Store_A,Beverages,11.87,1,0,87
2023-08-19,Store_A,Beverages,12.94,0,0,85
2023-08-20,Store_A,Beverages,11.32,0,0,109
2023-08-21,Store_A,Beverages,12.13,0,0,100
2023-08-22,Store_A,Beverages,11.87,0,0,74
2023-08-23,Store_A,Beverages,11.97,0,0,76
2023-08-24,Store_A,Beverages,11.84,0,0,67
2023-08-25,Store_A,Beverages,11.55,0,0,80
2023-08-26,Store_A,Beverages,12.43,0,0,91
2023-08-27,Store_A,Beverages,12.37,0,0,126
2023-08-28,Store_A,Beverages,10.92,0,0,118
2023-08-29,Store_A,Beverages,13.31,0,0,86
2023-08-30,Store_A,Beverages,11.18,0,0,108
2023-08-31,Store_A,Beverages,12.71,0,0,84
2023-09-01,Store_A,Beverages,12.29,0,0,91
2023-09-02,Store_A,Beverages,12.01,1,0,126
2023-09-03,Store_A,Beverages,12.23,1,0,144
2023-09-04,Store_A,Beverages,12.66,0,0,110
2023-09-05,Store_A,Beverages,13.12,1,0,110
2023-09-06,Store_A,Beverages,12.12,0,0,77
2023-09-07,Store_A,Beverages,10.98,0,0,70
2023-09-08,Store_A,Beverages,11.87,0,0,61
2023-09-09,Store_A,Beverages,11.77,0,0,89
2023-09-10,Store_A,Beverages,11.82,0,0,115
2023-09-11,Store_A,Beverages,12.8,0,0,90
2023-09-12,Store_A,Beverages,12.7,0,0,96
2023-09-13,Store_A,Beverages,11.17,0,0,87
2023-09-14,Store_A,Beverages,13.26,0,0,63
2023-09-15,Store_A,Beverages,12.84,0,0,60
2023-09-16,Store_A,Beverages,12.68,1,0,125
2023-09-17,Store_A,Beverages,12.72,0,0,109
2023-09-18,Store_A,Beverages,11.82,0,0,97
2023-09-19,Store_A,Beverages,11.78,1,0,117
2023-09-20,Store_A,Beverages,11.67,0,0,77
2023-09-21,Store_A,Beverages,11.94,0,0,64
2023-09-22,Store_A,Beverages,11.73,1,0,103
2023-09-23,Store_A,Beverages,12.56,0,0,112
2023-09-24,Store_A,Beverages,11.56,0,0,114
2023-09-25,Store_A,Beverages,12.64,0,0,114
2023-09-26,Store_A,Beverages,11.93,0,0,103
2023-09-27,Store_A,Beverages,13.57,0,0,87
2023-09-28,Store_A,Beverages,12.12,0,0,92
2023-09-29,Store_A,Beverages,11.61,1,0,120
2023-09-30,Store_A,Beverages,11.85,0,0,122
2023-10-01,Store_A,Beverages,11.76,0,0,127
2023-10-02,Store_A,Beverages,11.55,0,0,92
2023-10-03,Store_A,Beverages,11.68,0,0,101
2023-10-04,Store_A,Beverages,11.73,0,0,88
2023-10-05,Store_A,Beverages,12.48,0,0,77
2023-10-06,Store_A,Beverages,11.36,0,0,91
2023-10-07,Store_A,Beverages,11.36,0,0,112
2023-10-08,Store_A,Beverages,12.48,0,0,117
2023-10-09,Store_A,Beverages,12.8,1,0,122
2023-10-10,Store_A,Beverages,11.77,0,0,89
2023-10-11,Store_A,Beverages,12.44,0,0,71
2023-10-12,Store_A,Beverages,11.84,0,0,71
2023-10-13,Store_A,Beverages,11.45,0,0,70
2023-10-14,Store_A,Beverages,12.43,0,0,104
2023-10-15,Store_A,Beverages,12.7,0,0,108
2023-10-16,Store_A,Beverages,12.56,0,0,74
2023-10-17,Store_A,Beverages,13.36,0,0,69
2023-10-18,Store_A,Beverages,11.2,0,0,73
2023-10-19,Store_A,Beverages,12.68,0,0,49
2023-10-20,Store_A,Beverages,11.24,0,0,66
2023-10-21,Store_A,Beverages,11.31,0,0,104
2023-10-22,Store_A,Beverages,12.01,0,0,120
2023-10-23,Store_A,Beverages,12.14,0,0,98
2023-10-24,Store_A,Beverages,11.67,0,0,105
2023-10-25,Store_A,Beverages,12.21,0,0,90
2023-10-26,Store_A,Beverages,10.89,0,0,91
2023-10-27,Store_A,Beverages,11.9,0,0,84
2023-10-28,Store_A,Beverages,12.24,0,0,112
2023-10-29,Store_A,Beverages,12.32,0,0,130
2023-10-30,Store_A,Beverages,10.62,0,0,125
2023-10-31,Store_A,Beverages,12.51,0,0,98
2023-11-01,Store_A,Beverages,12.29,0,0,87
2023-11-02,Store_A,Beverages,13.15,0,0,80
2023-11-03,Store_A,Beverages,11.32,0,0,93
2023-11-04,Store_A,Beverages,13.21,0,0,109
2023-11-05,Store_A,Beverages,11.41,1,0,136
2023-11-06,Store_A,Beverages,11.63,1,0,117
2023-11-07,Store_A,Beverages,11.05,0,0,102
2023-11-08,Store_A,Beverages,11.42,0,0,95
2023-11-09,Store_A,Beverages,12.02,0,0,74
2023-11-10,Store_A,Beverages,12.46,1,0,102
2023-11-11,Store_A,Beverages,11.82,0,0,99
2023-11-12,Store_A,Beverages,11.31,0,0,108
2023-11-13,Store_A,Beverages,13.24,0,0,93
2023-11-14,Store_A,Beverages,11.4,0,0,94
2023-11-15,Store_A,Beverages,11.72,0,0,83
2023-11-16,Store_A,Beverages,12.84,1,0,90
2023-11-17,Store_A,Beverages,11.05,0,0,75
2023-11-18,Store_A,Beverages,13.3,0,0,92
2023-11-19,Store_A,Beverages,11.39,0,0,119
2023-11-20,Store_A,Beverages,11.29,0,1,135
2023-11-21,Store_A,Beverages,11.38,0,1,133
2023-11-22,Store_A,Beverages,11.63,0,1,119
2023-11-23,Store_A,Beverages,12.08,0,1,109
2023-11-24,Store_A,Beverages,13.25,0,1,115
2023-11-25,Store_A,Beverages,10.92,1,1,168
2023-11-26,Store_A,Beverages,10.43,1,1,192
2023-11-27,Store_A,Beverages,12.11,1,1,185
2023-11-28,Store_A,Beverages,12.22,0,1,136
2023-11-29,Store_A,Beverages,11.36,0,1,122
2023-11-30,Store_A,Beverages,13.23,1,1,139
2023-12-01,Store_A,Beverages,11.55,0,0,90
2023-12-02,Store_A,Beverages,12.09,0,0,110
2023-12-03,Store_A,Beverages,12.45,0,0,129
2023-12-04,Store_A,Beverages,11.71,0,0,91
2023-12-05,Store_A,Beverages,12.12,0,0,85
2023-12-06,Store_A,Beverages,11.04,0,0,83
2023-12-07,Store_A,Beverages,12.1,0,0,53
2023-12-08,Store_A,Beverages,12.31,1,0,96
2023-12-09,Store_A,Beverages,13.18,0,0,99
2023-12-10,Store_A,Beverages,12.81,0,0,100
2023-12-11,Store_A,Beverages,13.04,1,0,106
2023-12-12,Store_A,Beverages,12.37,0,0,85
2023-12-13,Store_A,Beverages,11.55,1,0,95
2023-12-14,Store_A,Beverages,11.82,0,0,71
2023-12-15,Store_A,Beverages,12.87,0,0,56
2023-12-16,Store_A,Beverages,11.97,0,0,108
2023-12-17,Store_A,Beverages,11.26,0,0,130
2023-12-18,Store_A,Beverages,13.62,1,0,106
2023-12-19,Store_A,Beverages,13.06,0,0,83
2023-12-20,Store_A,Beverages,12.79,0,1,117
2023-12-21,Store_A,Beverages,11.54,0,1,114
2023-12-22,Store_A,Beverages,12.52,1,1,142
2023-12-23,Store_A,Beverages,11.24,0,1,153
2023-12-24,Store_A,Beverages,11.48,1,1,179
2023-12-25,Store_A,Beverages,12.31,0,1,137
2023-12-26,Store_A,Beverages,13.31,0,1,132
2023-12-27,Store_A,Beverages,11.5,0,1,147
2023-12-28,Store_A,Beverages,11.83,1,1,141
2023-12-29,Store_A,Beverages,12.52,0,1,119
2023-12-30,Store_A,Beverages,13.28,0,1,138
2023-12-31,Store_A,Beverages,11.24,0,1,166
2022-01-01,Store_A,Snacks,14.27,0,0,55
2022-01-02,Store_A,Snacks,13.42,0,0,100
2022-01-03,Store_A,Snacks,14.71,0,0,63
2022-01-04,Store_A,Snacks,13.99,0,0,67
2022-01-05,Store_A,Snacks,15.27,1,0,85
2022-01-06,Store_A,Snacks,13.41,1,0,88
2022-01-07,Store_A,Snacks,13.57,1,0,69
2022-01-08,Store_A,Snacks,12.04,0,0,90
2022-01-09,Store_A,Snacks,14.76,0,0,109
2022-01-10,Store_A,Snacks,14.47,0,0,72
2022-01-11,Store_A,Snacks,12.55,0,0,76
2022-01-12,Store_A,Snacks,15.31,0,0,55
2022-01-13,Store_A,Snacks,14.25,0,0,61
2022-01-14,Store_A,Snacks,13.97,0,0,52
2022-01-15,Store_A,Snacks,14.16,1,0,107
2022-01-16,Store_A,Snacks,14.19,0,0,87
2022-01-17,Store_A,Snacks,15.37,1,0,101
2022-01-18,Store_A,Snacks,15.18,0,0,53
2022-01-19,Store_A,Snacks,14.52,0,0,55
2022-01-20,Store_A,Snacks,15.04,1,0,55
2022-01-21,Store_A,Snacks,13.5,0,0,50
2022-01-22,Store_A,Snacks,13.73,0,0,77
2022-01-23,Store_A,Snacks,14.11,0,0,84
2022-01-24,Store_A,Snacks,13.84,0,0,68
2022-01-25,Store_A,Snacks,13.14,0,0,81
2022-01-26,Store_A,Snacks,13.09,0,0,44
2022-01-27,Store_A,Snacks,13.89,0,0,50
2022-01-28,Store_A,Snacks,13.05,0,0,60
2022-01-29,Store_A,Snacks,13.3,0,0,88
2022-01-30,Store_A,Snacks,14.82,0,0,86
2022-01-31,Store_A,Snacks,14.11,0,0,79
2022-02-01,Store_A,Snacks,14.55,0,0,73
2022-02-02,Store_A,Snacks,13.79,0,0,65
2022-02-03,Store_A,Snacks,14.24,0,0,55
2022-02-04,Store_A,Snacks,13.71,1,0,87
2022-02-05,Store_A,Snacks,13.57,0,0,104
2022-02-06,Store_A,Snacks,13.98,0,0,95
2022-02-07,Store_A,Snacks,13.81,0,0,86
2022-02-08,Store_A,Snacks,12.68,0,0,89
2022-02-09,Store_A,Snacks,14.75,1,0,93
2022-02-10,Store_A,Snacks,13.86,1,0,87
2022-02-11,Store_A,Snacks,13.95,1,0,86
2022-02-12,Store_A,Snacks,14.0,0,0,85
2022-02-13,Store_A,Snacks,14.16,0,0,84
2022-02-14,Store_A,Snacks,13.4,1,0,111
2022-02-15,Store_A,Snacks,14.45,0,0,84
2022-02-16,Store_A,Snacks,14.61,0,0,48
2022-02-17,Store_A,Snacks,14.31,0,0,59
2022-02-18,Store_A,Snacks,13.25,0,0,65
2022-02-19,Store_A,Snacks,13.79,0,0,68
2022-02-20,Store_A,Snacks,13.81,0,0,92
2022-02-21,Store_A,Snacks,13.34,0,0,81
2022-02-22,Store_A,Snacks,13.87,0,0,58
2022-02-23,Store_A,Snacks,14.0,1,0,77
2022-02-24,Store_A,Snacks,14.86,0,0,35
2022-02-25,Store_A,Snacks,14.18,0,0,56
2022-02-26,Store_A,Snacks,13.8,0,0,82
2022-02-27,Store_A,Snacks,14.08,0,0,98
2022-02-28,Store_A,Snacks,13.7,0,0,69
2022-03-01,Store_A,Snacks,16.26,0,0,50
2022-03-02,Store_A,Snacks,13.3,0,0,67
2022-03-03,Store_A,Snacks,13.71,0,0,67
2022-03-04,Store_A,Snacks,13.24,0,0,56
2022-03-05,Store_A,Snacks,13.77,0,0,104
2022-03-06,Store_A,Snacks,14.24,1,0,116
2022-03-07,Store_A,Snacks,12.69,0,0,99
2022-03-08,Store_A,Snacks,15.0,0,0,74
2022-03-09,Store_A,Snacks,13.63,0,0,80
2022-03-10,Store_A,Snacks,14.01,0,0,60
2022-03-11,Store_A,Snacks,13.34,0,0,79
2022-03-12,Store_A,Snacks,13.89,1,0,129
2022-03-13,Store_A,Snacks,14.5,0,0,102
2022-03-14,Store_A,Snacks,13.92,0,0,99
2022-03-15,Store_A,Snacks,12.11,1,0,111
2022-03-16,Store_A,Snacks,12.16,1,0,92
2022-03-17,Store_A,Snacks,13.93,0,0,59
2022-03-18,Store_A,Snacks,14.04,0,0,49
2022-03-19,Store_A,Snacks,13.99,0,0,79
2022-03-20,Store_A,Snacks,13.33,1,0,117
2022-03-21,Store_A,Snacks,13.44,0,0,71
2022-03-22,Store_A,Snacks,14.28,0,0,67
2022-03-23,Store_A,Snacks,12.95,0,0,62
2022-03-24,Store_A,Snacks,13.86,0,0,44
2022-03-25,Store_A,Snacks,14.19,0,0,50
2022-03-26,Store_A,Snacks,14.78,0,0,85
2022-03-27,Store_A,Snacks,12.72,0,0,96
2022-03-28,Store_A,Snacks,13.14,1,0,105
2022-03-29,Store_A,Snacks,14.54,0,0,75
2022-03-30,Store_A,Snacks,15.1,0,0,45
2022-03-31,Store_A,Snacks,14.15,0,0,52
2022-04-01,Store_A,Snacks,15.11,0,0,55
2022-04-02,Store_A,Snacks,15.6,1,0,106
2022-04-03,Store_A,Snacks,13.89,0,0,107
2022-04-04,Store_A,Snacks,13.44,0,0,90
2022-04-05,Store_A,Snacks,13.6,0,0,76
2022-04-06,Store_A,Snacks,14.7,0,0,67
2022-04-07,Store_A,Snacks,13.32,0,0,71
2022-04-08,Store_A,Snacks,15.0,1,0,89
2022-04-09,Store_A,Snacks,14.19,0,0,108
2022-04-10,Store_A,Snacks,14.28,0,0,98
2022-04-11,Store_A,Snacks,13.89,0,0,84
2022-04-12,Store_A,Snacks,14.12,0,0,76
2022-04-13,Store_A,Snacks,14.49,0,0,68
2022-04-14,Store_A,Snacks,13.5,0,0,80
2022-04-15,Store_A,Snacks,12.47,0,0,68
2022-04-16,Store_A,Snacks,13.48,0,0,79
2022-04-17,Store_A,Snacks,13.15,0,0,98
2022-04-18,Store_A,Snacks,14.21,0,0,90
2022-04-19,Store_A,Snacks,14.53,0,0,68
2022-04-20,Store_A,Snacks,14.19,0,0,60
2022-04-21,Store_A,Snacks,13.49,0,0,43
2022-04-22,Store_A,Snacks,13.27,0,0,66
2022-04-23,Store_A,Snacks,14.13,1,0,103
2022-04-24,Store_A,Snacks,13.73,0,0,93
2022-04-25,Store_A,Snacks,14.09,0,0,78
2022-04-26,Store_A,Snacks,15.86,0,0,52
2022-04-27,Store_A,Snacks,14.97,0,0,64
2022-04-28,Store_A,Snacks,13.02,0,0,66
2022-04-29,Store_A,Snacks,14.49,1,0,87
2022-04-30,Store_A,Snacks,13.24,1,0,113
2022-05-01,Store_A,Snacks,13.53,0,0,102
2022-05-02,Store_A,Snacks,13.89,0,0,94
2022-05-03,Store_A,Snacks,13.38,1,0,97
2022-05-04,Store_A,Snacks,14.13,1,0,90
2022-05-05,Store_A,Snacks,14.31,0,0,58
2022-05-06,Store_A,Snacks,13.58,0,0,71
2022-05-07,Store_A,Snacks,13.05,0,0,101
2022-05-08,Store_A,Snacks,13.56,0,0,109
2022-05-09,Store_A,Snacks,14.73,1,0,111
2022-05-10,Store_A,Snacks,15.07,0,0,86
2022-05-11,Store_A,Snacks,13.71,0,0,75
2022-05-12,Store_A,Snacks,13.53,1,0,86
2022-05-13,Store_A,Snacks,14.98,0,0,71
2022-05-14,Store_A,Snacks,14.54,0,0,87
2022-05-15,Store_A,Snacks,13.85,0,0,108
2022-05-16,Store_A,Snacks,13.86,0,0,84
2022-05-17,Store_A,Snacks,14.69,1,0,81
2022-05-18,Store_A,Snacks,13.19,0,0,73
2022-05-19,Store_A,Snacks,14.02,1,0,68
2022-05-20,Store_A,Snacks,14.77,1,0,66
2022-05-21,Store_A,Snacks,14.3,0,0,80
2022-05-22,Store_A,Snacks,14.61,1,0,118
2022-05-23,Store_A,Snacks,13.84,0,0,71
2022-05-24,Store_A,Snacks,12.43,1,0,85
2022-05-25,Store_A,Snacks,14.22,0,0,39
2022-05-26,Store_A,Snacks,14.51,1,0,70
2022-05-27,Store_A,Snacks,14.8,0,0,58
2022-05-28,Store_A,Snacks,13.89,1,0,102
2022-05-29,Store_A,Snacks,13.65,0,0,96
2022-05-30,Store_A,Snacks,14.74,1,0,104
2022-05-31,Store_A,Snacks,13.85,0,0,79
2022-06-01,Store_A,Snacks,13.34,0,0,69
2022-06-02,Store_A,Snacks,14.27,1,0,80
2022-06-03,Store_A,Snacks,12.49,0,0,89
2022-06-04,Store_A,Snacks,13.13,0,0,91
2022-06-05,Store_A,Snacks,13.55,0,0,111
2022-06-06,Store_A,Snacks,13.87,0,0,105
2022-06-07,Store_A,Snacks,13.27,0,0,81
2022-06-08,Store_A,Snacks,13.75,0,0,85
2022-06-09,Store_A,Snacks,12.88,0,0,70
2022-06-10,Store_A,Snacks,13.8,0,0,63
2022-06-11,Store_A,Snacks,13.85,0,0,107
2022-06-12,Store_A,Snacks,15.08,0,0,103
2022-06-13,Store_A,Snacks,15.05,0,0,84
2022-06-14,Store_A,Snacks,14.27,0,0,88
2022-06-15,Store_A,Snacks,13.8,1,0,94
2022-06-16,Store_A,Snacks,13.98,0,0,44
2022-06-17,Store_A,Snacks,13.0,0,0,69
2022-06-18,Store_A,Snacks,13.89,0,0,94
2022-06-19,Store_A,Snacks,14.11,1,0,107
2022-06-20,Store_A,Snacks,12.46,0,0,79
2022-06-21,Store_A,Snacks,12.82,0,0,76
2022-06-22,Store_A,Snacks,13.52,0,0,55
2022-06-23,Store_A,Snacks,14.31,0,0,59
2022-06-24,Store_A,Snacks,13.04,0,0,52
2022-06-25,Store_A,Snacks,13.78,0,0,71
2022-06-26,Store_A,Snacks,13.78,1,0,123
2022-06-27,Store_A,Snacks,15.14,0,0,59
2022-06-28,Store_A,Snacks,13.99,0,0,64
2022-06-29,Store_A,Snacks,13.69,0,0,71
2022-06-30,Store_A,Snacks,13.84,0,0,73
2022-07-01,Store_A,Snacks,14.84,0,0,50
2022-07-02,Store_A,Snacks,13.31,1,0,117
2022-07-03,Store_A,Snacks,14.63,1,0,142
2022-07-04,Store_A,Snacks,13.34,1,0,116
2022-07-05,Store_A,Snacks,14.14,0,0,81
2022-07-06,Store_A,Snacks,14.56,0,0,81
2022-07-07,Store_A,Snacks,13.46,0,0,71
2022-07-08,Store_A,Snacks,13.06,0,0,71
2022-07-09,Store_A,Snacks,13.18,0,0,92
2022-07-10,Store_A,Snacks,12.95,0,0,123
2022-07-11,Store_A,Snacks,13.43,0,0,102
2022-07-12,Store_A,Snacks,13.75,0,0,82
2022-07-13,Store_A,Snacks,14.72,0,0,70
2022-07-14,Store_A,Snacks,14.22,0,0,86
2022-07-15,Store_A,Snacks,14.4,1,0,96
2022-07-16,Store_A,Snacks,14.02,1,0,126
2022-07-17,Store_A,Snacks,15.11,1,0,136
2022-07-18,Store_A,Snacks,14.2,0,0,92
2022-07-19,Store_A,Snacks,13.59,0,0,93
2022-07-20,Store_A,Snacks,13.42,0,0,76
2022-07-21,Store_A,Snacks,13.49,0,0,62
2022-07-22,Store_A,Snacks,13.4,1,0,91
2022-07-23,Store_A,Snacks,14.06,0,0,93
2022-07-24,Store_A,Snacks,13.27,0,0,94
2022-07-25,Store_A,Snacks,14.64,1,0,90
2022-07-26,Store_A,Snacks,13.82,1,0,96
2022-07-27,Store_A,Snacks,14.22,0,0,59
2022-07-28,Store_A,Snacks,12.84,0,0,74
2022-07-29,Store_A,Snacks,13.17,0,0,60
2022-07-30,Store_A,Snacks,13.96,0,0,96
2022-07-31,Store_A,Snacks,14.73,0,0,90
2022-08-01,Store_A,Snacks,12.68,1,0,122
2022-08-02,Store_A,Snacks,13.98,0,0,90
2022-08-03,Store_A,Snacks,13.23,0,0,75
2022-08-04,Store_A,Snacks,14.79,0,0,49
2022-08-05,Store_A,Snacks,13.46,0,0,71
2022-08-06,Store_A,Snacks,13.24,0,0,102
2022-08-07,Store_A,Snacks,14.46,0,0,110
2022-08-08,Store_A,Snacks,14.02,1,0,121
2022-08-09,Store_A,Snacks,12.83,0,0,95
2022-08-10,Store_A,Snacks,13.82,1,0,102
2022-08-11,Store_A,Snacks,14.97,0,0,64
2022-08-12,Store_A,Snacks,14.18,1,0,78
2022-08-13,Store_A,Snacks,13.21,0,0,115
2022-08-14,Store_A,Snacks,14.25,0,0,114
2022-08-15,Store_A,Snacks,14.25,0,0,94
2022-08-16,Store_A,Snacks,14.88,0,0,72
2022-08-17,Store_A,Snacks,14.3,0,0,70
2022-08-18,Store_A,Snacks,14.25,0,0,48
2022-08-19,Store_A,Snacks,12.72,0,0,44
2022-08-20,Store_A,Snacks,14.02,0,0,76
2022-08-21,Store_A,Snacks,13.24,0,0,90
2022-08-22,Store_A,Snacks,13.58,1,0,106
2022-08-23,Store_A,Snacks,14.52,0,0,59
2022-08-24,Store_A,Snacks,13.75,0,0,54
2022-08-25,Store_A,Snacks,13.97,0,0,60
2022-08-26,Store_A,Snacks,13.73,0,0,59
2022-08-27,Store_A,Snacks,14.03,0,0,93
2022-08-28,Store_A,Snacks,14.84,1,0,123
2022-08-29,Store_A,Snacks,13.64,1,0,126
2022-08-30,Store_A,Snacks,14.46,0,0,97
2022-08-31,Store_A,Snacks,13.91,0,0,70
2022-09-01,Store_A,Snacks,14.08,0,0,60
2022-09-02,Store_A,Snacks,13.52,0,0,63
2022-09-03,Store_A,Snacks,14.78,0,0,113
2022-09-04,Store_A,Snacks,14.73,0,0,130
2022-09-05,Store_A,Snacks,13.29,0,0,94
2022-09-06,Store_A,Snacks,14.36,0,0,90
2022-09-07,Store_A,Snacks,13.63,1,0,93
2022-09-08,Store_A,Snacks,13.11,0,0,79
2022-09-09,Store_A,Snacks,14.25,0,0,86
2022-09-10,Store_A,Snacks,14.56,0,0,103
2022-09-11,Store_A,Snacks,14.88,0,0,109
2022-09-12,Store_A,Snacks,14.02,1,0,117
2022-09-13,Store_A,Snacks,14.68,0,0,102
2022-09-14,Store_A,Snacks,13.6,0,0,68
2022-09-15,Store_A,Snacks,13.52,0,0,70
2022-09-16,Store_A,Snacks,14.77,0,0,64
2022-09-17,Store_A,Snacks,14.4,0,0,105
2022-09-18,Store_A,Snacks,13.52,0,0,117
2022-09-19,Store_A,Snacks,13.36,0,0,68
2022-09-20,Store_A,Snacks,14.19,0,0,59
2022-09-21,Store_A,Snacks,12.72,1,0,94
2022-09-22,Store_A,Snacks,14.1,0,0,66
2022-09-23,Store_A,Snacks,12.55,0,0,72
2022-09-24,Store_A,Snacks,13.87,0,0,103
2022-09-25,Store_A,Snacks,13.83,0,0,99
2022-09-26,Store_A,Snacks,13.39,0,0,92
2022-09-27,Store_A,Snacks,14.17,0,0,78
2022-09-28,Store_A,Snacks,12.94,1,0,105
2022-09-29,Store_A,Snacks,14.74,1,0,89
2022-09-30,Store_A,Snacks,14.4,0,0,65
2022-10-01,Store_A,Snacks,13.26,0,0,110
2022-10-02,Store_A,Snacks,12.63,0,0,116
2022-10-03,Store_A,Snacks,14.58,0,0,103
2022-10-04,Store_A,Snacks,14.11,0,0,98
2022-10-05,Store_A,Snacks,14.05,0,0,78
2022-10-06,Store_A,Snacks,12.62,0,0,83
2022-10-07,Store_A,Snacks,14.55,0,0,80
2022-10-08,Store_A,Snacks,14.6,0,0,108
2022-10-09,Store_A,Snacks,13.73,0,0,100
2022-10-10,Store_A,Snacks,14.07,0,0,102
2022-10-11,Store_A,Snacks,13.8,0,0,96
2022-10-12,Store_A,Snacks,13.06,0,0,60
2022-10-13,Store_A,Snacks,15.53,1,0,79
2022-10-14,Store_A,Snacks,14.08,1,0,73
2022-10-15,Store_A,Snacks,13.19,0,0,87
2022-10-16,Store_A,Snacks,14.94,1,0,128
2022-10-17,Store_A,Snacks,14.39,0,0,68
2022-10-18,Store_A,Snacks,14.32,1,0,93
2022-10-19,Store_A,Snacks,14.38,0,0,52
2022-10-20,Store_A,Snacks,15.36,0,0,46
2022-10-21,Store_A,Snacks,13.94,0,0,69
2022-10-22,Store_A,Snacks,14.72,0,0,94
2022-10-23,Store_A,Snacks,13.86,0,0,107
2022-10-24,Store_A,Snacks,12.45,0,0,96
2022-10-25,Store_A,Snacks,14.01,0,0,81
2022-10-26,Store_A,Snacks,13.12,0,0,82
2022-10-27,Store_A,Snacks,13.76,0,0,61
2022-10-28,Store_A,Snacks,14.72,1,0,90
2022-10-29,Store_A,Snacks,13.39,0,0,100
2022-10-30,Store_A,Snacks,15.45,0,0,119
2022-10-31,Store_A,Snacks,14.54,0,0,81
2022-11-01,Store_A,Snacks,13.23,0,0,84
2022-11-02,Store_A,Snacks,13.83,0,0,88
2022-11-03,Store_A,Snacks,14.13,0,0,79
2022-11-04,Store_A,Snacks,14.18,0,0,78
2022-11-05,Store_A,Snacks,14.58,0,0,117
2022-11-06,Store_A,Snacks,13.94,0,0,112
2022-11-07,Store_A,Snacks,13.96,0,0,104
2022-11-08,Store_A,Snacks,15.56,1,0,114
2022-11-09,Store_A,Snacks,14.7,0,0,75
2022-11-10,Store_A,Snacks,13.38,0,0,63
2022-11-11,Store_A,Snacks,14.22,0,0,67
2022-11-12,Store_A,Snacks,13.3,0,0,94
2022-11-13,Store_A,Snacks,15.54,0,0,107
2022-11-14,Store_A,Snacks,14.54,0,0,95
2022-11-15,Store_A,Snacks,13.66,0,0,85
2022-11-16,Store_A,Snacks,14.22,0,0,62
2022-11-17,Store_A,Snacks,13.98,0,0,65
2022-11-18,Store_A,Snacks,14.61,0,0,50
2022-11-19,Store_A,Snacks,13.66,0,0,91
2022-11-20,Store_A,Snacks,13.71,0,1,135
2022-11-21,Store_A,Snacks,13.28,0,1,133
2022-11-22,Store_A,Snacks,14.03,1,1,136
2022-11-23,Store_A,Snacks,14.45,0,1,102
2022-11-24,Store_A,Snacks,13.89,0,1,96
2022-11-25,Store_A,Snacks,13.05,0,1,109
2022-11-26,Store_A,Snacks,14.42,1,1,147
2022-11-27,Store_A,Snacks,12.9,0,1,131
2022-11-28,Store_A,Snacks,14.3,0,1,142
2022-11-29,Store_A,Snacks,13.11,0,1,129
2022-11-30,Store_A,Snacks,14.35,0,1,103
2022-12-01,Store_A,Snacks,13.53,0,0,82
2022-12-02,Store_A,Snacks,14.2,0,0,79
2022-12-03,Store_A,Snacks,13.81,0,0,103
2022-12-04,Store_A,Snacks,12.83,1,0,146
2022-12-05,Store_A,Snacks,14.72,0,0,103
2022-12-06,Store_A,Snacks,15.12,0,0,96
2022-12-07,Store_A,Snacks,14.58,0,0,70
2022-12-08,Store_A,Snacks,13.78,1,0,95
2022-12-09,Store_A,Snacks,14.24,0,0,67
2022-12-10,Store_A,Snacks,13.43,0,0,112
2022-12-11,Store_A,Snacks,13.37,0,0,122
2022-12-12,Store_A,Snacks,14.1,0,0,94
2022-12-13,Store_A,Snacks,13.46,0,0,77
2022-12-14,Store_A,Snacks,14.16,0,0,90
2022-12-15,Store_A,Snacks,15.06,0,0,47
2022-12-16,Store_A,Snacks,14.03,0,0,54
2022-12-17,Store_A,Snacks,14.53,0,0,114
2022-12-18,Store_A,Snacks,13.93,0,0,109
2022-12-19,Store_A,Snacks,14.7,0,0,91
2022-12-20,Store_A,Snacks,14.11,0,1,109
2022-12-21,Store_A,Snacks,15.37,0,1,76
2022-12-22,Store_A,Snacks,14.25,0,1,92
2022-12-23,Store_A,Snacks,15.66,0,1,92
2022-12-24,Store_A,Snacks,14.67,0,1,125
2022-12-25,Store_A,Snacks,14.22,0,1,135
2022-12-26,Store_A,Snacks,14.64,0,1,124
2022-12-27,Store_A,Snacks,13.06,0,1,116
2022-12-28,Store_A,Snacks,13.25,1,1,146
2022-12-29,Store_A,Snacks,14.47,1,1,128
2022-12-30,Store_A,Snacks,14.05,0,1,108
2022-12-31,Store_A,Snacks,14.49,0,1,131
2023-01-01,Store_A,Snacks,14.68,1,0,129
2023-01-02,Store_A,Snacks,13.97,0,0,86
2023-01-03,Store_A,Snacks,13.73,0,0,92
2023-01-04,Store_A,Snacks,14.69,0,0,80
2023-01-05,Store_A,Snacks,12.7,0,0,80
2023-01-06,Store_A,Snacks,13.89,1,0,108
2023-01-07,Store_A,Snacks,14.78,0,0,95
2023-01-08,Store_A,Snacks,14.5,0,0,107
2023-01-09,Store_A,Snacks,13.12,0,0,104
2023-01-10,Store_A,Snacks,12.14,0,0,97
2023-01-11,Store_A,Snacks,14.11,0,0,77
2023-01-12,Store_A,Snacks,13.93,0,0,67
2023-01-13,Store_A,Snacks,14.48,0,0,65
2023-01-14,Store_A,Snacks,13.47,0,0,95
2023-01-15,Store_A,Snacks,13.12,0,0,102
2023-01-16,Store_A,Snacks,14.41,0,0,81
2023-01-17,Store_A,Snacks,13.32,0,0,79
2023-01-18,Store_A,Snacks,14.36,0,0,78
2023-01-19,Store_A,Snacks,12.53,0,0,52
2023-01-20,Store_A,Snacks,13.58,0,0,65
2023-01-21,Store_A,Snacks,12.49,0,0,99
2023-01-22,Store_A,Snacks,14.03,0,0,108
2023-01-23,Store_A,Snacks,14.63,0,0,81
2023-01-24,Store_A,Snacks,13.6,0,0,84
2023-01-25,Store_A,Snacks,14.39,0,0,84
2023-01-26,Store_A,Snacks,13.37,1,0,90
2023-01-27,Store_A,Snacks,13.97,0,0,62
2023-01-28,Store_A,Snacks,13.77,0,0,84
2023-01-29,Store_A,Snacks,15.21,0,0,109
2023-01-30,Store_A,Snacks,14.22,0,0,106
2023-01-31,Store_A,Snacks,12.86,0,0,104
2023-02-01,Store_A,Snacks,14.72,1,0,115
2023-02-02,Store_A,Snacks,12.68,0,0,79
2023-02-03,Store_A,Snacks,14.53,0,0,75
2023-02-04,Store_A,Snacks,13.7,0,0,124
2023-02-05,Store_A,Snacks,14.25,0,0,112
2023-02-06,Store_A,Snacks,15.25,1,0,114
2023-02-07,Store_A,Snacks,14.0,1,0,124
2023-02-08,Store_A,Snacks,13.58,0,0,71
2023-02-09,Store_A,Snacks,14.41,0,0,48
2023-02-10,Store_A,Snacks,14.25,0,0,67
2023-02-11,Store_A,Snacks,13.38,0,0,108
2023-02-12,Store_A,Snacks,13.48,1,0,126
2023-02-13,Store_A,Snacks,14.72,1,0,121
2023-02-14,Store_A,Snacks,14.12,0,0,90
2023-02-15,Store_A,Snacks,14.48,0,0,59
2023-02-16,Store_A,Snacks,14.86,1,0,73
2023-02-17,Store_A,Snacks,13.1,0,0,52
2023-02-18,Store_A,Snacks,13.47,0,0,98
2023-02-19,Store_A,Snacks,13.54,1,0,137
2023-02-20,Store_A,Snacks,14.37,0,0,76
2023-02-21,Store_A,Snacks,14.09,0,0,91
2023-02-22,Store_A,Snacks,14.06,0,0,82
2023-02-23,Store_A,Snacks,14.77,0,0,74
2023-02-24,Store_A,Snacks,14.24,0,0,71
2023-02-25,Store_A,Snacks,13.48,0,0,97
2023-02-26,Store_A,Snacks,13.5,0,0,112
2023-02-27,Store_A,Snacks,14.37,0,0,102
2023-02-28,Store_A,Snacks,14.71,0,0,96
2023-03-01,Store_A,Snacks,13.69,0,0,77
2023-03-02,Store_A,Snacks,13.97,1,0,92
2023-03-03,Store_A,Snacks,13.89,1,0,111
2023-03-04,Store_A,Snacks,13.62,0,0,106
2023-03-05,Store_A,Snacks,14.34,0,0,109
2023-03-06,Store_A,Snacks,13.75,0,0,109
2023-03-07,Store_A,Snacks,14.29,0,0,99
2023-03-08,Store_A,Snacks,15.2,0,0,73
2023-03-09,Store_A,Snacks,14.5,0,0,77
2023-03-10,Store_A,Snacks,14.08,0,0,66
2023-03-11,Store_A,Snacks,12.99,1,0,144
2023-03-12,Store_A,Snacks,14.26,1,0,124
2023-03-13,Store_A,Snacks,15.93,0,0,85
2023-03-14,Store_A,Snacks,14.89,0,0,69
2023-03-15,Store_A,Snacks,14.46,0,0,58
2023-03-16,Store_A,Snacks,14.76,0,0,58
2023-03-17,Store_A,Snacks,13.51,0,0,56
2023-03-18,Store_A,Snacks,14.03,0,0,85
2023-03-19,Store_A,Snacks,13.02,0,0,110
2023-03-20,Store_A,Snacks,14.79,0,0,96
2023-03-21,Store_A,Snacks,14.37,0,0,87
2023-03-22,Store_A,Snacks,11.93,0,0,80
2023-03-23,Store_A,Snacks,12.84,0,0,67
2023-03-24,Store_A,Snacks,13.01,0,0,53
2023-03-25,Store_A,Snacks,12.82,0,0,104
2023-03-26,Store_A,Snacks,14.17,0,0,120
2023-03-27,Store_A,Snacks,13.99,1,0,130
2023-03-28,Store_A,Snacks,14.41,0,0,94
2023-03-29,Store_A,Snacks,13.46,0,0,96
2023-03-30,Store_A,Snacks,14.5,1,0,91
2023-03-31,Store_A,Snacks,12.82,0,0,76
2023-04-01,Store_A,Snacks,14.13,0,0,99
2023-04-02,Store_A,Snacks,14.48,0,0,125
2023-04-03,Store_A,Snacks,15.08,0,0,112
2023-04-04,Store_A,Snacks,14.56,1,0,119
2023-04-05,Store_A,Snacks,14.44,0,0,93
2023-04-06,Store_A,Snacks,14.31,0,0,82
2023-04-07,Store_A,Snacks,14.22,0,0,74
2023-04-08,Store_A,Snacks,14.01,0,0,104
2023-04-09,Store_A,Snacks,14.75,0,0,126
2023-04-10,Store_A,Snacks,15.46,0,0,82
2023-04-11,Store_A,Snacks,14.36,0,0,83
2023-04-12,Store_A,Snacks,13.99,1,0,99
2023-04-13,Store_A,Snacks,12.46,0,0,65
2023-04-14,Store_A,Snacks,12.87,0,0,68
2023-04-15,Store_A,Snacks,13.02,0,0,98
2023-04-16,Store_A,Snacks,14.04,1,0,135
2023-04-17,Store_A,Snacks,15.45,0,0,97
2023-04-18,Store_A,Snacks,14.26,0,0,80
2023-04-19,Store_A,Snacks,13.76,0,0,73
2023-04-20,Store_A,Snacks,14.92,0,0,67
2023-04-21,Store_A,Snacks,14.14,0,0,56
2023-04-22,Store_A,Snacks,14.11,0,0,109
2023-04-23,Store_A,Snacks,13.24,1,0,143
2023-04-24,Store_A,Snacks,14.35,1,0,118
2023-04-25,Store_A,Snacks,13.79,0,0,90
2023-04-26,Store_A,Snacks,13.17,1,0,121
2023-04-27,Store_A,Snacks,12.91,0,0,83
2023-04-28,Store_A,Snacks,14.13,0,0,63
2023-04-29,Store_A,Snacks,14.13,0,0,95
2023-04-30,Store_A,Snacks,14.56,0,0,123
2023-05-01,Store_A,Snacks,15.09,0,0,102
2023-05-02,Store_A,Snacks,14.22,0,0,111
2023-05-03,Store_A,Snacks,13.33,0,0,101
2023-05-04,Store_A,Snacks,13.52,0,0,74
2023-05-05,Store_A,Snacks,14.25,1,0,107
2023-05-06,Store_A,Snacks,15.42,1,0,133
2023-05-07,Store_A,Snacks,14.01,0,0,118
2023-05-08,Store_A,Snacks,15.01,1,0,112
2023-05-09,Store_A,Snacks,13.86,0,0,100
2023-05-10,Store_A,Snacks,13.91,0,0,88
2023-05-11,Store_A,Snacks,14.25,0,0,86
2023-05-12,Store_A,Snacks,14.32,0,0,63
2023-05-13,Store_A,Snacks,13.62,1,0,133
2023-05-14,Store_A,Snacks,12.43,0,0,101
2023-05-15,Store_A,Snacks,13.77,0,0,95
2023-05-16,Store_A,Snacks,14.76,0,0,70
2023-05-17,Store_A,Snacks,13.85,0,0,79
2023-05-18,Store_A,Snacks,14.29,0,0,70
2023-05-19,Store_A,Snacks,13.77,0,0,71
2023-05-20,Store_A,Snacks,13.09,0,0,96
2023-05-21,Store_A,Snacks,14.82,0,0,100
2023-05-22,Store_A,Snacks,14.32,0,0,106
2023-05-23,Store_A,Snacks,14.51,0,0,72
2023-05-24,Store_A,Snacks,13.96,0,0,76
2023-05-25,Store_A,Snacks,14.32,0,0,77
2023-05-26,Store_A,Snacks,14.47,1,0,90
2023-05-27,Store_A,Snacks,13.31,0,0,114
2023-05-28,Store_A,Snacks,14.23,0,0,121
2023-05-29,Store_A,Snacks,14.46,0,0,99
2023-05-30,Store_A,Snacks,13.98,1,0,127
2023-05-31,Store_A,Snacks,14.33,0,0,83
2023-06-01,Store_A,Snacks,13.41,0,0,78
2023-06-02,Store_A,Snacks,14.37,0,0,82
2023-06-03,Store_A,Snacks,14.57,0,0,113
2023-06-04,Store_A,Snacks,13.83,0,0,135
2023-06-05,Store_A,Snacks,13.95,0,0,124
2023-06-06,Store_A,Snacks,14.24,0,0,87
2023-06-07,Store_A,Snacks,13.31,0,0,99
2023-06-08,Store_A,Snacks,13.62,0,0,77
2023-06-09,Store_A,Snacks,14.62,1,0,95
2023-06-10,Store_A,Snacks,14.2,1,0,129
2023-06-11,Store_A,Snacks,13.56,0,0,117
2023-06-12,Store_A,Snacks,14.13,0,0,95
2023-06-13,Store_A,Snacks,14.37,0,0,80
2023-06-14,Store_A,Snacks,14.74,0,0,67
2023-06-15,Store_A,Snacks,13.95,1,0,92
2023-06-16,Store_A,Snacks,14.04,0,0,64
2023-06-17,Store_A,Snacks,12.89,0,0,88
2023-06-18,Store_A,Snacks,14.1,1,0,132
2023-06-19,Store_A,Snacks,15.39,0,0,83
2023-06-20,Store_A,Snacks,13.44,1,0,106
2023-06-21,Store_A,Snacks,13.48,1,0,87
2023-06-22,Store_A,Snacks,12.88,0,0,80
2023-06-23,Store_A,Snacks,13.56,0,0,70
2023-06-24,Store_A,Snacks,13.64,0,0,103
2023-06-25,Store_A,Snacks,16.2,0,0,110
2023-06-26,Store_A,Snacks,14.35,1,0,127
2023-06-27,Store_A,Snacks,13.7,0,0,98
2023-06-28,Store_A,Snacks,13.91,0,0,97
2023-06-29,Store_A,Snacks,13.58,0,0,81
2023-06-30,Store_A,Snacks,13.53,1,0,107
2023-07-01,Store_A,Snacks,14.5,0,0,114
2023-07-02,Store_A,Snacks,14.0,0,0,118
2023-07-03,Store_A,Snacks,13.63,0,0,97
2023-07-04,Store_A,Snacks,13.22,0,0,112
2023-07-05,Store_A,Snacks,14.58,1,0,102
2023-07-06,Store_A,Snacks,14.32,0,0,93
2023-07-07,Store_A,Snacks,14.21,0,0,69
2023-07-08,Store_A,Snacks,14.36,0,0,109
2023-07-09,Store_A,Snacks,14.22,0,0,124
2023-07-10,Store_A,Snacks,14.41,0,0,95
2023-07-11,Store_A,Snacks,14.05,0,0,81
2023-07-12,Store_A,Snacks,13.39,0,0,78
2023-07-13,Store_A,Snacks,14.17,0,0,69
2023-07-14,Store_A,Snacks,13.48,0,0,80
2023-07-15,Store_A,Snacks,14.53,0,0,92
2023-07-16,Store_A,Snacks,14.8,0,0,107
2023-07-17,Store_A,Snacks,13.51,0,0,89
2023-07-18,Store_A,Snacks,13.09,0,0,92
2023-07-19,Store_A,Snacks,13.68,1,0,108
2023-07-20,Store_A,Snacks,15.08,0,0,68
2023-07-21,Store_A,Snacks,14.43,1,0,106
2023-07-22,Store_A,Snacks,15.51,0,0,89
2023-07-23,Store_A,Snacks,13.48,0,0,132
2023-07-24,Store_A,Snacks,13.79,0,0,89
2023-07-25,Store_A,Snacks,14.07,1,0,116
2023-07-26,Store_A,Snacks,13.58,0,0,89
2023-07-27,Store_A,Snacks,13.16,0,0,75
2023-07-28,Store_A,Snacks,14.65,0,0,91
2023-07-29,Store_A,Snacks,13.75,0,0,119
2023-07-30,Store_A,Snacks,13.56,0,0,115
2023-07-31,Store_A,Snacks,13.53,0,0,122
2023-08-01,Store_A,Snacks,13.12,1,0,135
2023-08-02,Store_A,Snacks,15.02,1,0,110
2023-08-03,Store_A,Snacks,13.8,0,0,69
2023-08-04,Store_A,Snacks,13.1,0,0,87
2023-08-05,Store_A,Snacks,12.7,0,0,124
2023-08-06,Store_A,Snacks,14.21,0,0,119
2023-08-07,Store_A,Snacks,13.39,0,0,120
2023-08-08,Store_A,Snacks,14.66,0,0,106
2023-08-09,Store_A,Snacks,14.55,0,0,73
2023-08-10,Store_A,Snacks,14.21,0,0,75
2023-08-11,Store_A,Snacks,13.13,1,0,100
2023-08-12,Store_A,Snacks,14.84,0,0,92
2023-08-13,Store_A,Snacks,13.98,1,0,115
2023-08-14,Store_A,Snacks,14.51,0,0,103
2023-08-15,Store_A,Snacks,14.12,1,0,108
2023-08-16,Store_A,Snacks,14.97,0,0,81
2023-08-17,Store_A,Snacks,13.93,0,0,74
2023-08-18,Store_A,Snacks,14.18,0,0,76
2023-08-19,Store_A,Snacks,13.36,0,0,107
2023-08-20,Store_A,Snacks,14.13,0,0,110
2023-08-21,Store_A,Snacks,13.17,0,0,94
2023-08-22,Store_A,Snacks,15.39,1,0,114
2023-08-23,Store_A,Snacks,14.6,0,0,86
2023-08-24,Store_A,Snacks,14.59,0,0,71
2023-08-25,Store_A,Snacks,13.83,0,0,87
2023-08-26,Store_A,Snacks,12.75,0,0,102
2023-08-27,Store_A,Snacks,13.6,1,0,154
2023-08-28,Store_A,Snacks,14.97,0,0,93
2023-08-29,Store_A,Snacks,14.63,0,0,100
2023-08-30,Store_A,Snacks,13.56,0,0,105
2023-08-31,Store_A,Snacks,13.83,0,0,79
2023-09-01,Store_A,Snacks,13.54,0,0,95
2023-09-02,Store_A,Snacks,14.12,0,0,103
2023-09-03,Store_A,Snacks,14.37,0,0,136
2023-09-04,Store_A,Snacks,14.28,0,0,129
2023-09-05,Store_A,Snacks,14.49,0,0,99
2023-09-06,Store_A,Snacks,15.07,0,0,75
2023-09-07,Store_A,Snacks,13.53,0,0,72
2023-09-08,Store_A,Snacks,13.49,0,0,89
2023-09-09,Store_A,Snacks,14.8,0,0,85
2023-09-10,Store_A,Snacks,14.27,0,0,105
2023-09-11,Store_A,Snacks,12.95,0,0,114
2023-09-12,Store_A,Snacks,14.37,0,0,86
2023-09-13,Store_A,Snacks,15.94,0,0,89
2023-09-14,Store_A,Snacks,14.49,0,0,62
2023-09-15,Store_A,Snacks,13.49,0,0,59
2023-09-16,Store_A,Snacks,12.57,0,0,100
2023-09-17,Store_A,Snacks,14.04,0,0,115
2023-09-18,Store_A,Snacks,13.51,1,0,123
2023-09-19,Store_A,Snacks,13.29,0,0,95
2023-09-20,Store_A,Snacks,13.91,0,0,84
2023-09-21,Store_A,Snacks,14.35,0,0,84
2023-09-22,Store_A,Snacks,14.79,0,0,86
2023-09-23,Store_A,Snacks,14.67,0,0,101
2023-09-24,Store_A,Snacks,14.63,0,0,115
2023-09-25,Store_A,Snacks,13.69,0,0,118
2023-09-26,Store_A,Snacks,14.7,0,0,101
2023-09-27,Store_A,Snacks,13.91,0,0,95
2023-09-28,Store_A,Snacks,14.73,0,0,73
2023-09-29,Store_A,Snacks,12.33,0,0,94
2023-09-30,Store_A,Snacks,13.28,1,0,138
2023-10-01,Store_A,Snacks,13.16,0,0,129
2023-10-02,Store_A,Snacks,14.64,0,0,112
2023-10-03,Store_A,Snacks,12.66,0,0,112
2023-10-04,Store_A,Snacks,14.78,0,0,90
2023-10-05,Store_A,Snacks,14.05,0,0,83
2023-10-06,Store_A,Snacks,14.82,0,0,73
2023-10-07,Store_A,Snacks,13.24,0,0,132
2023-10-08,Store_A,Snacks,14.98,0,0,113
2023-10-09,Store_A,Snacks,13.95,0,0,110
2023-10-10,Store_A,Snacks,15.53,0,0,91
2023-10-11,Store_A,Snacks,13.22,1,0,101
2023-10-12,Store_A,Snacks,14.14,0,0,75
2023-10-13,Store_A,Snacks,13.38,0,0,77
2023-10-14,Store_A,Snacks,14.39,0,0,118
2023-10-15,Store_A,Snacks,15.24,0,0,106
2023-10-16,Store_A,Snacks,15.14,0,0,77
2023-10-17,Store_A,Snacks,14.27,0,0,75
2023-10-18,Store_A,Snacks,13.52,0,0,65
2023-10-19,Store_A,Snacks,13.6,0,0,63
2023-10-20,Store_A,Snacks,13.74,0,0,79
2023-10-21,Store_A,Snacks,13.93,0,0,104
2023-10-22,Store_A,Snacks,14.98,0,0,118
2023-10-23,Store_A,Snacks,13.13,0,0,107
2023-10-24,Store_A,Snacks,14.47,0,0,99
2023-10-25,Store_A,Snacks,13.78,1,0,121
2023-10-26,Store_A,Snacks,13.76,0,0,85
2023-10-27,Store_A,Snacks,14.78,0,0,92
2023-10-28,Store_A,Snacks,14.01,0,0,109
2023-10-29,Store_A,Snacks,13.65,0,0,132
2023-10-30,Store_A,Snacks,14.89,0,0,112
2023-10-31,Store_A,Snacks,14.15,0,0,119
2023-11-01,Store_A,Snacks,15.78,0,0,93
2023-11-02,Store_A,Snacks,13.06,0,0,98
2023-11-03,Store_A,Snacks,14.5,0,0,81
2023-11-04,Store_A,Snacks,13.58,0,0,121
2023-11-05,Store_A,Snacks,14.94,0,0,135
2023-11-06,Store_A,Snacks,13.04,0,0,106
2023-11-07,Store_A,Snacks,13.42,0,0,108
2023-11-08,Store_A,Snacks,15.19,0,0,83
2023-11-09,Store_A,Snacks,13.46,0,0,71
2023-11-10,Store_A,Snacks,13.75,0,0,72
2023-11-11,Store_A,Snacks,12.38,0,0,112
2023-11-12,Store_A,Snacks,13.53,0,0,108
2023-11-13,Store_A,Snacks,14.18,1,0,127
2023-11-14,Store_A,Snacks,14.67,0,0,80
2023-11-15,Store_A,Snacks,14.47,0,0,80
2023-11-16,Store_A,Snacks,14.27,0,0,72
2023-11-17,Store_A,Snacks,14.86,0,0,58
2023-11-18,Store_A,Snacks,13.82,0,0,106
2023-11-19,Store_A,Snacks,13.15,0,0,126
2023-11-20,Store_A,Snacks,14.2,0,1,148
2023-11-21,Store_A,Snacks,14.32,0,1,141
2023-11-22,Store_A,Snacks,14.88,1,1,134
2023-11-23,Store_A,Snacks,13.95,0,1,121
2023-11-24,Store_A,Snacks,14.14,0,1,126
2023-11-25,Store_A,Snacks,11.7,0,1,153
2023-11-26,Store_A,Snacks,12.88,0,1,157
2023-11-27,Store_A,Snacks,12.86,0,1,168
2023-11-28,Store_A,Snacks,13.89,0,1,135
2023-11-29,Store_A,Snacks,14.81,0,1,132
2023-11-30,Store_A,Snacks,13.99,0,1,126
2023-12-01,Store_A,Snacks,13.84,0,0,90
2023-12-02,Store_A,Snacks,13.82,0,0,117
2023-12-03,Store_A,Snacks,14.22,1,0,143
2023-12-04,Store_A,Snacks,15.56,0,0,114
2023-12-05,Store_A,Snacks,14.17,0,0,100
2023-12-06,Store_A,Snacks,13.66,0,0,82
2023-12-07,Store_A,Snacks,14.5,0,0,85
2023-12-08,Store_A,Snacks,12.87,0,0,78
2023-12-09,Store_A,Snacks,14.1,0,0,105
2023-12-10,Store_A,Snacks,14.0,0,0,111
2023-12-11,Store_A,Snacks,15.19,0,0,114
2023-12-12,Store_A,Snacks,12.74,0,0,113
2023-12-13,Store_A,Snacks,12.7,0,0,80
2023-12-14,Store_A,Snacks,13.33,0,0,73
2023-12-15,Store_A,Snacks,12.45,0,0,92
2023-12-16,Store_A,Snacks,13.81,1,0,135
2023-12-17,Store_A,Snacks,14.4,0,0,114
2023-12-18,Store_A,Snacks,13.67,0,0,109
2023-12-19,Store_A,Snacks,14.07,0,0,99
2023-12-20,Store_A,Snacks,15.5,0,1,102
2023-12-21,Store_A,Snacks,14.36,0,1,120
2023-12-22,Store_A,Snacks,14.61,0,1,111
2023-12-23,Store_A,Snacks,13.63,0,1,145
2023-12-24,Store_A,Snacks,12.81,1,1,200
2023-12-25,Store_A,Snacks,14.79,0,1,127
2023-12-26,Store_A,Snacks,14.68,1,1,154
2023-12-27,Store_A,Snacks,14.7,1,1,170
2023-12-28,Store_A,Snacks,14.09,0,1,116
2023-12-29,Store_A,Snacks,13.68,0,1,110
2023-12-30,Store_A,Snacks,13.06,0,1,159
2023-12-31,Store_A,Snacks,13.47,0,1,174
2022-01-01,Store_A,Household,15.83,0,0,92
2022-01-02,Store_A,Household,15.83,0,0,97
2022-01-03,Store_A,Household,16.78,1,0,106
2022-01-04,Store_A,Household,15.45,0,0,82
2022-01-05,Store_A,Household,15.37,0,0,77
2022-01-06,Store_A,Household,16.75,0,0,70
2022-01-07,Store_A,Household,17.02,0,0,72
2022-01-08,Store_A,Household,15.1,0,0,101
2022-01-09,Store_A,Household,15.6,1,0,138
2022-01-10,Store_A,Household,16.04,0,0,98
2022-01-11,Store_A,Household,15.26,0,0,84
2022-01-12,Store_A,Household,15.36,0,0,74
2022-01-13,Store_A,Household,15.31,1,0,100
2022-01-14,Store_A,Household,16.04,1,0,81
2022-01-15,Store_A,Household,15.71,0,0,90
2022-01-16,Store_A,Household,17.08,0,0,94
2022-01-17,Store_A,Household,15.79,1,0,111
2022-01-18,Store_A,Household,15.53,0,0,71
2022-01-19,Store_A,Household,15.38,0,0,55
2022-01-20,Store_A,Household,15.71,0,0,47
2022-01-21,Store_A,Household,15.05,0,0,48
2022-01-22,Store_A,Household,16.34,0,0,94
2022-01-23,Store_A,Household,16.5,0,0,105
2022-01-24,Store_A,Household,16.66,0,0,77
2022-01-25,Store_A,Household,14.66,0,0,75
2022-01-26,Store_A,Household,15.07,0,0,71
2022-01-27,Store_A,Household,15.81,0,0,64
2022-01-28,Store_A,Household,15.78,0,0,50
2022-01-29,Store_A,Household,15.45,1,0,114
2022-01-30,Store_A,Household,16.19,0,0,106
2022-01-31,Store_A,Household,16.47,0,0,80
2022-02-01,Store_A,Household,16.12,0,0,80
2022-02-02,Store_A,Household,15.78,0,0,84
2022-02-03,Store_A,Household,17.37,1,0,83
2022-02-04,Store_A,Household,16.06,0,0,58
2022-02-05,Store_A,Household,16.62,0,0,96
2022-02-06,Store_A,Household,15.74,0,0,105
2022-02-07,Store_A,Household,15.91,0,0,89
2022-02-08,Store_A,Household,16.15,0,0,97
2022-02-09,Store_A,Household,16.74,0,0,80
2022-02-10,Store_A,Household,15.37,0,0,63
2022-02-11,Store_A,Household,16.41,0,0,60
2022-02-12,Store_A,Household,16.77,0,0,105
2022-02-13,Store_A,Household,14.97,0,0,102
2022-02-14,Store_A,Household,15.92,0,0,93
2022-02-15,Store_A,Household,15.7,0,0,72
2022-02-16,Store_A,Household,14.68,1,0,84
2022-02-17,Store_A,Household,16.59,0,0,44
2022-02-18,Store_A,Household,15.27,1,0,65
2022-02-19,Store_A,Household,15.66,0,0,78
2022-02-20,Store_A,Household,17.01,0,0,92
2022-02-21,Store_A,Household,15.59,0,0,73
2022-02-22,Store_A,Household,15.26,0,0,70
2022-02-23,Store_A,Household,16.66,0,0,52
2022-02-24,Store_A,Household,16.26,0,0,42
2022-02-25,Store_A,Household,17.1,0,0,44
2022-02-26,Store_A,Household,16.88,1,0,97
2022-02-27,Store_A,Household,15.39,1,0,123
2022-02-28,Store_A,Household,15.95,0,0,96
2022-03-01,Store_A,Household,16.92,0,0,73
2022-03-02,Store_A,Household,16.28,1,0,87
2022-03-03,Store_A,Household,16.11,0,0,75
2022-03-04,Store_A,Household,15.69,0,0,54
2022-03-05,Store_A,Household,16.03,0,0,107
2022-03-06,Store_A,Household,16.2,0,0,105
2022-03-07,Store_A,Household,16.11,0,0,104
2022-03-08,Store_A,Household,15.82,0,0,80
2022-03-09,Store_A,Household,16.11,0,0,66
2022-03-10,Store_A,Household,16.72,0,0,78
2022-03-11,Store_A,Household,17.19,1,0,86
2022-03-12,Store_A,Household,16.83,0,0,89
2022-03-13,Store_A,Household,15.28,0,0,102
2022-03-14,Store_A,Household,17.18,0,0,66
2022-03-15,Store_A,Household,16.06,0,0,95
2022-03-16,Store_A,Household,15.17,0,0,76
2022-03-17,Store_A,Household,15.23,0,0,70
2022-03-18,Store_A,Household,16.45,0,0,60
2022-03-19,Store_A,Household,15.32,0,0,102
2022-03-20,Store_A,Household,16.21,0,0,92
2022-03-21,Store_A,Household,15.95,0,0,87
2022-03-22,Store_A,Household,16.26,0,0,68
2022-03-23,Store_A,Household,16.87,0,0,69
2022-03-24,Store_A,Household,16.05,1,0,56
2022-03-25,Store_A,Household,16.32,0,0,40
2022-03-26,Store_A,Household,16.96,0,0,88
2022-03-27,Store_A,Household,14.18,0,0,119
2022-03-28,Store_A,Household,15.27,0,0,73
2022-03-29,Store_A,Household,16.94,0,0,70
2022-03-30,Store_A,Household,15.65,0,0,67
2022-03-31,Store_A,Household,14.21,1,0,95
2022-04-01,Store_A,Household,16.48,0,0,60
2022-04-02,Store_A,Household,16.17,0,0,94
2022-04-03,Store_A,Household,15.81,0,0,92
2022-04-04,Store_A,Household,14.81,0,0,95
2022-04-05,Store_A,Household,15.34,0,0,75
2022-04-06,Store_A,Household,16.39,0,0,77
2022-04-07,Store_A,Household,15.68,1,0,102
2022-04-08,Store_A,Household,15.96,0,0,80
2022-04-09,Store_A,Household,15.53,0,0,107
2022-04-10,Store_A,Household,16.29,0,0,122
2022-04-11,Store_A,Household,16.58,0,0,94
2022-04-12,Store_A,Household,16.59,1,0,110
2022-04-13,Store_A,Household,16.71,0,0,82
2022-04-14,Store_A,Household,16.3,0,0,61
2022-04-15,Store_A,Household,17.38,0,0,63
2022-04-16,Store_A,Household,15.26,0,0,106
2022-04-17,Store_A,Household,16.96,0,0,106
2022-04-18,Store_A,Household,14.0,0,0,99
2022-04-19,Store_A,Household,16.05,0,0,77
2022-04-20,Store_A,Household,16.21,0,0,59
2022-04-21,Store_A,Household,15.89,0,0,42
2022-04-22,Store_A,Household,15.97,0,0,54
2022-04-23,Store_A,Household,16.85,0,0,69
2022-04-24,Store_A,Household,14.76,1,0,118
2022-04-25,Store_A,Household,15.93,0,0,72
2022-04-26,Store_A,Household,16.66,0,0,70
2022-04-27,Store_A,Household,16.36,0,0,65
2022-04-28,Store_A,Household,14.88,0,0,60
2022-04-29,Store_A,Household,16.97,0,0,62
2022-04-30,Store_A,Household,15.56,1,0,104
2022-05-01,Store_A,Household,16.23,1,0,127
2022-05-02,Store_A,Household,16.53,0,0,114
2022-05-03,Store_A,Household,15.98,0,0,87
2022-05-04,Store_A,Household,16.66,0,0,69
2022-05-05,Store_A,Household,16.02,0,0,75
2022-05-06,Store_A,Household,15.58,0,0,80
2022-05-07,Store_A,Household,16.52,0,0,110
2022-05-08,Store_A,Household,15.72,0,0,115
2022-05-09,Store_A,Household,15.98,0,0,102
2022-05-10,Store_A,Household,15.97,0,0,90
2022-05-11,Store_A,Household,16.02,0,0,77
2022-05-12,Store_A,Household,16.42,0,0,66
2022-05-13,Store_A,Household,16.75,0,0,72
2022-05-14,Store_A,Household,16.63,0,0,96
2022-05-15,Store_A,Household,15.72,0,0,101
2022-05-16,Store_A,Household,15.21,0,0,87
2022-05-17,Store_A,Household,14.98,0,0,83
2022-05-18,Store_A,Household,16.12,0,0,66
2022-05-19,Store_A,Household,16.32,0,0,39
2022-05-20,Store_A,Household,16.35,0,0,60
2022-05-21,Store_A,Household,17.36,0,0,78
2022-05-22,Store_A,Household,14.74,0,0,92
2022-05-23,Store_A,Household,16.61,0,0,80
2022-05-24,Store_A,Household,16.13,0,0,71
2022-05-25,Store_A,Household,15.89,0,0,51
2022-05-26,Store_A,Household,15.15,1,0,86
2022-05-27,Store_A,Household,15.69,0,0,69
2022-05-28,Store_A,Household,16.33,0,0,86
2022-05-29,Store_A,Household,15.7,0,0,114
2022-05-30,Store_A,Household,15.98,0,0,91
2022-05-31,Store_A,Household,15.5,1,0,120
2022-06-01,Store_A,Household,16.22,0,0,78
2022-06-02,Store_A,Household,15.56,0,0,65
2022-06-03,Store_A,Household,16.5,0,0,53
2022-06-04,Store_A,Household,16.91,0,0,97
2022-06-05,Store_A,Household,15.4,1,0,133
2022-06-06,Store_A,Household,16.35,1,0,128
2022-06-07,Store_A,Household,16.42,0,0,92
2022-06-08,Store_A,Household,15.35,1,0,105
2022-06-09,Store_A,Household,16.29,0,0,84
2022-06-10,Store_A,Household,15.67,0,0,82
2022-06-11,Store_A,Household,15.74,0,0,114
2022-06-12,Store_A,Household,15.67,0,0,103
2022-06-13,Store_A,Household,15.94,0,0,110
2022-06-14,Store_A,Household,16.37,0,0,87
2022-06-15,Store_A,Household,16.15,0,0,56
2022-06-16,Store_A,Household,16.84,0,0,50
2022-06-17,Store_A,Household,16.49,0,0,69
2022-06-18,Store_A,Household,15.69,0,0,84
2022-06-19,Store_A,Household,16.5,0,0,98
2022-06-20,Store_A,Household,15.79,1,0,99
2022-06-21,Store_A,Household,14.49,0,0,85
2022-06-22,Store_A,Household,15.95,0,0,58
2022-06-23,Store_A,Household,15.08,0,0,51
2022-06-24,Store_A,Household,14.99,0,0,50
2022-06-25,Store_A,Household,15.93,0,0,84
2022-06-26,Store_A,Household,16.24,0,0,94
2022-06-27,Store_A,Household,15.82,0,0,86
2022-06-28,Store_A,Household,16.11,0,0,76
2022-06-29,Store_A,Household,15.64,0,0,71
2022-06-30,Store_A,Household,15.62,0,0,53
2022-07-01,Store_A,Household,14.92,0,0,85
2022-07-02,Store_A,Household,14.63,0,0,111
2022-07-03,Store_A,Household,16.21,0,0,106
2022-07-04,Store_A,Household,15.32,0,0,112
2022-07-05,Store_A,Household,15.91,0,0,87
2022-07-06,Store_A,Household,15.97,0,0,91
2022-07-07,Store_A,Household,15.93,1,0,92
2022-07-08,Store_A,Household,16.35,1,0,84
2022-07-09,Store_A,Household,15.32,0,0,120
2022-07-10,Store_A,Household,16.78,0,0,123
2022-07-11,Store_A,Household,15.94,0,0,95
2022-07-12,Store_A,Household,16.85,0,0,82
2022-07-13,Store_A,Household,15.96,1,0,95
2022-07-14,Store_A,Household,15.08,0,0,62
2022-07-15,Store_A,Household,16.43,0,0,61
2022-07-16,Store_A,Household,15.41,0,0,100
2022-07-17,Store_A,Household,17.08,0,0,86
2022-07-18,Store_A,Household,16.2,0,0,96
2022-07-19,Store_A,Household,16.31,0,0,95
2022-07-20,Store_A,Household,17.28,0,0,69
2022-07-21,Store_A,Household,15.25,0,0,48
2022-07-22,Store_A,Household,16.45,1,0,62
2022-07-23,Store_A,Household,14.86,0,0,95
2022-07-24,Store_A,Household,17.79,0,0,93
2022-07-25,Store_A,Household,16.01,0,0,75
2022-07-26,Store_A,Household,17.56,1,0,100
2022-07-27,Store_A,Household,15.76,0,0,71
2022-07-28,Store_A,Household,16.2,0,0,64
2022-07-29,Store_A,Household,16.63,0,0,57
2022-07-30,Store_A,Household,16.33,0,0,98
2022-07-31,Store_A,Household,15.75,0,0,102
2022-08-01,Store_A,Household,15.78,0,0,95
2022-08-02,Store_A,Household,16.15,0,0,78
2022-08-03,Store_A,Household,16.34,0,0,77
2022-08-04,Store_A,Household,16.29,0,0,78
2022-08-05,Store_A,Household,15.14,0,0,86
2022-08-06,Store_A,Household,16.36,0,0,98
2022-08-07,Store_A,Household,16.22,0,0,106
2022-08-08,Store_A,Household,14.34,0,0,113
2022-08-09,Store_A,Household,15.51,0,0,84
2022-08-10,Store_A,Household,14.55,0,0,84
2022-08-11,Store_A,Household,16.34,0,0,70
2022-08-12,Store_A,Household,15.28,0,0,76
2022-08-13,Store_A,Household,16.17,0,0,107
2022-08-14,Store_A,Household,16.19,0,0,107
2022-08-15,Store_A,Household,16.1,0,0,87
2022-08-16,Store_A,Household,15.69,0,0,86
2022-08-17,Store_A,Household,15.42,0,0,77
2022-08-18,Store_A,Household,16.74,0,0,49
2022-08-19,Store_A,Household,15.35,1,0,84
2022-08-20,Store_A,Household,15.62,0,0,93
2022-08-21,Store_A,Household,16.12,0,0,93
2022-08-22,Store_A,Household,15.02,0,0,85
2022-08-23,Store_A,Household,16.38,0,0,64
2022-08-24,Store_A,Household,16.79,0,0,66
2022-08-25,Store_A,Household,15.56,1,0,86
2022-08-26,Store_A,Household,16.18,0,0,63
2022-08-27,Store_A,Household,16.57,1,0,106
2022-08-28,Store_A,Household,15.97,0,0,97
2022-08-29,Store_A,Household,17.18,0,0,78
2022-08-30,Store_A,Household,16.56,0,0,83
2022-08-31,Store_A,Household,15.89,0,0,71
2022-09-01,Store_A,Household,14.34,0,0,60
2022-09-02,Store_A,Household,15.8,0,0,61
2022-09-03,Store_A,Household,16.51,0,0,97
2022-09-04,Store_A,Household,16.23,0,0,97
2022-09-05,Store_A,Household,15.76,0,0,101
2022-09-06,Store_A,Household,15.38,1,0,118
2022-09-07,Store_A,Household,15.53,0,0,80
2022-09-08,Store_A,Household,15.61,0,0,96
2022-09-09,Store_A,Household,15.7,0,0,67
2022-09-10,Store_A,Household,17.28,0,0,105
2022-09-11,Store_A,Household,16.87,0,0,120
2022-09-12,Store_A,Household,16.18,0,0,95
2022-09-13,Store_A,Household,15.73,0,0,93
2022-09-14,Store_A,Household,14.86,0,0,68
2022-09-15,Store_A,Household,15.47,0,0,55
2022-09-16,Store_A,Household,15.19,0,0,65
2022-09-17,Store_A,Household,16.84,0,0,90
2022-09-18,Store_A,Household,16.21,0,0,95
2022-09-19,Store_A,Household,16.76,0,0,89
2022-09-20,Store_A,Household,16.34,0,0,74
2022-09-21,Store_A,Household,16.1,0,0,67
2022-09-22,Store_A,Household,16.41,1,0,76
2022-09-23,Store_A,Household,16.4,0,0,60
2022-09-24,Store_A,Household,14.33,0,0,97
2022-09-25,Store_A,Household,16.22,0,0,101
2022-09-26,Store_A,Household,16.89,0,0,81
2022-09-27,Store_A,Household,16.49,0,0,82
2022-09-28,Store_A,Household,15.38,0,0,85
2022-09-29,Store_A,Household,15.41,0,0,60
2022-09-30,Store_A,Household,15.55,0,0,73
2022-10-01,Store_A,Household,15.58,0,0,105
2022-10-02,Store_A,Household,15.88,0,0,117
2022-10-03,Store_A,Household,16.29,0,0,109
2022-10-04,Store_A,Household,15.85,0,0,98
2022-10-05,Store_A,Household,15.5,0,0,87
2022-10-06,Store_A,Household,16.68,0,0,74
2022-10-07,Store_A,Household,15.58,0,0,82
2022-10-08,Store_A,Household,14.14,0,0,105
2022-10-09,Store_A,Household,15.11,1,0,133
2022-10-10,Store_A,Household,16.02,0,0,92
2022-10-11,Store_A,Household,15.14,1,0,110
2022-10-12,Store_A,Household,16.6,0,0,61
2022-10-13,Store_A,Household,15.22,0,0,82
2022-10-14,Store_A,Household,15.55,0,0,77
2022-10-15,Store_A,Household,15.44,0,0,100
2022-10-16,Store_A,Household,15.02,1,0,124
2022-10-17,Store_A,Household,16.54,0,0,80
2022-10-18,Store_A,Household,16.43,0,0,73
2022-10-19,Store_A,Household,15.89,0,0,72
2022-10-20,Store_A,Household,15.19,0,0,50
2022-10-21,Store_A,Household,14.96,0,0,61
2022-10-22,Store_A,Household,16.38,0,0,89
2022-10-23,Store_A,Household,15.68,0,0,111
2022-10-24,Store_A,Household,16.73,0,0,82
2022-10-25,Store_A,Household,15.2,0,0,87
2022-10-26,Store_A,Household,15.06,0,0,83
2022-10-27,Store_A,Household,15.23,1,0,85
2022-10-28,Store_A,Household,16.45,0,0,73
2022-10-29,Store_A,Household,16.21,0,0,98
2022-10-30,Store_A,Household,15.59,0,0,114
2022-10-31,Store_A,Household,17.35,0,0,82
2022-11-01,Store_A,Household,16.16,1,0,120
2022-11-02,Store_A,Household,16.49,0,0,87
2022-11-03,Store_A,Household,16.24,0,0,80
2022-11-04,Store_A,Household,15.25,0,0,85
2022-11-05,Store_A,Household,16.07,0,0,104
2022-11-06,Store_A,Household,15.89,0,0,108
2022-11-07,Store_A,Household,16.3,0,0,97
2022-11-08,Store_A,Household,15.38,0,0,95
2022-11-09,Store_A,Household,16.24,0,0,77
2022-11-10,Store_A,Household,16.39,0,0,63
2022-11-11,Store_A,Household,16.51,1,0,105
2022-11-12,Store_A,Household,15.13,0,0,101
2022-11-13,Store_A,Household,15.27,0,0,110
2022-11-14,Store_A,Household,16.87,0,0,95
2022-11-15,Store_A,Household,16.17,0,0,74
2022-11-16,Store_A,Household,16.75,0,0,66
2022-11-17,Store_A,Household,16.19,0,0,70
2022-11-18,Store_A,Household,16.47,0,0,68
2022-11-19,Store_A,Household,15.93,1,0,118
2022-11-20,Store_A,Household,15.21,0,1,139
2022-11-21,Store_A,Household,15.27,0,1,120
2022-11-22,Store_A,Household,16.76,0,1,103
2022-11-23,Store_A,Household,15.37,0,1,116
2022-11-24,Store_A,Household,15.2,0,1,103
2022-11-25,Store_A,Household,15.5,0,1,112
2022-11-26,Store_A,Household,16.29,0,1,137
2022-11-27,Store_A,Household,16.96,0,1,137
2022-11-28,Store_A,Household,16.06,1,1,143
2022-11-29,Store_A,Household,15.05,0,1,132
2022-11-30,Store_A,Household,16.35,0,1,124
2022-12-01,Store_A,Household,16.29,0,0,76
2022-12-02,Store_A,Household,15.71,0,0,96
2022-12-03,Store_A,Household,16.38,1,0,134
2022-12-04,Store_A,Household,17.0,0,0,126
2022-12-05,Store_A,Household,17.54,1,0,119
2022-12-06,Store_A,Household,15.8,1,0,130
2022-12-07,Store_A,Household,15.22,0,0,95
2022-12-08,Store_A,Household,16.52,0,0,79
2022-12-09,Store_A,Household,15.52,1,0,113
2022-12-10,Store_A,Household,16.45,0,0,109
2022-12-11,Store_A,Household,16.37,0,0,110
2022-12-12,Store_A,Household,15.22,1,0,130
2022-12-13,Store_A,Household,15.95,0,0,79
2022-12-14,Store_A,Household,15.93,0,0,86
2022-12-15,Store_A,Household,16.09,0,0,57
2022-12-16,Store_A,Household,16.18,0,0,66
2022-12-17,Store_A,Household,15.81,0,0,102
2022-12-18,Store_A,Household,16.24,0,0,112
2022-12-19,Store_A,Household,15.01,0,0,103
2022-12-20,Store_A,Household,16.0,1,1,129
2022-12-21,Store_A,Household,15.96,0,1,110
2022-12-22,Store_A,Household,15.28,0,1,110
2022-12-23,Store_A,Household,15.77,0,1,96
2022-12-24,Store_A,Household,17.52,0,1,118
2022-12-25,Store_A,Household,16.33,1,1,156
2022-12-26,Store_A,Household,15.88,0,1,126
2022-12-27,Store_A,Household,15.83,0,1,133
2022-12-28,Store_A,Household,14.66,0,1,121
2022-12-29,Store_A,Household,16.67,0,1,109
2022-12-30,Store_A,Household,16.04,0,1,120
2022-12-31,Store_A,Household,16.54,0,1,147
2023-01-01,Store_A,Household,16.49,0,0,113
2023-01-02,Store_A,Household,15.44,1,0,120
2023-01-03,Store_A,Household,15.73,0,0,89
2023-01-04,Store_A,Household,15.19,0,0,92
2023-01-05,Store_A,Household,16.8,0,0,71
2023-01-06,Store_A,Household,15.92,0,0,85
2023-01-07,Store_A,Household,15.61,0,0,110
2023-01-08,Store_A,Household,16.14,0,0,115
2023-01-09,Store_A,Household,15.97,0,0,97
2023-01-10,Store_A,Household,16.62,0,0,97
2023-01-11,Store_A,Household,15.51,0,0,83
2023-01-12,Store_A,Household,15.84,0,0,70
2023-01-13,Store_A,Household,15.43,0,0,64
2023-01-14,Store_A,Household,14.45,1,0,140
2023-01-15,Store_A,Household,16.78,0,0,88
2023-01-16,Store_A,Household,15.44,0,0,98
2023-01-17,Store_A,Household,17.13,1,0,104
2023-01-18,Store_A,Household,16.27,0,0,54
2023-01-19,Store_A,Household,16.86,0,0,62
2023-01-20,Store_A,Household,16.33,0,0,79
2023-01-21,Store_A,Household,16.62,0,0,106
2023-01-22,Store_A,Household,17.27,0,0,112
2023-01-23,Store_A,Household,15.46,1,0,106
2023-01-24,Store_A,Household,15.92,0,0,80
2023-01-25,Store_A,Household,14.48,0,0,87
2023-01-26,Store_A,Household,15.83,1,0,86
2023-01-27,Store_A,Household,15.01,1,0,104
2023-01-28,Store_A,Household,16.47,0,0,109
2023-01-29,Store_A,Household,16.5,0,0,122
2023-01-30,Store_A,Household,16.64,0,0,89
2023-01-31,Store_A,Household,14.43,1,0,132
2023-02-01,Store_A,Household,16.67,0,0,78
2023-02-02,Store_A,Household,14.66,0,0,83
2023-02-03,Store_A,Household,14.63,1,0,116
2023-02-04,Store_A,Household,15.32,0,0,123
2023-02-05,Store_A,Household,15.58,0,0,122
2023-02-06,Store_A,Household,16.85,1,0,126
2023-02-07,Store_A,Household,17.01,0,0,118
2023-02-08,Store_A,Household,16.07,1,0,98
2023-02-09,Store_A,Household,15.55,0,0,72
2023-02-10,Store_A,Household,15.88,0,0,74
2023-02-11,Store_A,Household,16.84,0,0,103
2023-02-12,Store_A,Household,16.44,0,0,102
2023-02-13,Store_A,Household,17.14,1,0,108
2023-02-14,Store_A,Household,15.49,0,0,91
2023-02-15,Store_A,Household,15.03,0,0,86
2023-02-16,Store_A,Household,16.77,0,0,60
2023-02-17,Store_A,Household,16.17,1,0,84
2023-02-18,Store_A,Household,17.13,0,0,93
2023-02-19,Store_A,Household,16.09,0,0,118
2023-02-20,Store_A,Household,15.89,0,0,94
2023-02-21,Store_A,Household,16.06,1,0,108
2023-02-22,Store_A,Household,15.9,1,0,93
2023-02-23,Store_A,Household,16.83,0,0,74
2023-02-24,Store_A,Household,16.13,0,0,89
2023-02-25,Store_A,Household,15.66,0,0,116
2023-02-26,Store_A,Household,16.23,1,0,145
2023-02-27,Store_A,Household,15.83,0,0,109
2023-02-28,Store_A,Household,17.09,1,0,120
2023-03-01,Store_A,Household,16.47,0,0,102
2023-03-02,Store_A,Household,16.88,0,0,65
2023-03-03,Store_A,Household,15.96,0,0,95
2023-03-04,Store_A,Household,15.16,1,0,118
2023-03-05,Store_A,Household,15.47,0,0,132
2023-03-06,Store_A,Household,16.69,0,0,128
2023-03-07,Store_A,Household,15.59,0,0,95
2023-03-08,Store_A,Household,18.08,0,0,79
2023-03-09,Store_A,Household,17.21,1,0,113
2023-03-10,Store_A,Household,16.87,0,0,83
2023-03-11,Store_A,Household,16.4,0,0,110
2023-03-12,Store_A,Household,14.24,0,0,127
2023-03-13,Store_A,Household,16.15,0,0,99
2023-03-14,Store_A,Household,16.03,0,0,94
2023-03-15,Store_A,Household,16.06,0,0,84
2023-03-16,Store_A,Household,15.22,0,0,56
2023-03-17,Store_A,Household,17.93,0,0,57
2023-03-18,Store_A,Household,17.21,1,0,111
2023-03-19,Store_A,Household,16.26,0,0,100
2023-03-20,Store_A,Household,16.88,0,0,88
2023-03-21,Store_A,Household,16.04,0,0,94
2023-03-22,Store_A,Household,17.06,0,0,71
2023-03-23,Store_A,Household,15.56,1,0,85
2023-03-24,Store_A,Household,15.99,0,0,81
2023-03-25,Store_A,Household,16.78,1,0,138
2023-03-26,Store_A,Household,17.45,0,0,107
2023-03-27,Store_A,Household,16.63,0,0,84
2023-03-28,Store_A,Household,16.68,0,0,93
2023-03-29,Store_A,Household,16.46,0,0,93
2023-03-30,Store_A,Household,16.1,0,0,74
2023-03-31,Store_A,Household,17.06,0,0,88
2023-04-01,Store_A,Household,15.48,0,0,111
2023-04-02,Store_A,Household,15.79,0,0,118
2023-04-03,Store_A,Household,16.95,0,0,125
2023-04-04,Store_A,Household,16.97,0,0,96
2023-04-05,Store_A,Household,16.11,0,0,94
2023-04-06,Store_A,Household,16.39,0,0,71
2023-04-07,Store_A,Household,15.68,0,0,80
2023-04-08,Store_A,Household,15.03,0,0,117
2023-04-09,Store_A,Household,16.25,0,0,118
2023-04-10,Store_A,Household,16.01,0,0,102
2023-04-11,Store_A,Household,16.43,0,0,93
2023-04-12,Store_A,Household,15.54,1,0,104
2023-04-13,Store_A,Household,14.98,1,0,98
2023-04-14,Store_A,Household,15.51,0,0,58
2023-04-15,Store_A,Household,16.07,0,0,94
2023-04-16,Store_A,Household,14.98,0,0,119
2023-04-17,Store_A,Household,15.63,0,0,101
2023-04-18,Store_A,Household,16.78,0,0,83
2023-04-19,Store_A,Household,16.03,0,0,79
2023-04-20,Store_A,Household,16.81,0,0,62
2023-04-21,Store_A,Household,14.79,0,0,74
2023-04-22,Store_A,Household,15.1,0,0,99
2023-04-23,Store_A,Household,14.98,1,0,147
2023-04-24,Store_A,Household,15.09,0,0,105
2023-04-25,Store_A,Household,16.1,0,0,95
2023-04-26,Store_A,Household,17.26,0,0,79
2023-04-27,Store_A,Household,16.47,0,0,81
2023-04-28,Store_A,Household,16.81,0,0,61
2023-04-29,Store_A,Household,15.35,0,0,120
2023-04-30,Store_A,Household,16.17,1,0,143
2023-05-01,Store_A,Household,15.55,1,0,143
2023-05-02,Store_A,Household,16.34,0,0,104
2023-05-03,Store_A,Household,15.78,0,0,97
2023-05-04,Store_A,Household,15.59,0,0,83
2023-05-05,Store_A,Household,16.2,0,0,82
2023-05-06,Store_A,Household,16.19,0,0,123
2023-05-07,Store_A,Household,15.89,0,0,119
2023-05-08,Store_A,Household,16.87,1,0,111
2023-05-09,Store_A,Household,16.78,0,0,107
2023-05-10,Store_A,Household,16.29,0,0,88
2023-05-11,Store_A,Household,16.77,0,0,69
2023-05-12,Store_A,Household,16.2,0,0,75
2023-05-13,Store_A,Household,16.37,0,0,102
2023-05-14,Store_A,Household,16.8,0,0,106
2023-05-15,Store_A,Household,15.23,0,0,108
2023-05-16,Store_A,Household,16.3,0,0,93
2023-05-17,Store_A,Household,16.29,0,0,60
2023-05-18,Store_A,Household,16.62,0,0,65
2023-05-19,Store_A,Household,17.13,0,0,87
2023-05-20,Store_A,Household,15.56,0,0,105
2023-05-21,Store_A,Household,16.32,0,0,123
2023-05-22,Store_A,Household,15.88,0,0,100
2023-05-23,Store_A,Household,16.24,0,0,96
2023-05-24,Store_A,Household,15.66,0,0,89
2023-05-25,Store_A,Household,15.83,0,0,70
2023-05-26,Store_A,Household,15.86,1,0,91
2023-05-27,Store_A,Household,16.14,0,0,109
2023-05-28,Store_A,Household,15.66,1,0,150
2023-05-29,Store_A,Household,14.8,1,0,136
2023-05-30,Store_A,Household,15.87,0,0,105
2023-05-31,Store_A,Household,16.88,0,0,100
2023-06-01,Store_A,Household,17.3,1,0,87
2023-06-02,Store_A,Household,15.63,0,0,88
2023-06-03,Store_A,Household,15.29,0,0,105
2023-06-04,Store_A,Household,14.4,0,0,134
2023-06-05,Store_A,Household,15.53,0,0,105
2023-06-06,Store_A,Household,15.41,1,0,135
2023-06-07,Store_A,Household,16.72,0,0,90
2023-06-08,Store_A,Household,15.65,0,0,83
2023-06-09,Store_A,Household,15.69,0,0,80
2023-06-10,Store_A,Household,15.26,0,0,108
2023-06-11,Store_A,Household,16.04,1,0,142
2023-06-12,Store_A,Household,16.19,0,0,92
2023-06-13,Store_A,Household,15.68,0,0,94
2023-06-14,Store_A,Household,15.18,1,0,111
2023-06-15,Store_A,Household,15.47,0,0,80
2023-06-16,Store_A,Household,15.06,0,0,76
2023-06-17,Store_A,Household,16.22,1,0,121
2023-06-18,Store_A,Household,16.18,0,0,111
2023-06-19,Store_A,Household,15.32,0,0,88
2023-06-20,Store_A,Household,16.7,0,0,92
2023-06-21,Store_A,Household,15.47,0,0,93
2023-06-22,Store_A,Household,15.92,1,0,101
2023-06-23,Store_A,Household,15.6,0,0,86
2023-06-24,Store_A,Household,16.99,0,0,112
2023-06-25,Store_A,Household,17.32,0,0,127
2023-06-26,Store_A,Household,15.66,0,0,113
2023-06-27,Store_A,Household,14.82,0,0,106
2023-06-28,Store_A,Household,14.76,0,0,93
2023-06-29,Store_A,Household,14.51,1,0,118
2023-06-30,Store_A,Household,15.84,1,0,121
2023-07-01,Store_A,Household,15.27,0,0,128
2023-07-02,Store_A,Household,15.06,0,0,128
2023-07-03,Store_A,Household,16.52,0,0,122
2023-07-04,Store_A,Household,14.52,0,0,121
2023-07-05,Store_A,Household,15.59,0,0,92
2023-07-06,Store_A,Household,16.57,0,0,86
2023-07-07,Store_A,Household,16.05,0,0,89
2023-07-08,Store_A,Household,15.98,0,0,93
2023-07-09,Store_A,Household,16.12,0,0,112
2023-07-10,Store_A,Household,15.85,0,0,114
2023-07-11,Store_A,Household,16.23,0,0,94
2023-07-12,Store_A,Household,14.86,0,0,98
2023-07-13,Store_A,Household,15.91,1,0,105
2023-07-14,Store_A,Household,15.98,0,0,70
2023-07-15,Store_A,Household,15.84,0,0,110
2023-07-16,Store_A,Household,16.4,0,0,115
2023-07-17,Store_A,Household,17.22,0,0,87
2023-07-18,Store_A,Household,16.01,1,0,123
2023-07-19,Store_A,Household,16.08,1,0,101
2023-07-20,Store_A,Household,16.33,0,0,74
2023-07-21,Store_A,Household,16.63,0,0,72
2023-07-22,Store_A,Household,16.89,0,0,113
2023-07-23,Store_A,Household,16.69,0,0,122
2023-07-24,Store_A,Household,15.7,1,0,150
2023-07-25,Store_A,Household,17.45,0,0,81
2023-07-26,Store_A,Household,16.46,0,0,93
2023-07-27,Store_A,Household,15.74,0,0,80
2023-07-28,Store_A,Household,15.73,0,0,73
2023-07-29,Store_A,Household,15.8,0,0,119
2023-07-30,Store_A,Household,16.82,0,0,138
2023-07-31,Store_A,Household,16.16,0,0,123
2023-08-01,Store_A,Household,16.47,0,0,117
2023-08-02,Store_A,Household,15.04,0,0,90
2023-08-03,Store_A,Household,17.3,0,0,71
2023-08-04,Store_A,Household,16.48,0,0,80
2023-08-05,Store_A,Household,16.77,0,0,112
2023-08-06,Store_A,Household,17.13,0,0,125
2023-08-07,Store_A,Household,16.34,0,0,106
2023-08-08,Store_A,Household,16.52,0,0,100
2023-08-09,Store_A,Household,15.77,0,0,91
2023-08-10,Store_A,Household,15.61,0,0,70
2023-08-11,Store_A,Household,16.23,0,0,72
2023-08-12,Store_A,Household,15.87,0,0,111
2023-08-13,Store_A,Household,15.08,0,0,114
2023-08-14,Store_A,Household,15.51,0,0,106
2023-08-15,Store_A,Household,15.15,1,0,111
2023-08-16,Store_A,Household,16.85,0,0,83
2023-08-17,Store_A,Household,16.91,0,0,63
2023-08-18,Store_A,Household,16.83,0,0,82
2023-08-19,Store_A,Household,16.57,0,0,80
2023-08-20,Store_A,Household,16.39,1,0,142
2023-08-21,Store_A,Household,16.33,0,0,95
2023-08-22,Store_A,Household,16.57,0,0,101
2023-08-23,Store_A,Household,14.25,0,0,91
2023-08-24,Store_A,Household,15.35,1,0,116
2023-08-25,Store_A,Household,16.54,0,0,79
2023-08-26,Store_A,Household,14.24,0,0,112
2023-08-27,Store_A,Household,16.37,0,0,136
2023-08-28,Store_A,Household,15.13,0,0,126
2023-08-29,Store_A,Household,14.71,0,0,98
2023-08-30,Store_A,Household,15.35,0,0,104
2023-08-31,Store_A,Household,16.17,0,0,82
2023-09-01,Store_A,Household,15.47,0,0,100
2023-09-02,Store_A,Household,15.72,0,0,126
2023-09-03,Store_A,Household,17.3,0,0,115
2023-09-04,Store_A,Household,15.13,0,0,129
2023-09-05,Store_A,Household,16.18,0,0,96
2023-09-06,Store_A,Household,16.61,0,0,73
2023-09-07,Store_A,Household,16.08,0,0,79
2023-09-08,Store_A,Household,16.5,0,0,91
2023-09-09,Store_A,Household,15.54,0,0,100
2023-09-10,Store_A,Household,14.96,1,0,157
2023-09-11,Store_A,Household,16.69,0,0,108
2023-09-12,Store_A,Household,16.42,0,0,101
2023-09-13,Store_A,Household,15.12,1,0,107
2023-09-14,Store_A,Household,14.56,1,0,95
2023-09-15,Store_A,Household,16.15,0,0,79
2023-09-16,Store_A,Household,16.75,0,0,102
2023-09-17,Store_A,Household,14.29,0,0,121
2023-09-18,Store_A,Household,16.94,0,0,96
2023-09-19,Store_A,Household,16.28,1,0,115
2023-09-20,Store_A,Household,15.8,0,0,94
2023-09-21,Store_A,Household,16.41,0,0,81
2023-09-22,Store_A,Household,16.16,0,0,80
2023-09-23,Store_A,Household,16.75,0,0,118
2023-09-24,Store_A,Household,15.89,0,0,141
2023-09-25,Store_A,Household,15.54,0,0,117
2023-09-26,Store_A,Household,16.61,0,0,113
2023-09-27,Store_A,Household,15.51,0,0,105
2023-09-28,Store_A,Household,16.89,0,0,78
2023-09-29,Store_A,Household,15.61,0,0,91
2023-09-30,Store_A,Household,15.48,0,0,134
2023-10-01,Store_A,Household,17.52,0,0,141
2023-10-02,Store_A,Household,16.67,0,0,122
2023-10-03,Store_A,Household,16.16,1,0,141
2023-10-04,Store_A,Household,15.88,0,0,87
2023-10-05,Store_A,Household,16.65,0,0,90
2023-10-06,Store_A,Household,15.94,0,0,86
2023-10-07,Store_A,Household,16.18,1,0,128
2023-10-08,Store_A,Household,15.91,1,0,158
2023-10-09,Store_A,Household,16.27,0,0,109
2023-10-10,Store_A,Household,17.44,1,0,114
2023-10-11,Store_A,Household,16.15,0,0,76
2023-10-12,Store_A,Household,16.39,0,0,84
2023-10-13,Store_A,Household,16.32,0,0,74
2023-10-14,Store_A,Household,16.11,0,0,104
2023-10-15,Store_A,Household,16.45,0,0,110
2023-10-16,Store_A,Household,16.71,0,0,105
2023-10-17,Store_A,Household,18.1,0,0,85
2023-10-18,Store_A,Household,14.94,0,0,78
2023-10-19,Store_A,Household,17.38,0,0,74
2023-10-20,Store_A,Household,15.69,0,0,78
2023-10-21,Store_A,Household,15.95,0,0,119
2023-10-22,Store_A,Household,15.96,0,0,124
2023-10-23,Store_A,Household,15.97,1,0,130
2023-10-24,Store_A,Household,16.52,0,0,97
2023-10-25,Store_A,Household,16.55,0,0,82
2023-10-26,Store_A,Household,15.04,0,0,98
2023-10-27,Store_A,Household,14.34,0,0,83
2023-10-28,Store_A,Household,15.34,0,0,140
2023-10-29,Store_A,Household,15.96,0,0,135
2023-10-30,Store_A,Household,14.77,0,0,127
2023-10-31,Store_A,Household,16.71,0,0,111
2023-11-01,Store_A,Household,15.88,0,0,109
2023-11-02,Store_A,Household,15.13,0,0,96
2023-11-03,Store_A,Household,15.71,0,0,84
2023-11-04,Store_A,Household,14.45,0,0,117
2023-11-05,Store_A,Household,15.5,0,0,145
2023-11-06,Store_A,Household,16.28,1,0,135
2023-11-07,Store_A,Household,15.21,1,0,133
2023-11-08,Store_A,Household,16.38,1,0,108
2023-11-09,Store_A,Household,14.2,1,0,119
2023-11-10,Store_A,Household,15.62,0,0,72
2023-11-11,Store_A,Household,15.68,0,0,113
2023-11-12,Store_A,Household,15.44,1,0,150
2023-11-13,Store_A,Household,16.31,0,0,98
2023-11-14,Store_A,Household,15.11,0,0,92
2023-11-15,Store_A,Household,17.12,1,0,100
2023-11-16,Store_A,Household,15.86,0,0,78
2023-11-17,Store_A,Household,16.49,1,0,93
2023-11-18,Store_A,Household,15.76,0,0,107
2023-11-19,Store_A,Household,16.59,1,0,139
2023-11-20,Store_A,Household,15.95,0,1,145
2023-11-21,Store_A,Household,16.54,0,1,132
2023-11-22,Store_A,Household,15.78,0,1,133
2023-11-23,Store_A,Household,15.68,0,1,121
2023-11-24,Store_A,Household,16.61,0,1,120
2023-11-25,Store_A,Household,16.28,0,1,170
2023-11-26,Store_A,Household,16.51,0,1,169
2023-11-27,Store_A,Household,15.13,0,1,147
2023-11-28,Store_A,Household,16.58,0,1,144
2023-11-29,Store_A,Household,16.35,0,1,116
2023-11-30,Store_A,Household,15.87,0,1,126
2023-12-01,Store_A,Household,15.89,1,0,117
2023-12-02,Store_A,Household,17.51,0,0,135
2023-12-03,Store_A,Household,15.4,0,0,129
2023-12-04,Store_A,Household,17.21,0,0,120
2023-12-05,Store_A,Household,16.39,0,0,103
2023-12-06,Store_A,Household,15.77,1,0,126
2023-12-07,Store_A,Household,14.22,0,0,97
2023-12-08,Store_A,Household,16.76,0,0,83
2023-12-09,Store_A,Household,17.42,1,0,126
2023-12-10,Store_A,Household,15.89,1,0,148
2023-12-11,Store_A,Household,16.41,0,0,98
2023-12-12,Store_A,Household,15.41,0,0,104
2023-12-13,Store_A,Household,16.08,0,0,74
2023-12-14,Store_A,Household,15.48,0,0,78
2023-12-15,Store_A,Household,16.67,1,0,102
2023-12-16,Store_A,Household,16.35,1,0,140
2023-12-17,Store_A,Household,17.25,0,0,116
2023-12-18,Store_A,Household,15.97,0,0,101
2023-12-19,Store_A,Household,15.91,0,0,78
2023-12-20,Store_A,Household,15.98,0,1,128
2023-12-21,Store_A,Household,17.98,0,1,111
2023-12-22,Store_A,Household,16.53,0,1,122
2023-12-23,Store_A,Household,15.94,0,1,149
2023-12-24,Store_A,Household,15.13,0,1,165
2023-12-25,Store_A,Household,15.83,0,1,163
2023-12-26,Store_A,Household,16.0,0,1,155
2023-12-27,Store_A,Household,16.32,1,1,145
2023-12-28,Store_A,Household,15.25,0,1,132
2023-12-29,Store_A,Household,15.79,0,1,140
2023-12-30,Store_A,Household,15.69,0,1,166
2023-12-31,Store_A,Household,16.59,0,1,169
2022-01-01,Store_B,Beverages,11.53,1,0,104
2022-01-02,Store_B,Beverages,11.34,0,0,115
2022-01-03,Store_B,Beverages,12.19,0,0,91
2022-01-04,Store_B,Beverages,13.17,0,0,75
2022-01-05,Store_B,Beverages,11.05,0,0,83
2022-01-06,Store_B,Beverages,13.56,0,0,75
2022-01-07,Store_B,Beverages,11.14,0,0,70
2022-01-08,Store_B,Beverages,11.83,0,0,102
2022-01-09,Store_B,Beverages,11.43,0,0,121
2022-01-10,Store_B,Beverages,11.81,1,0,121
2022-01-11,Store_B,Beverages,12.31,0,0,94
2022-01-12,Store_B,Beverages,11.05,0,0,73
2022-01-13,Store_B,Beverages,11.86,0,0,61
2022-01-14,Store_B,Beverages,12.5,0,0,70
2022-01-15,Store_B,Beverages,12.4,0,0,110
2022-01-16,Store_B,Beverages,12.6,0,0,113
2022-01-17,Store_B,Beverages,11.46,1,0,107
2022-01-18,Store_B,Beverages,11.85,0,0,75
2022-01-19,Store_B,Beverages,12.75,0,0,59
2022-01-20,Store_B,Beverages,10.86,0,0,64
2022-01-21,Store_B,Beverages,11.9,0,0,66
2022-01-22,Store_B,Beverages,11.1,0,0,76
2022-01-23,Store_B,Beverages,12.52,0,0,107
2022-01-24,Store_B,Beverages,11.61,0,0,89
2022-01-25,Store_B,Beverages,12.48,0,0,74
2022-01-26,Store_B,Beverages,11.11,1,0,83
2022-01-27,Store_B,Beverages,11.96,1,0,81
2022-01-28,Store_B,Beverages,11.03,0,0,66
2022-01-29,Store_B,Beverages,10.96,1,0,122
2022-01-30,Store_B,Beverages,12.58,0,0,103
2022-01-31,Store_B,Beverages,11.66,0,0,86
2022-02-01,Store_B,Beverages,11.98,0,0,85
2022-02-02,Store_B,Beverages,13.11,1,0,87
2022-02-03,Store_B,Beverages,11.26,0,0,88
2022-02-04,Store_B,Beverages,12.59,0,0,69
2022-02-05,Store_B,Beverages,13.78,1,0,121
2022-02-06,Store_B,Beverages,12.37,0,0,112
2022-02-07,Store_B,Beverages,10.98,0,0,97
2022-02-08,Store_B,Beverages,11.67,0,0,95
2022-02-09,Store_B,Beverages,11.81,0,0,83
2022-02-10,Store_B,Beverages,12.42,1,0,93
2022-02-11,Store_B,Beverages,11.09,0,0,74
2022-02-12,Store_B,Beverages,12.16,0,0,109
2022-02-13,Store_B,Beverages,11.18,0,0,110
2022-02-14,Store_B,Beverages,10.41,0,0,95
2022-02-15,Store_B,Beverages,11.44,0,0,94
2022-02-16,Store_B,Beverages,12.58,0,0,60
2022-02-17,Store_B,Beverages,12.15,0,0,50
2022-02-18,Store_B,Beverages,11.89,0,0,72
2022-02-19,Store_B,Beverages,12.01,0,0,85
2022-02-20,Store_B,Beverages,11.61,1,0,112
2022-02-21,Store_B,Beverages,11.41,0,0,91
2022-02-22,Store_B,Beverages,12.83,0,0,67
2022-02-23,Store_B,Beverages,12.17,0,0,67
2022-02-24,Store_B,Beverages,13.22,0,0,44
2022-02-25,Store_B,Beverages,12.13,0,0,58
2022-02-26,Store_B,Beverages,12.56,0,0,89
2022-02-27,Store_B,Beverages,12.21,1,0,103
2022-02-28,Store_B,Beverages,11.32,1,0,110
2022-03-01,Store_B,Beverages,13.07,0,0,80
2022-03-02,Store_B,Beverages,12.13,0,0,75
2022-03-03,Store_B,Beverages,12.54,0,0,60
2022-03-04,Store_B,Beverages,12.44,0,0,78
2022-03-05,Store_B,Beverages,10.89,0,0,107
2022-03-06,Store_B,Beverages,12.82,0,0,114
2022-03-07,Store_B,Beverages,13.28,1,0,131
2022-03-08,Store_B,Beverages,11.89,0,0,95
2022-03-09,Store_B,Beverages,12.37,0,0,76
2022-03-10,Store_B,Beverages,12.04,0,0,69
2022-03-11,Store_B,Beverages,12.86,0,0,71
2022-03-12,Store_B,Beverages,11.07,0,0,118
2022-03-13,Store_B,Beverages,13.1,0,0,108
2022-03-14,Store_B,Beverages,12.14,0,0,86
2022-03-15,Store_B,Beverages,11.76,1,0,118
2022-03-16,Store_B,Beverages,11.49,0,0,76
2022-03-17,Store_B,Beverages,11.44,0,0,70
2022-03-18,Store_B,Beverages,12.8,0,0,60
2022-03-19,Store_B,Beverages,12.12,0,0,102
2022-03-20,Store_B,Beverages,11.07,0,0,106
2022-03-21,Store_B,Beverages,11.75,0,0,86
2022-03-22,Store_B,Beverages,13.29,0,0,62
2022-03-23,Store_B,Beverages,12.42,1,0,83
2022-03-24,Store_B,Beverages,11.8,0,0,57
2022-03-25,Store_B,Beverages,10.68,1,0,100
2022-03-26,Store_B,Beverages,11.6,0,0,91
2022-03-27,Store_B,Beverages,12.69,1,0,132
2022-03-28,Store_B,Beverages,12.54,0,0,82
2022-03-29,Store_B,Beverages,12.34,0,0,79
2022-03-30,Store_B,Beverages,11.73,1,0,93
2022-03-31,Store_B,Beverages,11.71,0,0,68
2022-04-01,Store_B,Beverages,12.84,0,0,60
2022-04-02,Store_B,Beverages,10.8,0,0,98
2022-04-03,Store_B,Beverages,11.4,0,0,113
2022-04-04,Store_B,Beverages,11.01,0,0,107
2022-04-05,Store_B,Beverages,11.47,0,0,94
2022-04-06,Store_B,Beverages,12.79,0,0,71
2022-04-07,Store_B,Beverages,12.93,0,0,88
2022-04-08,Store_B,Beverages,11.51,1,0,105
2022-04-09,Store_B,Beverages,12.65,0,0,101
2022-04-10,Store_B,Beverages,12.71,0,0,114
2022-04-11,Store_B,Beverages,11.82,0,0,109
2022-04-12,Store_B,Beverages,11.26,0,0,103
2022-04-13,Store_B,Beverages,11.22,0,0,101
2022-04-14,Store_B,Beverages,11.38,0,0,72
2022-04-15,Store_B,Beverages,11.51,0,0,59
2022-04-16,Store_B,Beverages,12.33,0,0,121
2022-04-17,Store_B,Beverages,12.02,0,0,111
2022-04-18,Store_B,Beverages,11.66,0,0,89
2022-04-19,Store_B,Beverages,12.8,0,0,79
2022-04-20,Store_B,Beverages,10.72,0,0,60
2022-04-21,Store_B,Beverages,10.54,1,0,81
2022-04-22,Store_B,Beverages,11.83,0,0,57
2022-04-23,Store_B,Beverages,12.44,0,0,93
2022-04-24,Store_B,Beverages,11.38,0,0,103
2022-04-25,Store_B,Beverages,12.08,0,0,67
2022-04-26,Store_B,Beverages,11.95,0,0,82
2022-04-27,Store_B,Beverages,11.43,0,0,72
2022-04-28,Store_B,Beverages,11.91,0,0,65
2022-04-29,Store_B,Beverages,10.91,0,0,76
2022-04-30,Store_B,Beverages,11.77,1,0,113
2022-05-01,Store_B,Beverages,11.56,0,0,106
2022-05-02,Store_B,Beverages,12.89,1,0,129
2022-05-03,Store_B,Beverages,12.05,0,0,94
2022-05-04,Store_B,Beverages,12.08,0,0,74
2022-05-05,Store_B,Beverages,12.25,0,0,80
2022-05-06,Store_B,Beverages,12.03,0,0,77
2022-05-07,Store_B,Beverages,12.72,0,0,104
2022-05-08,Store_B,Beverages,12.18,0,0,105
2022-05-09,Store_B,Beverages,12.11,0,0,102
2022-05-10,Store_B,Beverages,12.44,0,0,93
2022-05-11,Store_B,Beverages,13.0,1,0,96
2022-05-12,Store_B,Beverages,11.8,0,0,68
2022-05-13,Store_B,Beverages,11.77,0,0,80
2022-05-14,Store_B,Beverages,11.79,0,0,108
2022-05-15,Store_B,Beverages,12.01,1,0,142
2022-05-16,Store_B,Beverages,12.88,0,0,101
2022-05-17,Store_B,Beverages,12.41,1,0,102
2022-05-18,Store_B,Beverages,11.32,0,0,73
2022-05-19,Store_B,Beverages,12.59,0,0,44
2022-05-20,Store_B,Beverages,11.51,0,0,76
2022-05-21,Store_B,Beverages,11.53,0,0,106
2022-05-22,Store_B,Beverages,11.26,0,0,97
2022-05-23,Store_B,Beverages,11.22,0,0,84
2022-05-24,Store_B,Beverages,12.58,0,0,77
2022-05-25,Store_B,Beverages,12.67,0,0,60
2022-05-26,Store_B,Beverages,11.59,1,0,82
2022-05-27,Store_B,Beverages,11.03,0,0,71
2022-05-28,Store_B,Beverages,12.03,0,0,97
2022-05-29,Store_B,Beverages,10.8,0,0,119
2022-05-30,Store_B,Beverages,12.92,0,0,85
2022-05-31,Store_B,Beverages,12.68,1,0,126
2022-06-01,Store_B,Beverages,12.27,0,0,86
2022-06-02,Store_B,Beverages,12.86,0,0,73
2022-06-03,Store_B,Beverages,11.8,0,0,76
2022-06-04,Store_B,Beverages,10.8,0,0,121
2022-06-05,Store_B,Beverages,12.17,0,0,121
2022-06-06,Store_B,Beverages,11.95,0,0,106
2022-06-07,Store_B,Beverages,11.06,0,0,101
2022-06-08,Store_B,Beverages,13.03,1,0,124
2022-06-09,Store_B,Beverages,12.63,1,0,101
2022-06-10,Store_B,Beverages,13.38,1,0,122
2022-06-11,Store_B,Beverages,11.31,0,0,113
2022-06-12,Store_B,Beverages,12.66,0,0,117
2022-06-13,Store_B,Beverages,12.41,0,0,109
2022-06-14,Store_B,Beverages,13.81,0,0,83
2022-06-15,Store_B,Beverages,12.81,0,0,83
2022-06-16,Store_B,Beverages,12.93,0,0,44
2022-06-17,Store_B,Beverages,11.93,0,0,60
2022-06-18,Store_B,Beverages,12.07,1,0,121
2022-06-19,Store_B,Beverages,12.56,0,0,110
2022-06-20,Store_B,Beverages,11.94,0,0,76
2022-06-21,Store_B,Beverages,11.35,0,0,71
2022-06-22,Store_B,Beverages,12.72,0,0,65
2022-06-23,Store_B,Beverages,11.9,0,0,65
2022-06-24,Store_B,Beverages,12.79,0,0,64
2022-06-25,Store_B,Beverages,10.86,1,0,127
2022-06-26,Store_B,Beverages,10.98,1,0,132
2022-06-27,Store_B,Beverages,12.23,0,0,95
2022-06-28,Store_B,Beverages,12.59,0,0,71
2022-06-29,Store_B,Beverages,11.24,0,0,76
2022-06-30,Store_B,Beverages,11.46,1,0,82
2022-07-01,Store_B,Beverages,11.73,1,0,98
2022-07-02,Store_B,Beverages,11.12,0,0,101
2022-07-03,Store_B,Beverages,11.52,0,0,120
2022-07-04,Store_B,Beverages,10.79,0,0,93
2022-07-05,Store_B,Beverages,11.5,0,0,94
2022-07-06,Store_B,Beverages,12.25,0,0,87
2022-07-07,Store_B,Beverages,12.34,0,0,87
2022-07-08,Store_B,Beverages,11.96,0,0,84
2022-07-09,Store_B,Beverages,10.89,1,0,140
2022-07-10,Store_B,Beverages,12.72,0,0,106
2022-07-11,Store_B,Beverages,12.92,0,0,98
2022-07-12,Store_B,Beverages,12.39,0,0,90
2022-07-13,Store_B,Beverages,11.39,0,0,77
2022-07-14,Store_B,Beverages,11.74,0,0,68
2022-07-15,Store_B,Beverages,12.47,0,0,89
2022-07-16,Store_B,Beverages,12.44,0,0,91
2022-07-17,Store_B,Beverages,12.55,0,0,114
2022-07-18,Store_B,Beverages,12.65,1,0,110
2022-07-19,Store_B,Beverages,12.39,0,0,88
2022-07-20,Store_B,Beverages,12.45,1,0,102
2022-07-21,Store_B,Beverages,11.76,1,0,88
2022-07-22,Store_B,Beverages,12.22,1,0,103
2022-07-23,Store_B,Beverages,13.23,0,0,74
2022-07-24,Store_B,Beverages,11.39,0,0,113
2022-07-25,Store_B,Beverages,11.47,1,0,124
2022-07-26,Store_B,Beverages,13.33,0,0,80
2022-07-27,Store_B,Beverages,11.99,0,0,82
2022-07-28,Store_B,Beverages,11.95,0,0,70
2022-07-29,Store_B,Beverages,11.17,0,0,59
2022-07-30,Store_B,Beverages,13.58,1,0,121
2022-07-31,Store_B,Beverages,12.78,0,0,112
2022-08-01,Store_B,Beverages,11.56,0,0,92
2022-08-02,Store_B,Beverages,12.56,0,0,89
2022-08-03,Store_B,Beverages,11.93,0,0,91
2022-08-04,Store_B,Beverages,12.58,0,0,80
2022-08-05,Store_B,Beverages,11.69,0,0,78
2022-08-06,Store_B,Beverages,11.75,1,0,132
2022-08-07,Store_B,Beverages,12.17,0,0,122
2022-08-08,Store_B,Beverages,12.18,0,0,109
2022-08-09,Store_B,Beverages,11.4,1,0,125
2022-08-10,Store_B,Beverages,11.51,0,0,87
2022-08-11,Store_B,Beverages,12.13,0,0,74
2022-08-12,Store_B,Beverages,11.92,0,0,86
2022-08-13,Store_B,Beverages,11.83,0,0,106
2022-08-14,Store_B,Beverages,11.01,0,0,118
2022-08-15,Store_B,Beverages,12.93,0,0,77
2022-08-16,Store_B,Beverages,11.96,0,0,107
2022-08-17,Store_B,Beverages,11.87,0,0,70
2022-08-18,Store_B,Beverages,11.61,1,0,102
2022-08-19,Store_B,Beverages,11.85,0,0,72
2022-08-20,Store_B,Beverages,11.82,0,0,106
2022-08-21,Store_B,Beverages,12.08,0,0,99
2022-08-22,Store_B,Beverages,11.35,0,0,81
2022-08-23,Store_B,Beverages,13.08,0,0,82
2022-08-24,Store_B,Beverages,11.88,0,0,63
2022-08-25,Store_B,Beverages,13.32,0,0,67
2022-08-26,Store_B,Beverages,12.32,0,0,74
2022-08-27,Store_B,Beverages,12.86,0,0,99
2022-08-28,Store_B,Beverages,12.64,1,0,131
2022-08-29,Store_B,Beverages,12.29,0,0,107
2022-08-30,Store_B,Beverages,11.52,0,0,86
2022-08-31,Store_B,Beverages,11.03,1,0,115
2022-09-01,Store_B,Beverages,12.02,0,0,78
2022-09-02,Store_B,Beverages,12.49,0,0,87
2022-09-03,Store_B,Beverages,11.26,1,0,142
2022-09-04,Store_B,Beverages,13.16,0,0,111
2022-09-05,Store_B,Beverages,11.62,1,0,129
2022-09-06,Store_B,Beverages,12.27,0,0,106
2022-09-07,Store_B,Beverages,12.36,0,0,82
2022-09-08,Store_B,Beverages,12.3,0,0,86
2022-09-09,Store_B,Beverages,12.04,0,0,80
2022-09-10,Store_B,Beverages,12.82,0,0,106
2022-09-11,Store_B,Beverages,12.2,0,0,123
2022-09-12,Store_B,Beverages,11.92,1,0,145
2022-09-13,Store_B,Beverages,11.1,1,0,112
2022-09-14,Store_B,Beverages,13.53,0,0,70
2022-09-15,Store_B,Beverages,11.67,0,0,79
2022-09-16,Store_B,Beverages,10.54,0,0,83
2022-09-17,Store_B,Beverages,12.43,0,0,91
2022-09-18,Store_B,Beverages,13.14,0,0,105
2022-09-19,Store_B,Beverages,12.98,0,0,91
2022-09-20,Store_B,Beverages,13.37,0,0,74
2022-09-21,Store_B,Beverages,11.76,0,0,75
2022-09-22,Store_B,Beverages,12.36,0,0,59
2022-09-23,Store_B,Beverages,11.31,0,0,72
2022-09-24,Store_B,Beverages,11.8,0,0,94
2022-09-25,Store_B,Beverages,12.77,1,0,124
2022-09-26,Store_B,Beverages,11.65,0,0,95
2022-09-27,Store_B,Beverages,12.4,0,0,82
2022-09-28,Store_B,Beverages,11.67,0,0,91
2022-09-29,Store_B,Beverages,11.29,0,0,80
2022-09-30,Store_B,Beverages,12.58,0,0,78
2022-10-01,Store_B,Beverages,10.65,0,0,133
2022-10-02,Store_B,Beverages,11.92,0,0,116
2022-10-03,Store_B,Beverages,12.53,1,0,129
2022-10-04,Store_B,Beverages,11.48,0,0,101
2022-10-05,Store_B,Beverages,12.28,0,0,76
2022-10-06,Store_B,Beverages,12.63,0,0,78
2022-10-07,Store_B,Beverages,12.28,0,0,87
2022-10-08,Store_B,Beverages,12.46,0,0,107
2022-10-09,Store_B,Beverages,12.23,0,0,121
2022-10-10,Store_B,Beverages,12.28,1,0,133
2022-10-11,Store_B,Beverages,12.03,0,0,125
2022-10-12,Store_B,Beverages,11.13,0,0,76
2022-10-13,Store_B,Beverages,12.98,0,0,66
2022-10-14,Store_B,Beverages,11.84,1,0,87
2022-10-15,Store_B,Beverages,12.29,0,0,85
2022-10-16,Store_B,Beverages,12.52,1,0,116
2022-10-17,Store_B,Beverages,11.95,0,0,88
2022-10-18,Store_B,Beverages,11.5,0,0,86
2022-10-19,Store_B,Beverages,12.54,1,0,91
2022-10-20,Store_B,Beverages,11.98,1,0,104
2022-10-21,Store_B,Beverages,12.91,0,0,61
2022-10-22,Store_B,Beverages,12.69,0,0,96
2022-10-23,Store_B,Beverages,12.39,0,0,117
2022-10-24,Store_B,Beverages,12.64,0,0,91
2022-10-25,Store_B,Beverages,12.88,0,0,95
2022-10-26,Store_B,Beverages,11.45,0,0,69
2022-10-27,Store_B,Beverages,12.58,0,0,69
2022-10-28,Store_B,Beverages,11.07,0,0,81
2022-10-29,Store_B,Beverages,11.19,0,0,113
2022-10-30,Store_B,Beverages,11.5,0,0,119
2022-10-31,Store_B,Beverages,12.38,0,0,104
2022-11-01,Store_B,Beverages,12.1,0,0,103
2022-11-02,Store_B,Beverages,10.49,0,0,106
2022-11-03,Store_B,Beverages,11.46,0,0,86
2022-11-04,Store_B,Beverages,12.59,0,0,82
2022-11-05,Store_B,Beverages,13.26,0,0,119
2022-11-06,Store_B,Beverages,12.21,0,0,137
2022-11-07,Store_B,Beverages,12.33,0,0,112
2022-11-08,Store_B,Beverages,13.67,0,0,83
2022-11-09,Store_B,Beverages,12.9,1,0,116
2022-11-10,Store_B,Beverages,11.03,1,0,101
2022-11-11,Store_B,Beverages,12.64,0,0,74
2022-11-12,Store_B,Beverages,11.31,0,0,109
2022-11-13,Store_B,Beverages,12.89,0,0,107
2022-11-14,Store_B,Beverages,11.7,0,0,98
2022-11-15,Store_B,Beverages,10.73,1,0,133
2022-11-16,Store_B,Beverages,12.74,1,0,88
2022-11-17,Store_B,Beverages,13.02,0,0,62
2022-11-18,Store_B,Beverages,11.32,0,0,75
2022-11-19,Store_B,Beverages,12.52,0,0,90
2022-11-20,Store_B,Beverages,12.5,0,1,155
2022-11-21,Store_B,Beverages,10.74,0,1,133
2022-11-22,Store_B,Beverages,11.78,0,1,126
2022-11-23,Store_B,Beverages,11.14,1,1,130
2022-11-24,Store_B,Beverages,11.3,0,1,97
2022-11-25,Store_B,Beverages,11.43,0,1,121
2022-11-26,Store_B,Beverages,11.3,0,1,131
2022-11-27,Store_B,Beverages,10.74,0,1,153
2022-11-28,Store_B,Beverages,12.32,1,1,162
2022-11-29,Store_B,Beverages,12.19,0,1,121
2022-11-30,Store_B,Beverages,11.45,0,1,124
2022-12-01,Store_B,Beverages,11.82,0,0,74
2022-12-02,Store_B,Beverages,11.57,0,0,86
2022-12-03,Store_B,Beverages,12.06,0,0,116
2022-12-04,Store_B,Beverages,12.38,1,0,142
2022-12-05,Store_B,Beverages,10.88,0,0,118
2022-12-06,Store_B,Beverages,13.02,0,0,101
2022-12-07,Store_B,Beverages,12.36,1,0,109
2022-12-08,Store_B,Beverages,12.26,0,0,84
2022-12-09,Store_B,Beverages,13.53,0,0,85
2022-12-10,Store_B,Beverages,12.33,0,0,119
2022-12-11,Store_B,Beverages,11.85,0,0,127
2022-12-12,Store_B,Beverages,11.63,0,0,100
2022-12-13,Store_B,Beverages,11.07,0,0,103
2022-12-14,Store_B,Beverages,12.78,0,0,76
2022-12-15,Store_B,Beverages,13.96,0,0,69
2022-12-16,Store_B,Beverages,12.17,0,0,76
2022-12-17,Store_B,Beverages,11.42,0,0,103
2022-12-18,Store_B,Beverages,13.25,0,0,105
2022-12-19,Store_B,Beverages,12.41,0,0,113
2022-12-20,Store_B,Beverages,11.56,0,1,109
2022-12-21,Store_B,Beverages,12.89,0,1,117
2022-12-22,Store_B,Beverages,12.03,0,1,113
2022-12-23,Store_B,Beverages,11.65,0,1,99
2022-12-24,Store_B,Beverages,12.1,0,1,138
2022-12-25,Store_B,Beverages,12.16,1,1,169
2022-12-26,Store_B,Beverages,12.46,0,1,137
2022-12-27,Store_B,Beverages,12.14,0,1,155
2022-12-28,Store_B,Beverages,12.36,0,1,122
2022-12-29,Store_B,Beverages,12.69,0,1,112
2022-12-30,Store_B,Beverages,11.77,0,1,122
2022-12-31,Store_B,Beverages,11.65,1,1,181
2023-01-01,Store_B,Beverages,10.93,0,0,133
2023-01-02,Store_B,Beverages,11.3,0,0,129
2023-01-03,Store_B,Beverages,10.65,0,0,112
2023-01-04,Store_B,Beverages,12.41,0,0,77
2023-01-05,Store_B,Beverages,12.21,1,0,109
2023-01-06,Store_B,Beverages,13.11,0,0,83
2023-01-07,Store_B,Beverages,11.93,0,0,108
2023-01-08,Store_B,Beverages,12.09,0,0,131
2023-01-09,Store_B,Beverages,13.58,1,0,121
2023-01-10,Store_B,Beverages,10.76,0,0,104
2023-01-11,Store_B,Beverages,13.09,0,0,87
2023-01-12,Store_B,Beverages,11.58,1,0,105
2023-01-13,Store_B,Beverages,12.01,1,0,110
2023-01-14,Store_B,Beverages,11.36,0,0,98
2023-01-15,Store_B,Beverages,13.05,0,0,104
2023-01-16,Store_B,Beverages,11.38,0,0,92
2023-01-17,Store_B,Beverages,12.63,0,0,86
2023-01-18,Store_B,Beverages,10.89,0,0,78
2023-01-19,Store_B,Beverages,13.6,1,0,84
2023-01-20,Store_B,Beverages,10.89,0,0,74
2023-01-21,Store_B,Beverages,12.72,0,0,93
2023-01-22,Store_B,Beverages,12.06,0,0,111
2023-01-23,Store_B,Beverages,12.85,0,0,95
2023-01-24,Store_B,Beverages,12.25,0,0,91
2023-01-25,Store_B,Beverages,11.17,0,0,92
2023-01-26,Store_B,Beverages,12.98,0,0,70
2023-01-27,Store_B,Beverages,13.01,0,0,79
2023-01-28,Store_B,Beverages,12.49,0,0,98
2023-01-29,Store_B,Beverages,12.72,0,0,124
2023-01-30,Store_B,Beverages,12.01,0,0,117
2023-01-31,Store_B,Beverages,11.34,0,0,117
2023-02-01,Store_B,Beverages,13.24,0,0,71
2023-02-02,Store_B,Beverages,11.84,1,0,89
2023-02-03,Store_B,Beverages,12.37,1,0,106
2023-02-04,Store_B,Beverages,11.73,0,0,128
2023-02-05,Store_B,Beverages,12.88,1,0,152
2023-02-06,Store_B,Beverages,12.37,0,0,122
2023-02-07,Store_B,Beverages,13.32,0,0,112
2023-02-08,Store_B,Beverages,12.61,1,0,109
2023-02-09,Store_B,Beverages,12.32,0,0,97
2023-02-10,Store_B,Beverages,12.41,1,0,123
2023-02-11,Store_B,Beverages,11.53,0,0,110
2023-02-12,Store_B,Beverages,11.57,0,0,129
2023-02-13,Store_B,Beverages,12.74,0,0,95
2023-02-14,Store_B,Beverages,12.72,0,0,95
2023-02-15,Store_B,Beverages,11.74,0,0,73
2023-02-16,Store_B,Beverages,12.38,0,0,67
2023-02-17,Store_B,Beverages,11.7,0,0,78
2023-02-18,Store_B,Beverages,12.17,0,0,107
2023-02-19,Store_B,Beverages,12.21,0,0,106
2023-02-20,Store_B,Beverages,13.03,0,0,106
2023-02-21,Store_B,Beverages,11.68,0,0,101
2023-02-22,Store_B,Beverages,11.17,0,0,100
2023-02-23,Store_B,Beverages,12.51,1,0,106
2023-02-24,Store_B,Beverages,11.49,0,0,86
2023-02-25,Store_B,Beverages,13.15,0,0,107
2023-02-26,Store_B,Beverages,12.04,0,0,120
2023-02-27,Store_B,Beverages,12.27,0,0,101
2023-02-28,Store_B,Beverages,11.32,0,0,115
2023-03-01,Store_B,Beverages,11.55,0,0,82
2023-03-02,Store_B,Beverages,11.92,0,0,79
2023-03-03,Store_B,Beverages,11.91,0,0,92
2023-03-04,Store_B,Beverages,11.6,1,0,141
2023-03-05,Store_B,Beverages,10.93,0,0,139
2023-03-06,Store_B,Beverages,11.86,0,0,118
2023-03-07,Store_B,Beverages,10.4,0,0,117
2023-03-08,Store_B,Beverages,12.45,0,0,95
2023-03-09,Store_B,Beverages,11.51,0,0,92
2023-03-10,Store_B,Beverages,12.59,0,0,93
2023-03-11,Store_B,Beverages,10.98,0,0,125
2023-03-12,Store_B,Beverages,10.71,0,0,134
2023-03-13,Store_B,Beverages,12.21,0,0,119
2023-03-14,Store_B,Beverages,12.95,1,0,104
2023-03-15,Store_B,Beverages,12.17,0,0,81
2023-03-16,Store_B,Beverages,11.49,0,0,73
2023-03-17,Store_B,Beverages,11.83,0,0,68
2023-03-18,Store_B,Beverages,11.37,0,0,98
2023-03-19,Store_B,Beverages,11.68,0,0,113
2023-03-20,Store_B,Beverages,13.07,1,0,120
2023-03-21,Store_B,Beverages,11.63,0,0,97
2023-03-22,Store_B,Beverages,12.47,0,0,93
2023-03-23,Store_B,Beverages,11.95,0,0,67
2023-03-24,Store_B,Beverages,12.98,0,0,67
2023-03-25,Store_B,Beverages,12.08,0,0,112
2023-03-26,Store_B,Beverages,11.55,1,0,132
2023-03-27,Store_B,Beverages,12.46,1,0,147
2023-03-28,Store_B,Beverages,12.01,0,0,94
2023-03-29,Store_B,Beverages,12.21,0,0,92
2023-03-30,Store_B,Beverages,12.76,1,0,116
2023-03-31,Store_B,Beverages,11.73,0,0,98
2023-04-01,Store_B,Beverages,11.42,0,0,118
2023-04-02,Store_B,Beverages,11.76,0,0,142
2023-04-03,Store_B,Beverages,12.02,1,0,138
2023-04-04,Store_B,Beverages,11.31,1,0,138
2023-04-05,Store_B,Beverages,13.14,0,0,104
2023-04-06,Store_B,Beverages,12.66,0,0,73
2023-04-07,Store_B,Beverages,11.51,1,0,110
2023-04-08,Store_B,Beverages,11.91,1,0,149
2023-04-09,Store_B,Beverages,12.18,0,0,136
2023-04-10,Store_B,Beverages,10.92,0,0,121
2023-04-11,Store_B,Beverages,12.04,0,0,112
2023-04-12,Store_B,Beverages,12.03,0,0,91
2023-04-13,Store_B,Beverages,10.92,0,0,83
2023-04-14,Store_B,Beverages,12.35,0,0,76
2023-04-15,Store_B,Beverages,11.15,0,0,104
2023-04-16,Store_B,Beverages,12.51,0,0,120
2023-04-17,Store_B,Beverages,12.68,0,0,91
2023-04-18,Store_B,Beverages,12.25,0,0,93
2023-04-19,Store_B,Beverages,11.9,0,0,97
2023-04-20,Store_B,Beverages,12.18,0,0,66
2023-04-21,Store_B,Beverages,12.27,0,0,83
2023-04-22,Store_B,Beverages,13.81,0,0,100
2023-04-23,Store_B,Beverages,11.65,0,0,110
2023-04-24,Store_B,Beverages,13.14,1,0,126
2023-04-25,Store_B,Beverages,11.14,1,0,118
2023-04-26,Store_B,Beverages,11.4,0,0,101
2023-04-27,Store_B,Beverages,12.33,1,0,105
2023-04-28,Store_B,Beverages,12.61,0,0,85
2023-04-29,Store_B,Beverages,11.09,0,0,122
2023-04-30,Store_B,Beverages,10.7,0,0,139
2023-05-01,Store_B,Beverages,11.97,0,0,121
2023-05-02,Store_B,Beverages,12.49,1,0,135
2023-05-03,Store_B,Beverages,11.59,0,0,98
2023-05-04,Store_B,Beverages,12.26,0,0,94
2023-05-05,Store_B,Beverages,12.12,0,0,95
2023-05-06,Store_B,Beverages,11.64,0,0,109
2023-05-07,Store_B,Beverages,13.47,0,0,131
2023-05-08,Store_B,Beverages,11.78,0,0,122
2023-05-09,Store_B,Beverages,11.49,0,0,99
2023-05-10,Store_B,Beverages,11.51,0,0,99
2023-05-11,Store_B,Beverages,12.22,0,0,88
2023-05-12,Store_B,Beverages,11.91,0,0,78
2023-05-13,Store_B,Beverages,10.96,0,0,113
2023-05-14,Store_B,Beverages,12.26,0,0,114
2023-05-15,Store_B,Beverages,12.27,0,0,97
2023-05-16,Store_B,Beverages,11.83,0,0,92
2023-05-17,Store_B,Beverages,13.19,0,0,72
2023-05-18,Store_B,Beverages,13.09,1,0,77
2023-05-19,Store_B,Beverages,13.35,0,0,77
2023-05-20,Store_B,Beverages,11.45,0,0,107
2023-05-21,Store_B,Beverages,12.84,0,0,111
2023-05-22,Store_B,Beverages,11.71,0,0,96
2023-05-23,Store_B,Beverages,11.81,1,0,122
2023-05-24,Store_B,Beverages,12.65,0,0,87
2023-05-25,Store_B,Beverages,12.11,1,0,101
2023-05-26,Store_B,Beverages,11.76,0,0,83
2023-05-27,Store_B,Beverages,11.17,0,0,123
2023-05-28,Store_B,Beverages,12.44,0,0,128
2023-05-29,Store_B,Beverages,13.0,0,0,108
2023-05-30,Store_B,Beverages,13.08,0,0,94
2023-05-31,Store_B,Beverages,13.3,0,0,95
2023-06-01,Store_B,Beverages,10.84,0,0,98
2023-06-02,Store_B,Beverages,11.31,0,0,95
2023-06-03,Store_B,Beverages,12.37,0,0,124
2023-06-04,Store_B,Beverages,12.23,0,0,129
2023-06-05,Store_B,Beverages,11.48,0,0,128
2023-06-06,Store_B,Beverages,11.58,0,0,115
2023-06-07,Store_B,Beverages,11.73,0,0,95
2023-06-08,Store_B,Beverages,11.68,0,0,85
2023-06-09,Store_B,Beverages,11.23,0,0,96
2023-06-10,Store_B,Beverages,12.0,0,0,122
2023-06-11,Store_B,Beverages,11.74,0,0,117
2023-06-12,Store_B,Beverages,12.11,0,0,117
2023-06-13,Store_B,Beverages,9.88,0,0,100
2023-06-14,Store_B,Beverages,12.58,0,0,86
2023-06-15,Store_B,Beverages,12.29,0,0,68
2023-06-16,Store_B,Beverages,12.9,0,0,66
2023-06-17,Store_B,Beverages,11.58,0,0,90
2023-06-18,Store_B,Beverages,12.67,0,0,115
2023-06-19,Store_B,Beverages,12.26,0,0,96
2023-06-20,Store_B,Beverages,12.02,0,0,86
2023-06-21,Store_B,Beverages,13.48,0,0,83
2023-06-22,Store_B,Beverages,12.8,0,0,78
2023-06-23,Store_B,Beverages,12.45,1,0,110
2023-06-24,Store_B,Beverages,11.77,0,0,113
2023-06-25,Store_B,Beverages,12.35,1,0,127
2023-06-26,Store_B,Beverages,12.3,1,0,127
2023-06-27,Store_B,Beverages,11.64,0,0,106
2023-06-28,Store_B,Beverages,12.68,1,0,100
2023-06-29,Store_B,Beverages,12.25,0,0,90
2023-06-30,Store_B,Beverages,12.9,0,0,84
2023-07-01,Store_B,Beverages,11.18,1,0,153
2023-07-02,Store_B,Beverages,11.17,0,0,147
2023-07-03,Store_B,Beverages,12.04,0,0,125
2023-07-04,Store_B,Beverages,12.31,0,0,97
2023-07-05,Store_B,Beverages,11.98,1,0,116
2023-07-06,Store_B,Beverages,11.31,1,0,116
2023-07-07,Store_B,Beverages,12.27,1,0,117
2023-07-08,Store_B,Beverages,12.28,0,0,125
2023-07-09,Store_B,Beverages,11.68,1,0,156
2023-07-10,Store_B,Beverages,12.68,0,0,119
2023-07-11,Store_B,Beverages,10.27,1,0,128
2023-07-12,Store_B,Beverages,11.76,0,0,88
2023-07-13,Store_B,Beverages,11.68,1,0,99
2023-07-14,Store_B,Beverages,13.05,0,0,80
2023-07-15,Store_B,Beverages,13.31,0,0,106
2023-07-16,Store_B,Beverages,12.16,1,0,136
2023-07-17,Store_B,Beverages,12.63,0,0,114
2023-07-18,Store_B,Beverages,10.78,0,0,109
2023-07-19,Store_B,Beverages,11.5,1,0,109
2023-07-20,Store_B,Beverages,13.24,0,0,77
2023-07-21,Store_B,Beverages,12.18,1,0,109
2023-07-22,Store_B,Beverages,13.39,0,0,101
2023-07-23,Store_B,Beverages,12.81,0,0,114
2023-07-24,Store_B,Beverages,11.77,0,0,111
2023-07-25,Store_B,Beverages,12.06,0,0,94
2023-07-26,Store_B,Beverages,11.95,0,0,104
2023-07-27,Store_B,Beverages,12.13,0,0,96
2023-07-28,Store_B,Beverages,12.27,1,0,120
2023-07-29,Store_B,Beverages,12.47,1,0,153
2023-07-30,Store_B,Beverages,12.75,1,0,164
2023-07-31,Store_B,Beverages,12.21,0,0,118
2023-08-01,Store_B,Beverages,11.94,0,0,128
2023-08-02,Store_B,Beverages,10.83,0,0,120
2023-08-03,Store_B,Beverages,13.04,0,0,93
2023-08-04,Store_B,Beverages,12.44,0,0,101
2023-08-05,Store_B,Beverages,12.21,1,0,142
2023-08-06,Store_B,Beverages,11.15,1,0,163
2023-08-07,Store_B,Beverages,11.31,1,0,145
2023-08-08,Store_B,Beverages,11.79,0,0,105
2023-08-09,Store_B,Beverages,11.61,1,0,111
2023-08-10,Store_B,Beverages,12.39,0,0,79
2023-08-11,Store_B,Beverages,12.26,0,0,73
2023-08-12,Store_B,Beverages,13.0,0,0,111
2023-08-13,Store_B,Beverages,12.09,0,0,124
2023-08-14,Store_B,Beverages,12.85,0,0,118
2023-08-15,Store_B,Beverages,12.07,1,0,115
2023-08-16,Store_B,Beverages,11.71,0,0,92
2023-08-17,Store_B,Beverages,13.11,0,0,76
2023-08-18,Store_B,Beverages,12.04,0,0,66
2023-08-19,Store_B,Beverages,12.4,0,0,104
2023-08-20,Store_B,Beverages,12.63,0,0,113
2023-08-21,Store_B,Beverages,11.42,0,0,110
2023-08-22,Store_B,Beverages,12.49,0,0,97
2023-08-23,Store_B,Beverages,11.21,0,0,93
2023-08-24,Store_B,Beverages,11.56,1,0,113
2023-08-25,Store_B,Beverages,11.77,0,0,100
2023-08-26,Store_B,Beverages,13.0,0,0,118
2023-08-27,Store_B,Beverages,11.59,1,0,162
2023-08-28,Store_B,Beverages,13.54,0,0,116
2023-08-29,Store_B,Beverages,11.53,0,0,117
2023-08-30,Store_B,Beverages,11.02,0,0,114
2023-08-31,Store_B,Beverages,11.27,0,0,110
2023-09-01,Store_B,Beverages,11.9,0,0,100
2023-09-02,Store_B,Beverages,12.77,1,0,136
2023-09-03,Store_B,Beverages,12.18,0,0,134
2023-09-04,Store_B,Beverages,11.94,0,0,133
2023-09-05,Store_B,Beverages,11.77,0,0,133
2023-09-06,Store_B,Beverages,11.36,0,0,111
2023-09-07,Store_B,Beverages,12.15,0,0,94
2023-09-08,Store_B,Beverages,12.29,0,0,91
2023-09-09,Store_B,Beverages,11.6,0,0,133
2023-09-10,Store_B,Beverages,11.63,0,0,134
2023-09-11,Store_B,Beverages,13.04,0,0,107
2023-09-12,Store_B,Beverages,11.88,0,0,105
2023-09-13,Store_B,Beverages,11.56,1,0,111
2023-09-14,Store_B,Beverages,12.99,1,0,115
2023-09-15,Store_B,Beverages,12.31,0,0,89
2023-09-16,Store_B,Beverages,12.57,0,0,109
2023-09-17,Store_B,Beverages,11.92,1,0,138
2023-09-18,Store_B,Beverages,12.1,0,0,118
2023-09-19,Store_B,Beverages,12.21,1,0,120
2023-09-20,Store_B,Beverages,11.33,0,0,82
2023-09-21,Store_B,Beverages,11.43,0,0,78
2023-09-22,Store_B,Beverages,12.34,0,0,88
2023-09-23,Store_B,Beverages,11.13,0,0,139
2023-09-24,Store_B,Beverages,12.17,0,0,135
2023-09-25,Store_B,Beverages,12.85,0,0,108
2023-09-26,Store_B,Beverages,12.87,0,0,120
2023-09-27,Store_B,Beverages,12.34,0,0,96
2023-09-28,Store_B,Beverages,11.74,1,0,113
2023-09-29,Store_B,Beverages,12.03,0,0,106
2023-09-30,Store_B,Beverages,11.66,0,0,124
2023-10-01,Store_B,Beverages,11.73,0,0,135
2023-10-02,Store_B,Beverages,12.88,0,0,123
2023-10-03,Store_B,Beverages,12.05,1,0,140
2023-10-04,Store_B,Beverages,12.08,0,0,109
2023-10-05,Store_B,Beverages,11.76,0,0,98
2023-10-06,Store_B,Beverages,11.99,0,0,88
2023-10-07,Store_B,Beverages,11.71,0,0,116
2023-10-08,Store_B,Beverages,11.66,0,0,131
2023-10-09,Store_B,Beverages,12.7,1,0,127
2023-10-10,Store_B,Beverages,13.21,0,0,91
2023-10-11,Store_B,Beverages,12.43,1,0,115
2023-10-12,Store_B,Beverages,12.43,0,0,86
2023-10-13,Store_B,Beverages,11.2,0,0,92
2023-10-14,Store_B,Beverages,12.43,0,0,111
2023-10-15,Store_B,Beverages,12.68,1,0,146
2023-10-16,Store_B,Beverages,12.25,0,0,111
2023-10-17,Store_B,Beverages,11.61,0,0,110
2023-10-18,Store_B,Beverages,10.9,0,0,95
2023-10-19,Store_B,Beverages,11.57,1,0,90
2023-10-20,Store_B,Beverages,12.15,0,0,81
2023-10-21,Store_B,Beverages,12.37,1,0,150
2023-10-22,Store_B,Beverages,11.74,0,0,135
2023-10-23,Store_B,Beverages,12.72,1,0,144
2023-10-24,Store_B,Beverages,12.01,0,0,107
2023-10-25,Store_B,Beverages,11.59,0,0,102
2023-10-26,Store_B,Beverages,11.03,0,0,102
2023-10-27,Store_B,Beverages,10.01,0,0,90
2023-10-28,Store_B,Beverages,11.6,0,0,133
2023-10-29,Store_B,Beverages,12.42,0,0,135
2023-10-30,Store_B,Beverages,13.79,0,0,110
2023-10-31,Store_B,Beverages,10.28,0,0,110
2023-11-01,Store_B,Beverages,11.55,0,0,114
2023-11-02,Store_B,Beverages,12.29,0,0,97
2023-11-03,Store_B,Beverages,12.15,1,0,105
2023-11-04,Store_B,Beverages,12.95,0,0,137
2023-11-05,Store_B,Beverages,13.13,1,0,151
2023-11-06,Store_B,Beverages,12.09,0,0,123
2023-11-07,Store_B,Beverages,13.11,1,0,124
2023-11-08,Store_B,Beverages,12.68,0,0,97
2023-11-09,Store_B,Beverages,12.03,0,0,86
2023-11-10,Store_B,Beverages,12.57,0,0,88
2023-11-11,Store_B,Beverages,12.05,0,0,124
2023-11-12,Store_B,Beverages,11.73,1,0,142
2023-11-13,Store_B,Beverages,12.23,0,0,106
2023-11-14,Store_B,Beverages,11.82,0,0,92
2023-11-15,Store_B,Beverages,11.99,1,0,109
2023-11-16,Store_B,Beverages,13.27,0,0,66
2023-11-17,Store_B,Beverages,11.53,0,0,82
2023-11-18,Store_B,Beverages,10.7,0,0,126
2023-11-19,Store_B,Beverages,12.59,0,0,124
2023-11-20,Store_B,Beverages,12.76,0,1,141
2023-11-21,Store_B,Beverages,12.28,0,1,141
2023-11-22,Store_B,Beverages,11.72,0,1,120
2023-11-23,Store_B,Beverages,13.45,1,1,142
2023-11-24,Store_B,Beverages,11.51,0,1,127
2023-11-25,Store_B,Beverages,12.82,0,1,166
2023-11-26,Store_B,Beverages,11.93,0,1,170
2023-11-27,Store_B,Beverages,11.3,0,1,159
2023-11-28,Store_B,Beverages,12.4,0,1,148
2023-11-29,Store_B,Beverages,12.79,0,1,132
2023-11-30,Store_B,Beverages,11.94,1,1,160
2023-12-01,Store_B,Beverages,11.29,0,0,99
2023-12-02,Store_B,Beverages,11.04,1,0,157
2023-12-03,Store_B,Beverages,12.09,0,0,130
2023-12-04,Store_B,Beverages,13.41,1,0,123
2023-12-05,Store_B,Beverages,12.46,0,0,103
2023-12-06,Store_B,Beverages,11.45,0,0,99
2023-12-07,Store_B,Beverages,11.69,0,0,87
2023-12-08,Store_B,Beverages,11.63,0,0,93
2023-12-09,Store_B,Beverages,12.61,0,0,114
2023-12-10,Store_B,Beverages,12.69,0,0,128
2023-12-11,Store_B,Beverages,12.06,0,0,115
2023-12-12,Store_B,Beverages,12.94,0,0,113
2023-12-13,Store_B,Beverages,11.17,0,0,111
2023-12-14,Store_B,Beverages,13.13,0,0,77
2023-12-15,Store_B,Beverages,13.52,1,0,105
2023-12-16,Store_B,Beverages,12.21,0,0,104
2023-12-17,Store_B,Beverages,11.86,0,0,137
2023-12-18,Store_B,Beverages,11.74,0,0,107
2023-12-19,Store_B,Beverages,12.27,0,0,109
2023-12-20,Store_B,Beverages,12.05,0,1,135
2023-12-21,Store_B,Beverages,12.8,0,1,118
2023-12-22,Store_B,Beverages,12.16,0,1,124
2023-12-23,Store_B,Beverages,11.97,0,1,165
2023-12-24,Store_B,Beverages,13.33,0,1,169
2023-12-25,Store_B,Beverages,12.35,0,1,166
2023-12-26,Store_B,Beverages,13.21,0,1,148
2023-12-27,Store_B,Beverages,11.07,1,1,152
2023-12-28,Store_B,Beverages,11.16,0,1,152
2023-12-29,Store_B,Beverages,12.59,0,1,143
2023-12-30,Store_B,Beverages,10.58,0,1,171
2023-12-31,Store_B,Beverages,11.89,0,1,173
2022-01-01,Store_B,Snacks,14.49,1,0,117
2022-01-02,Store_B,Snacks,14.1,0,0,119
2022-01-03,Store_B,Snacks,14.44,0,0,112
2022-01-04,Store_B,Snacks,13.93,0,0,92
2022-01-05,Store_B,Snacks,14.41,1,0,93
2022-01-06,Store_B,Snacks,13.41,0,0,74
2022-01-07,Store_B,Snacks,13.55,0,0,69
2022-01-08,Store_B,Snacks,14.33,0,0,105
2022-01-09,Store_B,Snacks,14.12,1,0,147
2022-01-10,Store_B,Snacks,13.85,0,0,106
2022-01-11,Store_B,Snacks,14.14,0,0,86
2022-01-12,Store_B,Snacks,13.84,0,0,95
2022-01-13,Store_B,Snacks,11.73,0,0,77
2022-01-14,Store_B,Snacks,13.78,0,0,74
2022-01-15,Store_B,Snacks,15.39,0,0,87
2022-01-16,Store_B,Snacks,13.82,0,0,104
2022-01-17,Store_B,Snacks,13.9,1,0,106
2022-01-18,Store_B,Snacks,14.76,0,0,80
2022-01-19,Store_B,Snacks,14.37,1,0,89
2022-01-20,Store_B,Snacks,14.73,0,0,60
2022-01-21,Store_B,Snacks,15.09,0,0,64
2022-01-22,Store_B,Snacks,14.36,0,0,89
2022-01-23,Store_B,Snacks,15.13,0,0,90
2022-01-24,Store_B,Snacks,14.33,1,0,96
2022-01-25,Store_B,Snacks,14.82,1,0,97
2022-01-26,Store_B,Snacks,12.72,0,0,81
2022-01-27,Store_B,Snacks,14.22,0,0,63
2022-01-28,Store_B,Snacks,12.35,0,0,74
2022-01-29,Store_B,Snacks,13.53,0,0,106
2022-01-30,Store_B,Snacks,13.88,0,0,105
2022-01-31,Store_B,Snacks,13.6,0,0,95
2022-02-01,Store_B,Snacks,14.47,1,0,106
2022-02-02,Store_B,Snacks,14.05,0,0,82
2022-02-03,Store_B,Snacks,15.62,0,0,55
2022-02-04,Store_B,Snacks,14.93,0,0,79
2022-02-05,Store_B,Snacks,13.46,0,0,100
2022-02-06,Store_B,Snacks,14.43,0,0,120
2022-02-07,Store_B,Snacks,13.58,1,0,128
2022-02-08,Store_B,Snacks,15.24,0,0,85
2022-02-09,Store_B,Snacks,13.2,0,0,85
2022-02-10,Store_B,Snacks,12.54,0,0,83
2022-02-11,Store_B,Snacks,13.5,0,0,79
2022-02-12,Store_B,Snacks,15.03,0,0,105
2022-02-13,Store_B,Snacks,14.18,1,0,144
2022-02-14,Store_B,Snacks,13.9,0,0,92
2022-02-15,Store_B,Snacks,13.69,0,0,86
2022-02-16,Store_B,Snacks,12.78,0,0,72
2022-02-17,Store_B,Snacks,14.47,1,0,86
2022-02-18,Store_B,Snacks,13.46,0,0,59
2022-02-19,Store_B,Snacks,13.88,1,0,135
2022-02-20,Store_B,Snacks,13.5,0,0,95
2022-02-21,Store_B,Snacks,13.55,1,0,110
2022-02-22,Store_B,Snacks,13.42,1,0,106
2022-02-23,Store_B,Snacks,13.66,0,0,74
2022-02-24,Store_B,Snacks,14.4,0,0,66
2022-02-25,Store_B,Snacks,15.37,0,0,54
2022-02-26,Store_B,Snacks,14.96,0,0,87
2022-02-27,Store_B,Snacks,14.88,0,0,103
2022-02-28,Store_B,Snacks,13.59,0,0,78
2022-03-01,Store_B,Snacks,13.94,0,0,89
2022-03-02,Store_B,Snacks,14.1,0,0,66
2022-03-03,Store_B,Snacks,12.56,0,0,71
2022-03-04,Store_B,Snacks,13.79,0,0,70
2022-03-05,Store_B,Snacks,13.18,0,0,110
2022-03-06,Store_B,Snacks,14.39,0,0,124
2022-03-07,Store_B,Snacks,13.05,0,0,103
2022-03-08,Store_B,Snacks,12.76,0,0,93
2022-03-09,Store_B,Snacks,13.74,0,0,90
2022-03-10,Store_B,Snacks,12.3,0,0,83
2022-03-11,Store_B,Snacks,14.21,1,0,108
2022-03-12,Store_B,Snacks,14.97,1,0,121
2022-03-13,Store_B,Snacks,13.49,0,0,128
2022-03-14,Store_B,Snacks,13.44,0,0,114
2022-03-15,Store_B,Snacks,14.93,0,0,94
2022-03-16,Store_B,Snacks,13.9,0,0,77
2022-03-17,Store_B,Snacks,13.18,0,0,78
2022-03-18,Store_B,Snacks,13.48,0,0,71
2022-03-19,Store_B,Snacks,14.45,0,0,81
2022-03-20,Store_B,Snacks,14.78,0,0,114
2022-03-21,Store_B,Snacks,14.09,0,0,96
2022-03-22,Store_B,Snacks,14.68,0,0,78
2022-03-23,Store_B,Snacks,13.36,1,0,97
2022-03-24,Store_B,Snacks,13.6,0,0,74
2022-03-25,Store_B,Snacks,13.73,0,0,67
2022-03-26,Store_B,Snacks,12.84,0,0,107
2022-03-27,Store_B,Snacks,13.37,0,0,93
2022-03-28,Store_B,Snacks,15.09,0,0,74
2022-03-29,Store_B,Snacks,13.38,0,0,85
2022-03-30,Store_B,Snacks,13.49,0,0,74
2022-03-31,Store_B,Snacks,13.93,1,0,90
2022-04-01,Store_B,Snacks,12.87,1,0,95
2022-04-02,Store_B,Snacks,13.49,0,0,110
2022-04-03,Store_B,Snacks,13.69,0,0,118
2022-04-04,Store_B,Snacks,14.15,1,0,117
2022-04-05,Store_B,Snacks,12.79,0,0,100
2022-04-06,Store_B,Snacks,14.91,0,0,79
2022-04-07,Store_B,Snacks,13.47,0,0,77
2022-04-08,Store_B,Snacks,14.66,0,0,84
2022-04-09,Store_B,Snacks,13.13,0,0,106
2022-04-10,Store_B,Snacks,13.48,0,0,117
2022-04-11,Store_B,Snacks,13.69,0,0,110
2022-04-12,Store_B,Snacks,13.99,0,0,96
2022-04-13,Store_B,Snacks,12.4,1,0,108
2022-04-14,Store_B,Snacks,13.86,0,0,75
2022-04-15,Store_B,Snacks,13.62,0,0,73
2022-04-16,Store_B,Snacks,13.1,1,0,130
2022-04-17,Store_B,Snacks,13.23,0,0,116
2022-04-18,Store_B,Snacks,13.35,1,0,117
2022-04-19,Store_B,Snacks,13.3,0,0,75
2022-04-20,Store_B,Snacks,13.88,0,0,59
2022-04-21,Store_B,Snacks,13.03,1,0,99
2022-04-22,Store_B,Snacks,15.5,1,0,86
2022-04-23,Store_B,Snacks,13.69,0,0,98
2022-04-24,Store_B,Snacks,12.63,1,0,149
2022-04-25,Store_B,Snacks,13.07,0,0,90
2022-04-26,Store_B,Snacks,13.33,1,0,94
2022-04-27,Store_B,Snacks,14.92,0,0,75
2022-04-28,Store_B,Snacks,15.29,0,0,74
2022-04-29,Store_B,Snacks,13.05,1,0,103
2022-04-30,Store_B,Snacks,14.35,0,0,101
2022-05-01,Store_B,Snacks,13.67,1,0,137
2022-05-02,Store_B,Snacks,14.18,0,0,90
2022-05-03,Store_B,Snacks,14.26,1,0,113
2022-05-04,Store_B,Snacks,14.51,0,0,82
2022-05-05,Store_B,Snacks,13.61,0,0,92
2022-05-06,Store_B,Snacks,15.22,0,0,85
2022-05-07,Store_B,Snacks,13.98,0,0,117
2022-05-08,Store_B,Snacks,12.86,0,0,136
2022-05-09,Store_B,Snacks,13.56,0,0,106
2022-05-10,Store_B,Snacks,14.96,1,0,117
2022-05-11,Store_B,Snacks,12.8,0,0,104
2022-05-12,Store_B,Snacks,14.75,0,0,63
2022-05-13,Store_B,Snacks,13.86,1,0,100
2022-05-14,Store_B,Snacks,14.9,0,0,86
2022-05-15,Store_B,Snacks,14.83,0,0,102
2022-05-16,Store_B,Snacks,13.22,0,0,112
2022-05-17,Store_B,Snacks,14.94,0,0,98
2022-05-18,Store_B,Snacks,14.08,0,0,77
2022-05-19,Store_B,Snacks,14.83,0,0,67
2022-05-20,Store_B,Snacks,13.47,0,0,71
2022-05-21,Store_B,Snacks,13.35,0,0,91
2022-05-22,Store_B,Snacks,13.41,0,0,110
2022-05-23,Store_B,Snacks,14.24,0,0,99
2022-05-24,Store_B,Snacks,13.91,1,0,120
2022-05-25,Store_B,Snacks,13.73,0,0,83
2022-05-26,Store_B,Snacks,13.76,1,0,85
2022-05-27,Store_B,Snacks,14.49,1,0,82
2022-05-28,Store_B,Snacks,14.59,0,0,87
2022-05-29,Store_B,Snacks,13.29,0,0,106
2022-05-30,Store_B,Snacks,14.76,1,0,145
2022-05-31,Store_B,Snacks,14.05,0,0,98
2022-06-01,Store_B,Snacks,14.53,0,0,85
2022-06-02,Store_B,Snacks,15.1,0,0,85
2022-06-03,Store_B,Snacks,13.75,0,0,90
2022-06-04,Store_B,Snacks,13.03,0,0,118
2022-06-05,Store_B,Snacks,13.49,0,0,127
2022-06-06,Store_B,Snacks,13.68,0,0,119
2022-06-07,Store_B,Snacks,13.5,0,0,101
2022-06-08,Store_B,Snacks,14.37,0,0,92
2022-06-09,Store_B,Snacks,13.24,0,0,93
2022-06-10,Store_B,Snacks,13.37,0,0,84
2022-06-11,Store_B,Snacks,13.81,1,0,140
2022-06-12,Store_B,Snacks,13.99,0,0,134
2022-06-13,Store_B,Snacks,13.99,0,0,102
2022-06-14,Store_B,Snacks,14.18,0,0,84
2022-06-15,Store_B,Snacks,14.78,1,0,104
2022-06-16,Store_B,Snacks,13.18,0,0,85
2022-06-17,Store_B,Snacks,13.69,0,0,72
2022-06-18,Store_B,Snacks,13.96,1,0,121
2022-06-19,Store_B,Snacks,15.13,1,0,132
2022-06-20,Store_B,Snacks,14.18,0,0,85
2022-06-21,Store_B,Snacks,13.52,0,0,87
2022-06-22,Store_B,Snacks,14.15,1,0,94
2022-06-23,Store_B,Snacks,13.78,0,0,65
2022-06-24,Store_B,Snacks,14.54,0,0,66
2022-06-25,Store_B,Snacks,13.83,0,0,100
2022-06-26,Store_B,Snacks,13.83,0,0,115
2022-06-27,Store_B,Snacks,14.16,0,0,90
2022-06-28,Store_B,Snacks,14.01,0,0,88
2022-06-29,Store_B,Snacks,14.97,0,0,78
2022-06-30,Store_B,Snacks,15.32,0,0,96
2022-07-01,Store_B,Snacks,14.45,1,0,95
2022-07-02,Store_B,Snacks,13.63,0,0,113
2022-07-03,Store_B,Snacks,13.73,0,0,120
2022-07-04,Store_B,Snacks,13.05,0,0,119
2022-07-05,Store_B,Snacks,14.81,0,0,96
2022-07-06,Store_B,Snacks,14.37,0,0,95
2022-07-07,Store_B,Snacks,14.39,0,0,84
2022-07-08,Store_B,Snacks,13.92,0,0,77
2022-07-09,Store_B,Snacks,13.05,0,0,109
2022-07-10,Store_B,Snacks,14.14,0,0,132
2022-07-11,Store_B,Snacks,14.16,0,0,118
2022-07-12,Store_B,Snacks,15.03,1,0,118
2022-07-13,Store_B,Snacks,14.04,0,0,86
2022-07-14,Store_B,Snacks,11.65,0,0,87
2022-07-15,Store_B,Snacks,15.09,0,0,70
2022-07-16,Store_B,Snacks,14.08,0,0,111
2022-07-17,Store_B,Snacks,14.38,0,0,109
2022-07-18,Store_B,Snacks,13.87,0,0,100
2022-07-19,Store_B,Snacks,15.02,1,0,95
2022-07-20,Store_B,Snacks,13.85,1,0,98
2022-07-21,Store_B,Snacks,14.0,1,0,88
2022-07-22,Store_B,Snacks,13.64,0,0,55
2022-07-23,Store_B,Snacks,13.15,1,0,133
2022-07-24,Store_B,Snacks,13.89,0,0,104
2022-07-25,Store_B,Snacks,12.7,0,0,96
2022-07-26,Store_B,Snacks,15.18,0,0,88
2022-07-27,Store_B,Snacks,14.22,0,0,78
2022-07-28,Store_B,Snacks,14.79,0,0,60
2022-07-29,Store_B,Snacks,13.31,0,0,68
2022-07-30,Store_B,Snacks,13.98,0,0,107
2022-07-31,Store_B,Snacks,14.56,0,0,119
2022-08-01,Store_B,Snacks,13.6,0,0,125
2022-08-02,Store_B,Snacks,13.89,0,0,111
2022-08-03,Store_B,Snacks,15.54,0,0,85
2022-08-04,Store_B,Snacks,13.91,0,0,85
2022-08-05,Store_B,Snacks,13.29,0,0,75
2022-08-06,Store_B,Snacks,13.53,0,0,117
2022-08-07,Store_B,Snacks,13.62,0,0,140
2022-08-08,Store_B,Snacks,15.19,0,0,111
2022-08-09,Store_B,Snacks,13.26,0,0,118
2022-08-10,Store_B,Snacks,13.88,0,0,106
2022-08-11,Store_B,Snacks,14.1,1,0,106
2022-08-12,Store_B,Snacks,13.42,0,0,81
2022-08-13,Store_B,Snacks,13.39,0,0,108
2022-08-14,Store_B,Snacks,15.04,1,0,138
2022-08-15,Store_B,Snacks,13.7,1,0,122
2022-08-16,Store_B,Snacks,12.35,0,0,97
2022-08-17,Store_B,Snacks,13.52,0,0,86
2022-08-18,Store_B,Snacks,14.34,0,0,65
2022-08-19,Store_B,Snacks,14.56,0,0,78
2022-08-20,Store_B,Snacks,14.92,0,0,92
2022-08-21,Store_B,Snacks,13.3,0,0,115
2022-08-22,Store_B,Snacks,12.66,1,0,117
2022-08-23,Store_B,Snacks,13.83,1,0,110
2022-08-24,Store_B,Snacks,13.64,0,0,81
2022-08-25,Store_B,Snacks,13.13,0,0,62
2022-08-26,Store_B,Snacks,13.17,0,0,80
2022-08-27,Store_B,Snacks,14.15,0,0,111
2022-08-28,Store_B,Snacks,13.44,0,0,123
2022-08-29,Store_B,Snacks,12.48,0,0,108
2022-08-30,Store_B,Snacks,13.54,1,0,128
2022-08-31,Store_B,Snacks,12.59,1,0,105
2022-09-01,Store_B,Snacks,14.28,1,0,101
2022-09-02,Store_B,Snacks,14.36,0,0,93
2022-09-03,Store_B,Snacks,14.74,0,0,118
2022-09-04,Store_B,Snacks,14.52,0,0,137
2022-09-05,Store_B,Snacks,14.74,0,0,114
2022-09-06,Store_B,Snacks,14.58,0,0,116
2022-09-07,Store_B,Snacks,13.28,0,0,93
2022-09-08,Store_B,Snacks,13.58,0,0,91
2022-09-09,Store_B,Snacks,13.84,0,0,83
2022-09-10,Store_B,Snacks,15.45,0,0,99
2022-09-11,Store_B,Snacks,15.31,1,0,149
2022-09-12,Store_B,Snacks,15.03,1,0,114
2022-09-13,Store_B,Snacks,13.98,0,0,104
2022-09-14,Store_B,Snacks,14.22,1,0,103
2022-09-15,Store_B,Snacks,13.19,1,0,104
2022-09-16,Store_B,Snacks,14.66,0,0,60
2022-09-17,Store_B,Snacks,13.43,0,0,109
2022-09-18,Store_B,Snacks,14.59,0,0,120
2022-09-19,Store_B,Snacks,14.72,0,0,90
2022-09-20,Store_B,Snacks,12.93,0,0,97
2022-09-21,Store_B,Snacks,14.31,0,0,78
2022-09-22,Store_B,Snacks,13.17,1,0,89
2022-09-23,Store_B,Snacks,13.21,0,0,78
2022-09-24,Store_B,Snacks,13.8,0,0,107
2022-09-25,Store_B,Snacks,14.09,1,0,134
2022-09-26,Store_B,Snacks,13.34,1,0,127
2022-09-27,Store_B,Snacks,14.23,0,0,93
2022-09-28,Store_B,Snacks,14.5,0,0,93
2022-09-29,Store_B,Snacks,14.63,0,0,79
2022-09-30,Store_B,Snacks,12.99,0,0,79
2022-10-01,Store_B,Snacks,13.96,1,0,133
2022-10-02,Store_B,Snacks,13.92,0,0,132
2022-10-03,Store_B,Snacks,13.17,0,0,120
2022-10-04,Store_B,Snacks,14.32,0,0,101
2022-10-05,Store_B,Snacks,14.45,1,0,116
2022-10-06,Store_B,Snacks,12.77,1,0,118
2022-10-07,Store_B,Snacks,14.55,1,0,95
2022-10-08,Store_B,Snacks,14.02,0,0,116
2022-10-09,Store_B,Snacks,14.23,0,0,117
2022-10-10,Store_B,Snacks,13.76,1,0,133
2022-10-11,Store_B,Snacks,13.56,1,0,127
2022-10-12,Store_B,Snacks,13.91,0,0,91
2022-10-13,Store_B,Snacks,13.55,0,0,82
2022-10-14,Store_B,Snacks,15.04,0,0,79
2022-10-15,Store_B,Snacks,12.92,0,0,106
2022-10-16,Store_B,Snacks,14.14,0,0,116
2022-10-17,Store_B,Snacks,14.25,0,0,93
2022-10-18,Store_B,Snacks,13.24,0,0,75
2022-10-19,Store_B,Snacks,12.97,1,0,120
2022-10-20,Store_B,Snacks,14.92,0,0,63
2022-10-21,Store_B,Snacks,14.03,1,0,80
2022-10-22,Store_B,Snacks,14.72,0,0,91
2022-10-23,Store_B,Snacks,12.94,0,0,118
2022-10-24,Store_B,Snacks,14.48,0,0,96
2022-10-25,Store_B,Snacks,13.27,0,0,92
2022-10-26,Store_B,Snacks,13.98,0,0,89
2022-10-27,Store_B,Snacks,13.89,0,0,70
2022-10-28,Store_B,Snacks,13.27,0,0,85
2022-10-29,Store_B,Snacks,13.49,0,0,113
2022-10-30,Store_B,Snacks,13.51,0,0,109
2022-10-31,Store_B,Snacks,14.45,0,0,118
2022-11-01,Store_B,Snacks,14.18,0,0,107
2022-11-02,Store_B,Snacks,13.93,0,0,90
2022-11-03,Store_B,Snacks,13.36,0,0,93
2022-11-04,Store_B,Snacks,13.97,0,0,94
2022-11-05,Store_B,Snacks,14.66,0,0,122
2022-11-06,Store_B,Snacks,13.66,0,0,125
2022-11-07,Store_B,Snacks,14.21,0,0,116
2022-11-08,Store_B,Snacks,13.5,0,0,99
2022-11-09,Store_B,Snacks,13.92,0,0,93
2022-11-10,Store_B,Snacks,13.92,0,0,80
2022-11-11,Store_B,Snacks,13.36,0,0,95
2022-11-12,Store_B,Snacks,14.67,0,0,108
2022-11-13,Store_B,Snacks,15.14,0,0,120
2022-11-14,Store_B,Snacks,13.62,0,0,109
2022-11-15,Store_B,Snacks,13.18,0,0,109
2022-11-16,Store_B,Snacks,15.49,0,0,80
2022-11-17,Store_B,Snacks,13.56,0,0,63
2022-11-18,Store_B,Snacks,14.01,0,0,71
2022-11-19,Store_B,Snacks,13.24,0,0,104
2022-11-20,Store_B,Snacks,13.33,0,1,146
2022-11-21,Store_B,Snacks,14.7,0,1,142
2022-11-22,Store_B,Snacks,14.16,0,1,136
2022-11-23,Store_B,Snacks,13.0,0,1,121
2022-11-24,Store_B,Snacks,13.2,0,1,118
2022-11-25,Store_B,Snacks,14.34,0,1,117
2022-11-26,Store_B,Snacks,14.36,0,1,153
2022-11-27,Store_B,Snacks,14.19,0,1,147
2022-11-28,Store_B,Snacks,14.72,0,1,131
2022-11-29,Store_B,Snacks,14.53,1,1,151
2022-11-30,Store_B,Snacks,13.66,0,1,143
2022-12-01,Store_B,Snacks,14.92,0,0,84
2022-12-02,Store_B,Snacks,13.56,0,0,103
2022-12-03,Store_B,Snacks,14.28,0,0,127
2022-12-04,Store_B,Snacks,14.49,0,0,128
2022-12-05,Store_B,Snacks,14.6,0,0,114
2022-12-06,Store_B,Snacks,13.48,1,0,140
2022-12-07,Store_B,Snacks,14.07,1,0,125
2022-12-08,Store_B,Snacks,14.93,0,0,89
2022-12-09,Store_B,Snacks,14.12,0,0,81
2022-12-10,Store_B,Snacks,13.54,0,0,119
2022-12-11,Store_B,Snacks,14.78,0,0,108
2022-12-12,Store_B,Snacks,14.92,0,0,115
2022-12-13,Store_B,Snacks,13.43,1,0,138
2022-12-14,Store_B,Snacks,14.96,0,0,90
2022-12-15,Store_B,Snacks,14.9,1,0,95
2022-12-16,Store_B,Snacks,13.79,0,0,67
2022-12-17,Store_B,Snacks,13.65,1,0,135
2022-12-18,Store_B,Snacks,13.64,0,0,111
2022-12-19,Store_B,Snacks,14.76,0,0,83
2022-12-20,Store_B,Snacks,12.91,0,1,136
2022-12-21,Store_B,Snacks,14.25,0,1,116
2022-12-22,Store_B,Snacks,13.81,0,1,117
2022-12-23,Store_B,Snacks,12.88,0,1,106
2022-12-24,Store_B,Snacks,12.63,0,1,142
2022-12-25,Store_B,Snacks,13.72,0,1,161
2022-12-26,Store_B,Snacks,14.75,0,1,144
2022-12-27,Store_B,Snacks,14.2,0,1,151
2022-12-28,Store_B,Snacks,14.76,0,1,125
2022-12-29,Store_B,Snacks,14.35,0,1,119
2022-12-30,Store_B,Snacks,14.93,1,1,126
2022-12-31,Store_B,Snacks,13.85,0,1,150
2023-01-01,Store_B,Snacks,14.23,0,0,132
2023-01-02,Store_B,Snacks,14.45,0,0,93
2023-01-03,Store_B,Snacks,13.36,0,0,113
2023-01-04,Store_B,Snacks,13.9,0,0,96
2023-01-05,Store_B,Snacks,14.3,0,0,72
2023-01-06,Store_B,Snacks,13.37,1,0,107
2023-01-07,Store_B,Snacks,14.19,0,0,115
2023-01-08,Store_B,Snacks,14.48,0,0,133
2023-01-09,Store_B,Snacks,13.85,0,0,115
2023-01-10,Store_B,Snacks,14.15,1,0,134
2023-01-11,Store_B,Snacks,14.38,1,0,111
2023-01-12,Store_B,Snacks,15.52,0,0,67
2023-01-13,Store_B,Snacks,15.02,0,0,85
2023-01-14,Store_B,Snacks,14.22,1,0,147
2023-01-15,Store_B,Snacks,14.03,1,0,139
2023-01-16,Store_B,Snacks,13.37,1,0,129
2023-01-17,Store_B,Snacks,14.62,0,0,90
2023-01-18,Store_B,Snacks,13.53,0,0,89
2023-01-19,Store_B,Snacks,13.5,0,0,59
2023-01-20,Store_B,Snacks,14.31,0,0,79
2023-01-21,Store_B,Snacks,13.75,1,0,144
2023-01-22,Store_B,Snacks,13.28,0,0,111
2023-01-23,Store_B,Snacks,13.77,0,0,121
2023-01-24,Store_B,Snacks,13.93,0,0,96
2023-01-25,Store_B,Snacks,14.34,0,0,87
2023-01-26,Store_B,Snacks,12.69,0,0,85
2023-01-27,Store_B,Snacks,13.53,0,0,92
2023-01-28,Store_B,Snacks,13.68,0,0,105
2023-01-29,Store_B,Snacks,13.15,0,0,125
2023-01-30,Store_B,Snacks,13.74,0,0,123
2023-01-31,Store_B,Snacks,14.26,0,0,107
2023-02-01,Store_B,Snacks,14.53,0,0,98
2023-02-02,Store_B,Snacks,13.49,0,0,92
2023-02-03,Store_B,Snacks,14.6,0,0,101
2023-02-04,Store_B,Snacks,14.52,0,0,126
2023-02-05,Store_B,Snacks,13.16,0,0,136
2023-02-06,Store_B,Snacks,13.89,0,0,109
2023-02-07,Store_B,Snacks,13.87,0,0,108
2023-02-08,Store_B,Snacks,14.42,0,0,72
2023-02-09,Store_B,Snacks,14.3,0,0,87
2023-02-10,Store_B,Snacks,13.79,0,0,82
2023-02-11,Store_B,Snacks,14.08,0,0,118
2023-02-12,Store_B,Snacks,14.31,0,0,133
2023-02-13,Store_B,Snacks,14.77,1,0,136
2023-02-14,Store_B,Snacks,12.84,0,0,114
2023-02-15,Store_B,Snacks,14.63,1,0,109
2023-02-16,Store_B,Snacks,14.63,0,0,63
2023-02-17,Store_B,Snacks,13.63,0,0,83
2023-02-18,Store_B,Snacks,12.38,0,0,110
2023-02-19,Store_B,Snacks,14.59,0,0,107
2023-02-20,Store_B,Snacks,14.09,1,0,121
2023-02-21,Store_B,Snacks,14.86,0,0,87
2023-02-22,Store_B,Snacks,14.95,0,0,91
2023-02-23,Store_B,Snacks,13.93,0,0,88
2023-02-24,Store_B,Snacks,13.97,0,0,82
2023-02-25,Store_B,Snacks,13.63,0,0,119
2023-02-26,Store_B,Snacks,13.77,1,0,141
2023-02-27,Store_B,Snacks,14.51,0,0,117
2023-02-28,Store_B,Snacks,14.8,0,0,119
2023-03-01,Store_B,Snacks,13.25,1,0,102
2023-03-02,Store_B,Snacks,13.99,0,0,104
2023-03-03,Store_B,Snacks,15.12,0,0,81
2023-03-04,Store_B,Snacks,13.34,0,0,138
2023-03-05,Store_B,Snacks,14.48,0,0,136
2023-03-06,Store_B,Snacks,12.46,1,0,159
2023-03-07,Store_B,Snacks,13.57,1,0,134
2023-03-08,Store_B,Snacks,13.9,0,0,99
2023-03-09,Store_B,Snacks,14.49,0,0,94
2023-03-10,Store_B,Snacks,14.12,0,0,84
2023-03-11,Store_B,Snacks,13.31,1,0,154
2023-03-12,Store_B,Snacks,13.76,0,0,131
2023-03-13,Store_B,Snacks,15.81,0,0,109
2023-03-14,Store_B,Snacks,14.5,0,0,109
2023-03-15,Store_B,Snacks,14.09,0,0,102
2023-03-16,Store_B,Snacks,13.98,1,0,105
2023-03-17,Store_B,Snacks,13.15,1,0,95
2023-03-18,Store_B,Snacks,13.83,0,0,110
2023-03-19,Store_B,Snacks,13.38,0,0,111
2023-03-20,Store_B,Snacks,13.73,0,0,99
2023-03-21,Store_B,Snacks,13.97,0,0,89
2023-03-22,Store_B,Snacks,13.0,0,0,78
2023-03-23,Store_B,Snacks,13.75,0,0,71
2023-03-24,Store_B,Snacks,13.56,0,0,91
2023-03-25,Store_B,Snacks,14.46,0,0,113
2023-03-26,Store_B,Snacks,14.27,0,0,122
2023-03-27,Store_B,Snacks,14.75,0,0,101
2023-03-28,Store_B,Snacks,14.05,0,0,112
2023-03-29,Store_B,Snacks,14.04,1,0,103
2023-03-30,Store_B,Snacks,14.1,1,0,113
2023-03-31,Store_B,Snacks,15.79,1,0,119
2023-04-01,Store_B,Snacks,14.56,0,0,118
2023-04-02,Store_B,Snacks,14.64,0,0,129
2023-04-03,Store_B,Snacks,14.43,0,0,121
2023-04-04,Store_B,Snacks,14.82,0,0,124
2023-04-05,Store_B,Snacks,13.61,0,0,96
2023-04-06,Store_B,Snacks,13.38,0,0,97
2023-04-07,Store_B,Snacks,14.78,0,0,98
2023-04-08,Store_B,Snacks,15.08,0,0,110
2023-04-09,Store_B,Snacks,13.37,0,0,133
2023-04-10,Store_B,Snacks,14.05,0,0,103
2023-04-11,Store_B,Snacks,15.14,1,0,110
2023-04-12,Store_B,Snacks,12.42,0,0,102
2023-04-13,Store_B,Snacks,13.83,1,0,107
2023-04-14,Store_B,Snacks,15.26,0,0,79
2023-04-15,Store_B,Snacks,14.08,0,0,108
2023-04-16,Store_B,Snacks,13.52,0,0,122
2023-04-17,Store_B,Snacks,13.52,0,0,105
2023-04-18,Store_B,Snacks,13.91,0,0,100
2023-04-19,Store_B,Snacks,13.71,0,0,90
2023-04-20,Store_B,Snacks,14.03,0,0,76
2023-04-21,Store_B,Snacks,13.5,1,0,108
2023-04-22,Store_B,Snacks,14.15,0,0,105
2023-04-23,Store_B,Snacks,13.88,0,0,106
2023-04-24,Store_B,Snacks,15.07,1,0,131
2023-04-25,Store_B,Snacks,14.52,0,0,100
2023-04-26,Store_B,Snacks,13.35,0,0,95
2023-04-27,Store_B,Snacks,15.01,1,0,103
2023-04-28,Store_B,Snacks,13.19,0,0,94
2023-04-29,Store_B,Snacks,13.0,0,0,126
2023-04-30,Store_B,Snacks,15.83,0,0,133
2023-05-01,Store_B,Snacks,13.57,0,0,108
2023-05-02,Store_B,Snacks,14.84,0,0,118
2023-05-03,Store_B,Snacks,14.35,0,0,111
2023-05-04,Store_B,Snacks,13.94,0,0,91
2023-05-05,Store_B,Snacks,14.02,0,0,100
2023-05-06,Store_B,Snacks,14.54,0,0,132
2023-05-07,Store_B,Snacks,13.94,1,0,156
2023-05-08,Store_B,Snacks,14.56,1,0,140
2023-05-09,Store_B,Snacks,14.9,0,0,110
2023-05-10,Store_B,Snacks,13.99,0,0,95
2023-05-11,Store_B,Snacks,13.31,0,0,99
2023-05-12,Store_B,Snacks,14.23,0,0,79
2023-05-13,Store_B,Snacks,14.9,0,0,129
2023-05-14,Store_B,Snacks,14.59,1,0,139
2023-05-15,Store_B,Snacks,14.84,0,0,121
2023-05-16,Store_B,Snacks,14.8,0,0,104
2023-05-17,Store_B,Snacks,14.25,0,0,84
2023-05-18,Store_B,Snacks,13.11,0,0,87
2023-05-19,Store_B,Snacks,14.25,0,0,94
2023-05-20,Store_B,Snacks,13.65,0,0,105
2023-05-21,Store_B,Snacks,14.42,0,0,125
2023-05-22,Store_B,Snacks,13.71,0,0,114
2023-05-23,Store_B,Snacks,13.49,0,0,100
2023-05-24,Store_B,Snacks,14.65,1,0,125
2023-05-25,Store_B,Snacks,14.73,0,0,81
2023-05-26,Store_B,Snacks,12.77,0,0,94
2023-05-27,Store_B,Snacks,13.7,0,0,118
2023-05-28,Store_B,Snacks,14.01,1,0,155
2023-05-29,Store_B,Snacks,14.2,0,0,118
2023-05-30,Store_B,Snacks,12.86,1,0,143
2023-05-31,Store_B,Snacks,13.27,0,0,114
2023-06-01,Store_B,Snacks,13.53,0,0,102
2023-06-02,Store_B,Snacks,14.83,0,0,82
2023-06-03,Store_B,Snacks,13.86,1,0,157
2023-06-04,Store_B,Snacks,14.27,0,0,139
2023-06-05,Store_B,Snacks,12.25,0,0,134
2023-06-06,Store_B,Snacks,13.56,0,0,120
2023-06-07,Store_B,Snacks,14.37,0,0,98
2023-06-08,Store_B,Snacks,14.4,0,0,92
2023-06-09,Store_B,Snacks,14.01,0,0,95
2023-06-10,Store_B,Snacks,13.77,0,0,122
2023-06-11,Store_B,Snacks,14.08,0,0,137
2023-06-12,Store_B,Snacks,13.89,0,0,112
2023-06-13,Store_B,Snacks,14.17,1,0,126
2023-06-14,Store_B,Snacks,14.75,0,0,96
2023-06-15,Store_B,Snacks,13.63,1,0,103
2023-06-16,Store_B,Snacks,14.63,0,0,77
2023-06-17,Store_B,Snacks,13.18,0,0,113
2023-06-18,Store_B,Snacks,13.39,0,0,122
2023-06-19,Store_B,Snacks,13.06,0,0,110
2023-06-20,Store_B,Snacks,14.69,0,0,99
2023-06-21,Store_B,Snacks,12.39,0,0,101
2023-06-22,Store_B,Snacks,12.52,0,0,80
2023-06-23,Store_B,Snacks,13.06,0,0,91
2023-06-24,Store_B,Snacks,13.94,0,0,131
2023-06-25,Store_B,Snacks,13.47,1,0,146
2023-06-26,Store_B,Snacks,15.05,0,0,104
2023-06-27,Store_B,Snacks,14.51,0,0,118
2023-06-28,Store_B,Snacks,14.51,0,0,110
2023-06-29,Store_B,Snacks,14.54,0,0,91
2023-06-30,Store_B,Snacks,14.81,0,0,84
2023-07-01,Store_B,Snacks,13.94,0,0,129
2023-07-02,Store_B,Snacks,15.07,1,0,152
2023-07-03,Store_B,Snacks,13.18,0,0,132
2023-07-04,Store_B,Snacks,14.23,1,0,131
2023-07-05,Store_B,Snacks,15.57,1,0,116
2023-07-06,Store_B,Snacks,14.39,0,0,88
2023-07-07,Store_B,Snacks,14.19,0,0,95
2023-07-08,Store_B,Snacks,14.53,0,0,134
2023-07-09,Store_B,Snacks,14.81,0,0,125
2023-07-10,Store_B,Snacks,14.27,0,0,111
2023-07-11,Store_B,Snacks,14.4,0,0,96
2023-07-12,Store_B,Snacks,14.68,0,0,81
2023-07-13,Store_B,Snacks,13.44,0,0,77
2023-07-14,Store_B,Snacks,14.86,0,0,77
2023-07-15,Store_B,Snacks,14.06,0,0,103
2023-07-16,Store_B,Snacks,13.95,0,0,114
2023-07-17,Store_B,Snacks,14.35,0,0,111
2023-07-18,Store_B,Snacks,15.21,0,0,97
2023-07-19,Store_B,Snacks,15.56,1,0,100
2023-07-20,Store_B,Snacks,15.15,0,0,62
2023-07-21,Store_B,Snacks,13.19,0,0,87
2023-07-22,Store_B,Snacks,14.1,0,0,118
2023-07-23,Store_B,Snacks,14.55,1,0,132
2023-07-24,Store_B,Snacks,14.54,1,0,136
2023-07-25,Store_B,Snacks,14.42,0,0,113
2023-07-26,Store_B,Snacks,14.64,0,0,98
2023-07-27,Store_B,Snacks,14.63,0,0,104
2023-07-28,Store_B,Snacks,14.03,0,0,86
2023-07-29,Store_B,Snacks,13.96,0,0,133
2023-07-30,Store_B,Snacks,15.08,0,0,126
2023-07-31,Store_B,Snacks,13.59,1,0,155
2023-08-01,Store_B,Snacks,13.61,0,0,130
2023-08-02,Store_B,Snacks,13.53,0,0,120
2023-08-03,Store_B,Snacks,13.91,0,0,95
2023-08-04,Store_B,Snacks,14.35,0,0,77
2023-08-05,Store_B,Snacks,13.97,0,0,123
2023-08-06,Store_B,Snacks,13.0,1,0,173
2023-08-07,Store_B,Snacks,13.71,0,0,142
2023-08-08,Store_B,Snacks,13.81,0,0,99
2023-08-09,Store_B,Snacks,13.48,1,0,115
2023-08-10,Store_B,Snacks,13.8,0,0,82
2023-08-11,Store_B,Snacks,13.76,0,0,84
2023-08-12,Store_B,Snacks,14.27,0,0,110
2023-08-13,Store_B,Snacks,15.19,1,0,151
2023-08-14,Store_B,Snacks,13.71,0,0,132
2023-08-15,Store_B,Snacks,14.02,0,0,97
2023-08-16,Store_B,Snacks,12.52,0,0,96
2023-08-17,Store_B,Snacks,12.75,0,0,94
2023-08-18,Store_B,Snacks,13.12,0,0,75
2023-08-19,Store_B,Snacks,13.9,0,0,128
2023-08-20,Store_B,Snacks,14.25,0,0,110
2023-08-21,Store_B,Snacks,13.78,0,0,106
2023-08-22,Store_B,Snacks,13.82,0,0,120
2023-08-23,Store_B,Snacks,12.23,0,0,100
2023-08-24,Store_B,Snacks,14.67,0,0,74
2023-08-25,Store_B,Snacks,13.09,0,0,105
2023-08-26,Store_B,Snacks,13.82,0,0,123
2023-08-27,Store_B,Snacks,13.81,0,0,142
2023-08-28,Store_B,Snacks,13.72,0,0,117
2023-08-29,Store_B,Snacks,13.85,0,0,121
2023-08-30,Store_B,Snacks,15.42,0,0,106
2023-08-31,Store_B,Snacks,13.52,0,0,115
2023-09-01,Store_B,Snacks,13.24,1,0,128
2023-09-02,Store_B,Snacks,14.27,0,0,136
2023-09-03,Store_B,Snacks,13.56,1,0,158
2023-09-04,Store_B,Snacks,14.38,1,0,135
2023-09-05,Store_B,Snacks,13.62,0,0,117
2023-09-06,Store_B,Snacks,13.7,0,0,89
2023-09-07,Store_B,Snacks,14.15,0,0,97
2023-09-08,Store_B,Snacks,13.79,0,0,107
2023-09-09,Store_B,Snacks,14.87,1,0,145
2023-09-10,Store_B,Snacks,13.92,1,0,140
2023-09-11,Store_B,Snacks,13.88,0,0,107
2023-09-12,Store_B,Snacks,14.42,0,0,98
2023-09-13,Store_B,Snacks,13.44,0,0,97
2023-09-14,Store_B,Snacks,13.07,1,0,112
2023-09-15,Store_B,Snacks,14.74,0,0,85
2023-09-16,Store_B,Snacks,15.34,0,0,109
2023-09-17,Store_B,Snacks,14.39,0,0,132
2023-09-18,Store_B,Snacks,14.94,0,0,105
2023-09-19,Store_B,Snacks,14.24,0,0,95
2023-09-20,Store_B,Snacks,14.15,0,0,97
2023-09-21,Store_B,Snacks,13.88,0,0,104
2023-09-22,Store_B,Snacks,13.05,0,0,73
2023-09-23,Store_B,Snacks,12.67,0,0,123
2023-09-24,Store_B,Snacks,14.81,1,0,153
2023-09-25,Store_B,Snacks,14.1,0,0,117
2023-09-26,Store_B,Snacks,14.31,1,0,139
2023-09-27,Store_B,Snacks,13.38,0,0,118
2023-09-28,Store_B,Snacks,13.62,0,0,94
2023-09-29,Store_B,Snacks,13.28,1,0,148
2023-09-30,Store_B,Snacks,13.04,0,0,131
2023-10-01,Store_B,Snacks,14.05,0,0,153
2023-10-02,Store_B,Snacks,14.29,1,0,140
2023-10-03,Store_B,Snacks,13.87,0,0,125
2023-10-04,Store_B,Snacks,12.63,0,0,106
2023-10-05,Store_B,Snacks,13.78,0,0,92
2023-10-06,Store_B,Snacks,13.98,0,0,101
2023-10-07,Store_B,Snacks,13.9,0,0,124
2023-10-08,Store_B,Snacks,13.88,0,0,151
2023-10-09,Store_B,Snacks,13.74,0,0,118
2023-10-10,Store_B,Snacks,13.77,0,0,88
2023-10-11,Store_B,Snacks,14.67,0,0,103
2023-10-12,Store_B,Snacks,14.97,0,0,77
2023-10-13,Store_B,Snacks,14.0,0,0,85
2023-10-14,Store_B,Snacks,13.58,0,0,103
2023-10-15,Store_B,Snacks,14.02,1,0,158
2023-10-16,Store_B,Snacks,13.56,0,0,112
2023-10-17,Store_B,Snacks,14.93,1,0,131
2023-10-18,Store_B,Snacks,15.0,0,0,93
2023-10-19,Store_B,Snacks,14.63,0,0,91
2023-10-20,Store_B,Snacks,13.71,0,0,81
2023-10-21,Store_B,Snacks,14.8,0,0,117
2023-10-22,Store_B,Snacks,13.89,0,0,137
2023-10-23,Store_B,Snacks,15.42,0,0,119
2023-10-24,Store_B,Snacks,13.61,0,0,130
2023-10-25,Store_B,Snacks,15.46,0,0,100
2023-10-26,Store_B,Snacks,14.03,0,0,102
2023-10-27,Store_B,Snacks,14.49,1,0,122
2023-10-28,Store_B,Snacks,14.38,0,0,138
2023-10-29,Store_B,Snacks,14.36,0,0,134
2023-10-30,Store_B,Snacks,14.12,0,0,127
2023-10-31,Store_B,Snacks,13.98,1,0,146
2023-11-01,Store_B,Snacks,13.98,0,0,97
2023-11-02,Store_B,Snacks,13.49,0,0,97
2023-11-03,Store_B,Snacks,13.26,0,0,107
2023-11-04,Store_B,Snacks,13.89,0,0,134
2023-11-05,Store_B,Snacks,12.87,0,0,143
2023-11-06,Store_B,Snacks,13.44,0,0,122
2023-11-07,Store_B,Snacks,14.69,0,0,130
2023-11-08,Store_B,Snacks,13.32,0,0,99
2023-11-09,Store_B,Snacks,13.58,0,0,84
2023-11-10,Store_B,Snacks,14.01,0,0,92
2023-11-11,Store_B,Snacks,13.96,0,0,117
2023-11-12,Store_B,Snacks,13.05,0,0,138
2023-11-13,Store_B,Snacks,15.97,0,0,109
2023-11-14,Store_B,Snacks,14.1,0,0,103
2023-11-15,Store_B,Snacks,13.6,0,0,104
2023-11-16,Store_B,Snacks,14.5,0,0,101
2023-11-17,Store_B,Snacks,13.94,0,0,89
2023-11-18,Store_B,Snacks,13.42,0,0,128
2023-11-19,Store_B,Snacks,14.18,0,0,130
2023-11-20,Store_B,Snacks,13.75,0,1,142
2023-11-21,Store_B,Snacks,14.44,0,1,149
2023-11-22,Store_B,Snacks,13.16,0,1,146
2023-11-23,Store_B,Snacks,14.56,0,1,129
2023-11-24,Store_B,Snacks,12.88,0,1,138
2023-11-25,Store_B,Snacks,14.15,0,1,174
2023-11-26,Store_B,Snacks,14.14,0,1,172
2023-11-27,Store_B,Snacks,14.15,0,1,180
2023-11-28,Store_B,Snacks,14.4,0,1,145
2023-11-29,Store_B,Snacks,14.02,0,1,135
2023-11-30,Store_B,Snacks,13.14,0,1,133
2023-12-01,Store_B,Snacks,12.47,0,0,108
2023-12-02,Store_B,Snacks,14.28,0,0,148
2023-12-03,Store_B,Snacks,13.14,1,0,173
2023-12-04,Store_B,Snacks,14.79,0,0,128
2023-12-05,Store_B,Snacks,13.8,1,0,137
2023-12-06,Store_B,Snacks,14.78,1,0,131
2023-12-07,Store_B,Snacks,13.41,0,0,96
2023-12-08,Store_B,Snacks,15.0,0,0,100
2023-12-09,Store_B,Snacks,15.1,0,0,128
2023-12-10,Store_B,Snacks,14.04,0,0,140
2023-12-11,Store_B,Snacks,14.45,1,0,151
2023-12-12,Store_B,Snacks,15.11,0,0,98
2023-12-13,Store_B,Snacks,14.23,0,0,97
2023-12-14,Store_B,Snacks,12.8,0,0,83
2023-12-15,Store_B,Snacks,13.8,0,0,99
2023-12-16,Store_B,Snacks,15.34,0,0,129
2023-12-17,Store_B,Snacks,13.99,0,0,141
2023-12-18,Store_B,Snacks,14.46,0,0,107
2023-12-19,Store_B,Snacks,14.05,0,0,102
2023-12-20,Store_B,Snacks,14.67,0,1,124
2023-12-21,Store_B,Snacks,14.09,0,1,120
2023-12-22,Store_B,Snacks,13.46,1,1,160
2023-12-23,Store_B,Snacks,14.42,0,1,168
2023-12-24,Store_B,Snacks,12.77,0,1,185
2023-12-25,Store_B,Snacks,13.98,0,1,159
2023-12-26,Store_B,Snacks,14.33,1,1,189
2023-12-27,Store_B,Snacks,14.34,1,1,161
2023-12-28,Store_B,Snacks,13.93,0,1,147
2023-12-29,Store_B,Snacks,13.64,0,1,144
2023-12-30,Store_B,Snacks,14.51,0,1,169
2023-12-31,Store_B,Snacks,15.12,0,1,185
2022-01-01,Store_B,Household,15.83,0,0,106
2022-01-02,Store_B,Household,15.49,0,0,101
2022-01-03,Store_B,Household,15.68,0,0,101
2022-01-04,Store_B,Household,16.62,0,0,95
2022-01-05,Store_B,Household,15.89,0,0,86
2022-01-06,Store_B,Household,15.61,0,0,76
2022-01-07,Store_B,Household,16.59,0,0,75
2022-01-08,Store_B,Household,15.74,0,0,112
2022-01-09,Store_B,Household,16.59,1,0,142
2022-01-10,Store_B,Household,15.16,0,0,102
2022-01-11,Store_B,Household,16.99,0,0,96
2022-01-12,Store_B,Household,14.94,1,0,110
2022-01-13,Store_B,Household,15.53,0,0,73
2022-01-14,Store_B,Household,16.21,1,0,104
2022-01-15,Store_B,Household,15.24,0,0,93
2022-01-16,Store_B,Household,16.05,0,0,111
2022-01-17,Store_B,Household,16.27,0,0,93
2022-01-18,Store_B,Household,15.99,0,0,89
2022-01-19,Store_B,Household,16.19,1,0,90
2022-01-20,Store_B,Household,14.78,0,0,57
2022-01-21,Store_B,Household,17.07,1,0,71
2022-01-22,Store_B,Household,16.85,0,0,91
2022-01-23,Store_B,Household,15.93,0,0,102
2022-01-24,Store_B,Household,16.23,0,0,99
2022-01-25,Store_B,Household,15.3,0,0,93
2022-01-26,Store_B,Household,16.33,0,0,64
2022-01-27,Store_B,Household,16.41,0,0,65
2022-01-28,Store_B,Household,16.59,0,0,70
2022-01-29,Store_B,Household,17.07,1,0,107
2022-01-30,Store_B,Household,15.68,0,0,109
2022-01-31,Store_B,Household,15.45,0,0,110
2022-02-01,Store_B,Household,16.93,0,0,92
2022-02-02,Store_B,Household,16.19,0,0,73
2022-02-03,Store_B,Household,15.55,0,0,80
2022-02-04,Store_B,Household,16.9,0,0,90
2022-02-05,Store_B,Household,16.46,1,0,127
2022-02-06,Store_B,Household,15.26,0,0,127
2022-02-07,Store_B,Household,15.59,0,0,118
2022-02-08,Store_B,Household,15.51,0,0,92
2022-02-09,Store_B,Household,16.06,1,0,109
2022-02-10,Store_B,Household,15.64,0,0,83
2022-02-11,Store_B,Household,14.8,0,0,88
2022-02-12,Store_B,Household,16.16,0,0,96
2022-02-13,Store_B,Household,16.76,0,0,109
2022-02-14,Store_B,Household,16.51,0,0,103
2022-02-15,Store_B,Household,17.27,0,0,87
2022-02-16,Store_B,Household,15.35,1,0,97
2022-02-17,Store_B,Household,14.08,0,0,80
2022-02-18,Store_B,Household,16.99,0,0,71
2022-02-19,Store_B,Household,15.69,0,0,101
2022-02-20,Store_B,Household,14.84,0,0,109
2022-02-21,Store_B,Household,16.3,1,0,122
2022-02-22,Store_B,Household,15.74,0,0,94
2022-02-23,Store_B,Household,15.8,0,0,75
2022-02-24,Store_B,Household,15.52,0,0,57
2022-02-25,Store_B,Household,16.19,0,0,78
2022-02-26,Store_B,Household,15.07,0,0,99
2022-02-27,Store_B,Household,15.85,0,0,114
2022-02-28,Store_B,Household,15.43,1,0,129
2022-03-01,Store_B,Household,15.34,0,0,110
2022-03-02,Store_B,Household,15.69,0,0,73
2022-03-03,Store_B,Household,15.45,0,0,90
2022-03-04,Store_B,Household,16.59,1,0,96
2022-03-05,Store_B,Household,14.99,0,0,109
2022-03-06,Store_B,Household,17.21,0,0,129
2022-03-07,Store_B,Household,16.29,1,0,132
2022-03-08,Store_B,Household,14.83,0,0,105
2022-03-09,Store_B,Household,16.53,0,0,88
2022-03-10,Store_B,Household,16.07,0,0,89
2022-03-11,Store_B,Household,16.74,0,0,68
2022-03-12,Store_B,Household,15.21,0,0,119
2022-03-13,Store_B,Household,14.78,0,0,126
2022-03-14,Store_B,Household,16.03,0,0,108
2022-03-15,Store_B,Household,17.0,0,0,99
2022-03-16,Store_B,Household,16.64,0,0,89
2022-03-17,Store_B,Household,17.14,0,0,83
2022-03-18,Store_B,Household,16.62,0,0,76
2022-03-19,Store_B,Household,15.94,0,0,107
2022-03-20,Store_B,Household,14.68,1,0,156
2022-03-21,Store_B,Household,15.95,0,0,79
2022-03-22,Store_B,Household,16.55,0,0,92
2022-03-23,Store_B,Household,15.94,0,0,90
2022-03-24,Store_B,Household,15.44,0,0,60
2022-03-25,Store_B,Household,15.85,0,0,71
2022-03-26,Store_B,Household,15.52,1,0,124
2022-03-27,Store_B,Household,16.54,1,0,140
2022-03-28,Store_B,Household,15.43,0,0,89
2022-03-29,Store_B,Household,15.91,1,0,99
2022-03-30,Store_B,Household,16.34,0,0,74
2022-03-31,Store_B,Household,17.25,0,0,61
2022-04-01,Store_B,Household,17.17,0,0,70
2022-04-02,Store_B,Household,16.99,0,0,106
2022-04-03,Store_B,Household,15.57,0,0,115
2022-04-04,Store_B,Household,15.51,0,0,118
2022-04-05,Store_B,Household,16.58,0,0,99
2022-04-06,Store_B,Household,16.52,0,0,98
2022-04-07,Store_B,Household,15.87,0,0,91
2022-04-08,Store_B,Household,15.86,1,0,119
2022-04-09,Store_B,Household,16.05,0,0,116
2022-04-10,Store_B,Household,16.49,0,0,113
2022-04-11,Store_B,Household,15.0,0,0,126
2022-04-12,Store_B,Household,15.56,0,0,116
2022-04-13,Store_B,Household,16.22,0,0,88
2022-04-14,Store_B,Household,16.19,1,0,93
2022-04-15,Store_B,Household,15.49,0,0,88
2022-04-16,Store_B,Household,16.36,0,0,109
2022-04-17,Store_B,Household,15.27,0,0,124
2022-04-18,Store_B,Household,16.6,0,0,96
2022-04-19,Store_B,Household,15.57,0,0,86
2022-04-20,Store_B,Household,15.14,0,0,72
2022-04-21,Store_B,Household,15.69,0,0,55
2022-04-22,Store_B,Household,16.57,0,0,66
2022-04-23,Store_B,Household,15.88,0,0,100
2022-04-24,Store_B,Household,16.16,1,0,142
2022-04-25,Store_B,Household,16.81,0,0,81
2022-04-26,Store_B,Household,16.42,0,0,82
2022-04-27,Store_B,Household,16.51,1,0,101
2022-04-28,Store_B,Household,16.44,1,0,88
2022-04-29,Store_B,Household,15.47,0,0,66
2022-04-30,Store_B,Household,16.84,0,0,102
2022-05-01,Store_B,Household,15.7,1,0,152
2022-05-02,Store_B,Household,17.63,1,0,116
2022-05-03,Store_B,Household,16.36,0,0,103
2022-05-04,Store_B,Household,15.33,0,0,95
2022-05-05,Store_B,Household,15.94,0,0,84
2022-05-06,Store_B,Household,16.51,1,0,99
2022-05-07,Store_B,Household,16.97,0,0,104
2022-05-08,Store_B,Household,16.19,0,0,121
2022-05-09,Store_B,Household,16.55,0,0,115
2022-05-10,Store_B,Household,16.14,1,0,143
2022-05-11,Store_B,Household,16.58,0,0,77
2022-05-12,Store_B,Household,15.2,0,0,92
2022-05-13,Store_B,Household,16.27,0,0,89
2022-05-14,Store_B,Household,15.09,0,0,116
2022-05-15,Store_B,Household,15.33,0,0,128
2022-05-16,Store_B,Household,15.93,0,0,89
2022-05-17,Store_B,Household,15.81,0,0,84
2022-05-18,Store_B,Household,15.85,0,0,88
2022-05-19,Store_B,Household,17.37,0,0,74
2022-05-20,Store_B,Household,16.03,0,0,73
2022-05-21,Store_B,Household,16.66,0,0,97
2022-05-22,Store_B,Household,15.07,0,0,114
2022-05-23,Store_B,Household,15.35,0,0,91
2022-05-24,Store_B,Household,16.83,0,0,75
2022-05-25,Store_B,Household,15.1,0,0,84
2022-05-26,Store_B,Household,15.01,0,0,71
2022-05-27,Store_B,Household,16.7,0,0,68
2022-05-28,Store_B,Household,16.69,0,0,107
2022-05-29,Store_B,Household,15.83,0,0,116
2022-05-30,Store_B,Household,16.45,1,0,130
2022-05-31,Store_B,Household,17.91,0,0,85
2022-06-01,Store_B,Household,15.49,1,0,117
2022-06-02,Store_B,Household,15.62,0,0,86
2022-06-03,Store_B,Household,16.54,0,0,83
2022-06-04,Store_B,Household,15.74,1,0,137
2022-06-05,Store_B,Household,15.64,0,0,141
2022-06-06,Store_B,Household,15.15,0,0,120
2022-06-07,Store_B,Household,16.26,0,0,100
2022-06-08,Store_B,Household,15.41,0,0,94
2022-06-09,Store_B,Household,15.37,1,0,107
2022-06-10,Store_B,Household,14.92,0,0,103
2022-06-11,Store_B,Household,15.29,0,0,108
2022-06-12,Store_B,Household,15.89,0,0,127
2022-06-13,Store_B,Household,16.5,1,0,119
2022-06-14,Store_B,Household,17.27,1,0,114
2022-06-15,Store_B,Household,15.35,0,0,76
2022-06-16,Store_B,Household,15.68,0,0,79
2022-06-17,Store_B,Household,14.85,0,0,74
2022-06-18,Store_B,Household,15.67,0,0,88
2022-06-19,Store_B,Household,15.89,0,0,124
2022-06-20,Store_B,Household,14.71,0,0,98
2022-06-21,Store_B,Household,16.81,0,0,91
2022-06-22,Store_B,Household,16.4,0,0,77
2022-06-23,Store_B,Household,15.78,1,0,83
2022-06-24,Store_B,Household,15.28,1,0,101
2022-06-25,Store_B,Household,17.15,0,0,104
2022-06-26,Store_B,Household,15.76,0,0,123
2022-06-27,Store_B,Household,17.09,0,0,95
2022-06-28,Store_B,Household,15.61,0,0,100
2022-06-29,Store_B,Household,16.58,1,0,101
2022-06-30,Store_B,Household,16.38,1,0,97
2022-07-01,Store_B,Household,15.66,0,0,82
2022-07-02,Store_B,Household,15.72,0,0,105
2022-07-03,Store_B,Household,15.52,1,0,149
2022-07-04,Store_B,Household,16.32,1,0,134
2022-07-05,Store_B,Household,15.25,0,0,121
2022-07-06,Store_B,Household,16.21,0,0,97
2022-07-07,Store_B,Household,15.6,0,0,76
2022-07-08,Store_B,Household,16.85,0,0,84
2022-07-09,Store_B,Household,15.53,0,0,104
2022-07-10,Store_B,Household,17.64,0,0,132
2022-07-11,Store_B,Household,16.54,1,0,140
2022-07-12,Store_B,Household,17.42,0,0,99
2022-07-13,Store_B,Household,16.07,0,0,94
2022-07-14,Store_B,Household,16.13,0,0,81
2022-07-15,Store_B,Household,15.89,0,0,78
2022-07-16,Store_B,Household,16.67,0,0,88
2022-07-17,Store_B,Household,15.78,0,0,140
2022-07-18,Store_B,Household,16.88,0,0,94
2022-07-19,Store_B,Household,16.13,0,0,100
2022-07-20,Store_B,Household,17.15,0,0,74
2022-07-21,Store_B,Household,16.42,0,0,69
2022-07-22,Store_B,Household,16.2,0,0,73
2022-07-23,Store_B,Household,14.91,0,0,90
2022-07-24,Store_B,Household,16.46,0,0,114
2022-07-25,Store_B,Household,16.55,0,0,95
2022-07-26,Store_B,Household,15.62,0,0,94
2022-07-27,Store_B,Household,16.43,0,0,77
2022-07-28,Store_B,Household,15.64,0,0,59
2022-07-29,Store_B,Household,16.62,1,0,97
2022-07-30,Store_B,Household,16.7,0,0,107
2022-07-31,Store_B,Household,17.09,1,0,150
2022-08-01,Store_B,Household,15.64,0,0,97
2022-08-02,Store_B,Household,17.01,0,0,109
2022-08-03,Store_B,Household,15.74,0,0,97
2022-08-04,Store_B,Household,15.66,0,0,92
2022-08-05,Store_B,Household,15.03,0,0,84
2022-08-06,Store_B,Household,16.8,0,0,100
2022-08-07,Store_B,Household,17.08,0,0,133
2022-08-08,Store_B,Household,15.1,0,0,115
2022-08-09,Store_B,Household,16.47,0,0,102
2022-08-10,Store_B,Household,15.85,0,0,103
2022-08-11,Store_B,Household,16.24,0,0,90
2022-08-12,Store_B,Household,14.63,0,0,113
2022-08-13,Store_B,Household,16.62,0,0,111
2022-08-14,Store_B,Household,15.42,1,0,160
2022-08-15,Store_B,Household,15.45,0,0,109
2022-08-16,Store_B,Household,17.02,0,0,105
2022-08-17,Store_B,Household,15.21,0,0,86
2022-08-18,Store_B,Household,16.22,1,0,102
2022-08-19,Store_B,Household,15.41,0,0,83
2022-08-20,Store_B,Household,15.72,1,0,126
2022-08-21,Store_B,Household,15.78,0,0,101
2022-08-22,Store_B,Household,16.17,0,0,103
2022-08-23,Store_B,Household,14.95,0,0,94
2022-08-24,Store_B,Household,16.59,0,0,85
2022-08-25,Store_B,Household,16.17,0,0,74
2022-08-26,Store_B,Household,15.98,0,0,61
2022-08-27,Store_B,Household,15.85,0,0,114
2022-08-28,Store_B,Household,15.05,0,0,107
2022-08-29,Store_B,Household,14.99,0,0,107
2022-08-30,Store_B,Household,14.78,0,0,101
2022-08-31,Store_B,Household,17.19,1,0,112
2022-09-01,Store_B,Household,15.44,0,0,81
2022-09-02,Store_B,Household,16.23,0,0,88
2022-09-03,Store_B,Household,15.62,0,0,123
2022-09-04,Store_B,Household,15.46,0,0,114
2022-09-05,Store_B,Household,18.03,1,0,135
2022-09-06,Store_B,Household,17.0,0,0,109
2022-09-07,Store_B,Household,16.08,0,0,102
2022-09-08,Store_B,Household,17.34,0,0,85
2022-09-09,Store_B,Household,15.38,0,0,92
2022-09-10,Store_B,Household,17.42,1,0,127
2022-09-11,Store_B,Household,17.1,0,0,131
2022-09-12,Store_B,Household,15.63,0,0,114
2022-09-13,Store_B,Household,16.82,1,0,110
2022-09-14,Store_B,Household,16.11,0,0,92
2022-09-15,Store_B,Household,16.05,0,0,81
2022-09-16,Store_B,Household,15.07,0,0,72
2022-09-17,Store_B,Household,14.98,0,0,123
2022-09-18,Store_B,Household,16.02,0,0,129
2022-09-19,Store_B,Household,16.36,0,0,109
2022-09-20,Store_B,Household,16.36,0,0,91
2022-09-21,Store_B,Household,15.1,0,0,91
2022-09-22,Store_B,Household,15.46,0,0,90
2022-09-23,Store_B,Household,17.08,1,0,85
2022-09-24,Store_B,Household,15.94,0,0,117
2022-09-25,Store_B,Household,14.99,0,0,127
2022-09-26,Store_B,Household,15.99,0,0,107
2022-09-27,Store_B,Household,15.88,1,0,130
2022-09-28,Store_B,Household,15.31,1,0,118
2022-09-29,Store_B,Household,17.44,0,0,67
2022-09-30,Store_B,Household,17.57,1,0,97
2022-10-01,Store_B,Household,16.05,1,0,134
2022-10-02,Store_B,Household,15.08,1,0,156
2022-10-03,Store_B,Household,16.85,0,0,108
2022-10-04,Store_B,Household,16.6,0,0,111
2022-10-05,Store_B,Household,15.28,0,0,99
2022-10-06,Store_B,Household,14.8,1,0,114
2022-10-07,Store_B,Household,14.96,0,0,101
2022-10-08,Store_B,Household,15.7,0,0,121
2022-10-09,Store_B,Household,15.94,0,0,137
2022-10-10,Store_B,Household,16.48,0,0,94
2022-10-11,Store_B,Household,15.46,0,0,113
2022-10-12,Store_B,Household,16.47,0,0,92
2022-10-13,Store_B,Household,17.04,0,0,80
2022-10-14,Store_B,Household,15.39,0,0,85
2022-10-15,Store_B,Household,17.26,0,0,102
2022-10-16,Store_B,Household,16.61,0,0,108
2022-10-17,Store_B,Household,17.1,1,0,127
2022-10-18,Store_B,Household,16.04,0,0,89
2022-10-19,Store_B,Household,15.98,0,0,77
2022-10-20,Store_B,Household,15.67,0,0,61
2022-10-21,Store_B,Household,15.26,0,0,88
2022-10-22,Store_B,Household,15.83,0,0,115
2022-10-23,Store_B,Household,15.65,0,0,121
2022-10-24,Store_B,Household,16.4,0,0,108
2022-10-25,Store_B,Household,16.14,0,0,85
2022-10-26,Store_B,Household,15.69,0,0,91
2022-10-27,Store_B,Household,15.7,0,0,85
2022-10-28,Store_B,Household,16.13,0,0,79
2022-10-29,Store_B,Household,16.97,0,0,110
2022-10-30,Store_B,Household,14.87,1,0,158
2022-10-31,Store_B,Household,14.9,0,0,111
2022-11-01,Store_B,Household,16.13,0,0,119
2022-11-02,Store_B,Household,17.52,0,0,100
2022-11-03,Store_B,Household,16.8,0,0,76
2022-11-04,Store_B,Household,15.22,0,0,88
2022-11-05,Store_B,Household,15.04,0,0,131
2022-11-06,Store_B,Household,15.22,0,0,158
2022-11-07,Store_B,Household,15.74,0,0,111
2022-11-08,Store_B,Household,16.3,0,0,123
2022-11-09,Store_B,Household,16.79,0,0,86
2022-11-10,Store_B,Household,17.01,0,0,96
2022-11-11,Store_B,Household,15.47,0,0,80
2022-11-12,Store_B,Household,16.54,0,0,106
2022-11-13,Store_B,Household,15.87,0,0,114
2022-11-14,Store_B,Household,15.99,0,0,111
2022-11-15,Store_B,Household,16.06,0,0,85
2022-11-16,Store_B,Household,16.29,0,0,84
2022-11-17,Store_B,Household,15.95,0,0,88
2022-11-18,Store_B,Household,15.75,1,0,96
2022-11-19,Store_B,Household,16.63,0,0,114
2022-11-20,Store_B,Household,16.35,1,1,181
2022-11-21,Store_B,Household,16.61,0,1,137
2022-11-22,Store_B,Household,16.53,0,1,130
2022-11-23,Store_B,Household,16.91,0,1,130
2022-11-24,Store_B,Household,14.74,0,1,116
2022-11-25,Store_B,Household,15.95,0,1,110
2022-11-26,Store_B,Household,15.35,0,1,151
2022-11-27,Store_B,Household,14.66,0,1,162
2022-11-28,Store_B,Household,16.04,0,1,149
2022-11-29,Store_B,Household,15.9,1,1,168
2022-11-30,Store_B,Household,14.91,0,1,143
2022-12-01,Store_B,Household,14.98,1,0,114
2022-12-02,Store_B,Household,15.94,0,0,97
2022-12-03,Store_B,Household,15.59,0,0,111
2022-12-04,Store_B,Household,16.99,0,0,130
2022-12-05,Store_B,Household,16.88,0,0,126
2022-12-06,Store_B,Household,15.96,0,0,122
2022-12-07,Store_B,Household,15.62,0,0,122
2022-12-08,Store_B,Household,15.25,0,0,100
2022-12-09,Store_B,Household,14.58,1,0,116
2022-12-10,Store_B,Household,15.71,0,0,119
2022-12-11,Store_B,Household,15.66,0,0,132
2022-12-12,Store_B,Household,16.4,1,0,137
2022-12-13,Store_B,Household,15.77,1,0,136
2022-12-14,Store_B,Household,15.63,0,0,101
2022-12-15,Store_B,Household,16.27,0,0,72
2022-12-16,Store_B,Household,15.41,1,0,98
2022-12-17,Store_B,Household,16.06,0,0,123
2022-12-18,Store_B,Household,15.44,0,0,117
2022-12-19,Store_B,Household,15.08,0,0,116
2022-12-20,Store_B,Household,16.4,0,1,128
2022-12-21,Store_B,Household,16.37,1,1,130
2022-12-22,Store_B,Household,15.67,0,1,107
2022-12-23,Store_B,Household,15.1,0,1,119
2022-12-24,Store_B,Household,16.54,0,1,138
2022-12-25,Store_B,Household,15.01,0,1,165
2022-12-26,Store_B,Household,15.36,0,1,141
2022-12-27,Store_B,Household,16.01,0,1,135
2022-12-28,Store_B,Household,15.78,0,1,131
2022-12-29,Store_B,Household,16.15,1,1,142
2022-12-30,Store_B,Household,16.01,0,1,123
2022-12-31,Store_B,Household,16.5,0,1,160
2023-01-01,Store_B,Household,15.23,0,0,137
2023-01-02,Store_B,Household,16.25,0,0,108
2023-01-03,Store_B,Household,14.46,0,0,114
2023-01-04,Store_B,Household,16.66,0,0,97
2023-01-05,Store_B,Household,16.1,0,0,98
2023-01-06,Store_B,Household,15.72,0,0,95
2023-01-07,Store_B,Household,15.81,0,0,121
2023-01-08,Store_B,Household,15.04,0,0,131
2023-01-09,Store_B,Household,14.98,0,0,106
2023-01-10,Store_B,Household,15.15,0,0,117
2023-01-11,Store_B,Household,15.45,0,0,105
2023-01-12,Store_B,Household,14.77,0,0,96
2023-01-13,Store_B,Household,16.18,0,0,84
2023-01-14,Store_B,Household,15.53,0,0,113
2023-01-15,Store_B,Household,15.74,0,0,129
2023-01-16,Store_B,Household,15.98,0,0,117
2023-01-17,Store_B,Household,15.75,1,0,141
2023-01-18,Store_B,Household,14.58,0,0,89
2023-01-19,Store_B,Household,15.51,0,0,70
2023-01-20,Store_B,Household,16.33,0,0,83
2023-01-21,Store_B,Household,16.14,1,0,126
2023-01-22,Store_B,Household,15.58,0,0,129
2023-01-23,Store_B,Household,14.03,0,0,118
2023-01-24,Store_B,Household,16.05,0,0,106
2023-01-25,Store_B,Household,16.03,0,0,93
2023-01-26,Store_B,Household,16.36,0,0,79
2023-01-27,Store_B,Household,15.61,1,0,116
2023-01-28,Store_B,Household,15.29,0,0,121
2023-01-29,Store_B,Household,16.77,0,0,128
2023-01-30,Store_B,Household,16.03,0,0,118
2023-01-31,Store_B,Household,15.55,1,0,138
2023-02-01,Store_B,Household,15.73,0,0,105
2023-02-02,Store_B,Household,17.0,0,0,99
2023-02-03,Store_B,Household,16.39,0,0,87
2023-02-04,Store_B,Household,14.89,0,0,126
2023-02-05,Store_B,Household,15.1,0,0,131
2023-02-06,Store_B,Household,16.37,0,0,131
2023-02-07,Store_B,Household,16.76,0,0,124
2023-02-08,Store_B,Household,16.16,0,0,107
2023-02-09,Store_B,Household,15.61,0,0,84
2023-02-10,Store_B,Household,14.58,0,0,101
2023-02-11,Store_B,Household,15.39,0,0,124
2023-02-12,Store_B,Household,16.03,0,0,139
2023-02-13,Store_B,Household,15.8,0,0,107
2023-02-14,Store_B,Household,16.2,0,0,97
2023-02-15,Store_B,Household,16.07,0,0,92
2023-02-16,Store_B,Household,15.14,0,0,88
2023-02-17,Store_B,Household,15.56,1,0,101
2023-02-18,Store_B,Household,16.71,0,0,114
2023-02-19,Store_B,Household,16.19,0,0,119
2023-02-20,Store_B,Household,15.88,0,0,97
2023-02-21,Store_B,Household,16.54,0,0,103
2023-02-22,Store_B,Household,15.32,0,0,88
2023-02-23,Store_B,Household,17.12,0,0,95
2023-02-24,Store_B,Household,15.33,0,0,84
2023-02-25,Store_B,Household,15.74,0,0,112
2023-02-26,Store_B,Household,15.74,1,0,149
2023-02-27,Store_B,Household,17.0,0,0,120
2023-02-28,Store_B,Household,17.21,0,0,111
2023-03-01,Store_B,Household,16.05,0,0,93
2023-03-02,Store_B,Household,15.97,1,0,118
2023-03-03,Store_B,Household,15.1,0,0,110
2023-03-04,Store_B,Household,15.24,0,0,128
2023-03-05,Store_B,Household,15.34,0,0,132
2023-03-06,Store_B,Household,16.98,0,0,118
2023-03-07,Store_B,Household,15.72,0,0,119
2023-03-08,Store_B,Household,14.94,0,0,105
2023-03-09,Store_B,Household,14.59,0,0,87
2023-03-10,Store_B,Household,15.91,0,0,103
2023-03-11,Store_B,Household,17.45,0,0,125
2023-03-12,Store_B,Household,16.33,0,0,133
2023-03-13,Store_B,Household,17.0,0,0,120
2023-03-14,Store_B,Household,16.02,1,0,118
2023-03-15,Store_B,Household,15.18,1,0,115
2023-03-16,Store_B,Household,15.77,0,0,94
2023-03-17,Store_B,Household,14.97,0,0,87
2023-03-18,Store_B,Household,16.22,0,0,94
2023-03-19,Store_B,Household,17.0,1,0,135
2023-03-20,Store_B,Household,16.39,0,0,105
2023-03-21,Store_B,Household,14.83,0,0,100
2023-03-22,Store_B,Household,16.74,0,0,100
2023-03-23,Store_B,Household,16.28,0,0,87
2023-03-24,Store_B,Household,16.95,1,0,93
2023-03-25,Store_B,Household,16.7,0,0,101
2023-03-26,Store_B,Household,15.11,0,0,132
2023-03-27,Store_B,Household,16.41,1,0,128
2023-03-28,Store_B,Household,15.48,0,0,125
2023-03-29,Store_B,Household,16.86,0,0,102
2023-03-30,Store_B,Household,14.95,0,0,95
2023-03-31,Store_B,Household,15.59,1,0,116
2023-04-01,Store_B,Household,15.8,1,0,169
2023-04-02,Store_B,Household,16.45,0,0,144
2023-04-03,Store_B,Household,14.83,0,0,130
2023-04-04,Store_B,Household,16.05,0,0,116
2023-04-05,Store_B,Household,16.14,0,0,90
2023-04-06,Store_B,Household,16.78,0,0,107
2023-04-07,Store_B,Household,15.78,0,0,107
2023-04-08,Store_B,Household,15.96,0,0,132
2023-04-09,Store_B,Household,15.16,0,0,132
2023-04-10,Store_B,Household,15.74,0,0,122
2023-04-11,Store_B,Household,15.96,0,0,117
2023-04-12,Store_B,Household,15.97,0,0,100
2023-04-13,Store_B,Household,16.4,0,0,95
2023-04-14,Store_B,Household,16.26,0,0,93
2023-04-15,Store_B,Household,16.15,0,0,116
2023-04-16,Store_B,Household,15.95,0,0,130
2023-04-17,Store_B,Household,15.48,1,0,130
2023-04-18,Store_B,Household,15.19,0,0,107
2023-04-19,Store_B,Household,15.03,0,0,102
2023-04-20,Store_B,Household,16.61,0,0,80
2023-04-21,Store_B,Household,15.26,0,0,93
2023-04-22,Store_B,Household,15.72,0,0,133
2023-04-23,Store_B,Household,15.61,1,0,131
2023-04-24,Store_B,Household,16.61,0,0,109
2023-04-25,Store_B,Household,16.2,0,0,105
2023-04-26,Store_B,Household,15.86,1,0,127
2023-04-27,Store_B,Household,15.72,0,0,95
2023-04-28,Store_B,Household,16.35,0,0,102
2023-04-29,Store_B,Household,16.55,0,0,134
2023-04-30,Store_B,Household,16.67,0,0,138
2023-05-01,Store_B,Household,15.2,0,0,122
2023-05-02,Store_B,Household,16.75,0,0,115
2023-05-03,Store_B,Household,15.72,0,0,123
2023-05-04,Store_B,Household,14.17,0,0,103
2023-05-05,Store_B,Household,17.18,0,0,100
2023-05-06,Store_B,Household,15.94,0,0,124
2023-05-07,Store_B,Household,15.52,0,0,143
2023-05-08,Store_B,Household,16.38,0,0,132
2023-05-09,Store_B,Household,15.78,1,0,131
2023-05-10,Store_B,Household,14.57,0,0,122
2023-05-11,Store_B,Household,16.0,0,0,95
2023-05-12,Store_B,Household,16.24,0,0,95
2023-05-13,Store_B,Household,15.46,0,0,126
2023-05-14,Store_B,Household,15.57,1,0,147
2023-05-15,Store_B,Household,16.73,0,0,97
2023-05-16,Store_B,Household,14.14,0,0,115
2023-05-17,Store_B,Household,15.81,0,0,92
2023-05-18,Store_B,Household,16.17,0,0,82
2023-05-19,Store_B,Household,16.57,0,0,86
2023-05-20,Store_B,Household,16.17,1,0,143
2023-05-21,Store_B,Household,16.03,0,0,122
2023-05-22,Store_B,Household,16.76,0,0,106
2023-05-23,Store_B,Household,16.43,0,0,108
2023-05-24,Store_B,Household,16.12,0,0,99
2023-05-25,Store_B,Household,15.62,0,0,77
2023-05-26,Store_B,Household,15.05,0,0,103
2023-05-27,Store_B,Household,15.39,0,0,134
2023-05-28,Store_B,Household,16.27,0,0,128
2023-05-29,Store_B,Household,16.17,0,0,114
2023-05-30,Store_B,Household,16.32,0,0,110
2023-05-31,Store_B,Household,16.14,0,0,115
2023-06-01,Store_B,Household,15.23,0,0,104
2023-06-02,Store_B,Household,17.97,1,0,119
2023-06-03,Store_B,Household,16.21,0,0,148
2023-06-04,Store_B,Household,15.03,0,0,144
2023-06-05,Store_B,Household,16.11,0,0,131
2023-06-06,Store_B,Household,16.38,0,0,121
2023-06-07,Store_B,Household,15.13,0,0,99
2023-06-08,Store_B,Household,15.95,0,0,104
2023-06-09,Store_B,Household,16.55,1,0,108
2023-06-10,Store_B,Household,14.77,0,0,135
2023-06-11,Store_B,Household,15.62,0,0,129
2023-06-12,Store_B,Household,15.82,0,0,112
2023-06-13,Store_B,Household,16.81,1,0,128
2023-06-14,Store_B,Household,14.78,0,0,103
2023-06-15,Store_B,Household,15.85,1,0,112
2023-06-16,Store_B,Household,15.98,0,0,73
2023-06-17,Store_B,Household,15.09,0,0,127
2023-06-18,Store_B,Household,16.22,0,0,107
2023-06-19,Store_B,Household,16.66,0,0,116
2023-06-20,Store_B,Household,16.8,0,0,100
2023-06-21,Store_B,Household,17.13,0,0,104
2023-06-22,Store_B,Household,15.31,0,0,73
2023-06-23,Store_B,Household,17.33,0,0,96
2023-06-24,Store_B,Household,16.05,1,0,149
2023-06-25,Store_B,Household,15.58,0,0,125
2023-06-26,Store_B,Household,15.63,0,0,122
2023-06-27,Store_B,Household,16.95,1,0,118
2023-06-28,Store_B,Household,16.68,0,0,101
2023-06-29,Store_B,Household,15.09,0,0,106
2023-06-30,Store_B,Household,15.36,0,0,96
2023-07-01,Store_B,Household,15.68,0,0,131
2023-07-02,Store_B,Household,17.46,0,0,140
2023-07-03,Store_B,Household,16.54,0,0,133
2023-07-04,Store_B,Household,16.27,0,0,117
2023-07-05,Store_B,Household,17.38,1,0,131
2023-07-06,Store_B,Household,15.1,0,0,99
2023-07-07,Store_B,Household,16.89,0,0,99
2023-07-08,Store_B,Household,16.68,0,0,113
2023-07-09,Store_B,Household,14.82,0,0,144
2023-07-10,Store_B,Household,15.34,1,0,149
2023-07-11,Store_B,Household,15.63,0,0,111
2023-07-12,Store_B,Household,17.21,0,0,87
2023-07-13,Store_B,Household,15.94,1,0,116
2023-07-14,Store_B,Household,15.03,1,0,121
2023-07-15,Store_B,Household,15.75,0,0,120
2023-07-16,Store_B,Household,15.52,0,0,119
2023-07-17,Store_B,Household,15.88,0,0,118
2023-07-18,Store_B,Household,16.73,0,0,105
2023-07-19,Store_B,Household,16.78,0,0,93
2023-07-20,Store_B,Household,15.62,0,0,87
2023-07-21,Store_B,Household,16.8,0,0,81
2023-07-22,Store_B,Household,15.26,0,0,141
2023-07-23,Store_B,Household,14.98,0,0,127
2023-07-24,Store_B,Household,16.5,1,0,144
2023-07-25,Store_B,Household,14.19,0,0,116
2023-07-26,Store_B,Household,16.19,0,0,95
2023-07-27,Store_B,Household,17.12,1,0,116
2023-07-28,Store_B,Household,15.66,1,0,135
2023-07-29,Store_B,Household,14.61,0,0,142
2023-07-30,Store_B,Household,16.27,0,0,136
2023-07-31,Store_B,Household,15.63,1,0,141
2023-08-01,Store_B,Household,15.36,0,0,122
2023-08-02,Store_B,Household,15.55,0,0,118
2023-08-03,Store_B,Household,16.48,0,0,96
2023-08-04,Store_B,Household,16.81,0,0,93
2023-08-05,Store_B,Household,16.49,0,0,134
2023-08-06,Store_B,Household,15.53,0,0,148
2023-08-07,Store_B,Household,15.94,1,0,149
2023-08-08,Store_B,Household,15.36,0,0,119
2023-08-09,Store_B,Household,15.25,0,0,86
2023-08-10,Store_B,Household,15.86,0,0,89
2023-08-11,Store_B,Household,16.63,1,0,112
2023-08-12,Store_B,Household,16.11,1,0,156
2023-08-13,Store_B,Household,17.12,1,0,168
2023-08-14,Store_B,Household,17.33,0,0,123
2023-08-15,Store_B,Household,17.12,0,0,87
2023-08-16,Store_B,Household,15.81,0,0,101
2023-08-17,Store_B,Household,14.96,0,0,94
2023-08-18,Store_B,Household,15.63,1,0,125
2023-08-19,Store_B,Household,15.97,0,0,118
2023-08-20,Store_B,Household,15.54,0,0,135
2023-08-21,Store_B,Household,16.49,0,0,104
2023-08-22,Store_B,Household,16.96,1,0,153
2023-08-23,Store_B,Household,16.32,0,0,109
2023-08-24,Store_B,Household,15.62,0,0,98
2023-08-25,Store_B,Household,15.03,0,0,108
2023-08-26,Store_B,Household,15.85,0,0,124
2023-08-27,Store_B,Household,15.65,0,0,127
2023-08-28,Store_B,Household,15.06,0,0,144
2023-08-29,Store_B,Household,16.16,1,0,142
2023-08-30,Store_B,Household,16.05,1,0,144
2023-08-31,Store_B,Household,16.07,0,0,104
2023-09-01,Store_B,Household,16.85,1,0,122
2023-09-02,Store_B,Household,15.21,0,0,132
2023-09-03,Store_B,Household,15.46,1,0,173
2023-09-04,Store_B,Household,15.39,1,0,155
2023-09-05,Store_B,Household,15.69,0,0,130
2023-09-06,Store_B,Household,16.2,0,0,103
2023-09-07,Store_B,Household,14.68,0,0,113
2023-09-08,Store_B,Household,16.06,0,0,114
2023-09-09,Store_B,Household,16.34,0,0,123
2023-09-10,Store_B,Household,16.73,0,0,120
2023-09-11,Store_B,Household,16.72,0,0,104
2023-09-12,Store_B,Household,16.27,1,0,136
2023-09-13,Store_B,Household,16.02,0,0,94
2023-09-14,Store_B,Household,15.53,0,0,94
2023-09-15,Store_B,Household,17.33,0,0,95
2023-09-16,Store_B,Household,15.85,0,0,122
2023-09-17,Store_B,Household,14.98,0,0,136
2023-09-18,Store_B,Household,16.44,0,0,112
2023-09-19,Store_B,Household,16.14,0,0,103
2023-09-20,Store_B,Household,16.23,0,0,111
2023-09-21,Store_B,Household,16.27,0,0,90
2023-09-22,Store_B,Household,16.24,0,0,92
2023-09-23,Store_B,Household,16.5,1,0,142
2023-09-24,Store_B,Household,17.05,0,0,139
2023-09-25,Store_B,Household,16.46,0,0,127
2023-09-26,Store_B,Household,16.12,0,0,113
2023-09-27,Store_B,Household,15.27,0,0,123
2023-09-28,Store_B,Household,15.7,0,0,109
2023-09-29,Store_B,Household,16.25,0,0,118
2023-09-30,Store_B,Household,16.71,0,0,123
2023-10-01,Store_B,Household,16.0,0,0,141
2023-10-02,Store_B,Household,15.55,1,0,158
2023-10-03,Store_B,Household,16.21,0,0,112
2023-10-04,Store_B,Household,16.22,0,0,100
2023-10-05,Store_B,Household,15.66,1,0,116
2023-10-06,Store_B,Household,16.12,0,0,104
2023-10-07,Store_B,Household,16.01,0,0,129
2023-10-08,Store_B,Household,17.38,0,0,144
2023-10-09,Store_B,Household,15.73,0,0,140
2023-10-10,Store_B,Household,16.08,0,0,114
2023-10-11,Store_B,Household,16.7,0,0,82
2023-10-12,Store_B,Household,15.95,0,0,85
2023-10-13,Store_B,Household,15.53,0,0,93
2023-10-14,Store_B,Household,14.94,0,0,129
2023-10-15,Store_B,Household,15.91,1,0,139
2023-10-16,Store_B,Household,15.55,0,0,108
2023-10-17,Store_B,Household,15.72,1,0,128
2023-10-18,Store_B,Household,16.44,0,0,82
2023-10-19,Store_B,Household,15.72,0,0,78
2023-10-20,Store_B,Household,16.5,1,0,118
2023-10-21,Store_B,Household,15.91,0,0,125
2023-10-22,Store_B,Household,17.97,0,0,115
2023-10-23,Store_B,Household,16.03,0,0,120
2023-10-24,Store_B,Household,16.33,0,0,124
2023-10-25,Store_B,Household,17.13,0,0,111
2023-10-26,Store_B,Household,16.01,1,0,124
2023-10-27,Store_B,Household,16.34,0,0,110
2023-10-28,Store_B,Household,17.03,0,0,134
2023-10-29,Store_B,Household,16.21,0,0,153
2023-10-30,Store_B,Household,15.27,0,0,133
2023-10-31,Store_B,Household,16.39,0,0,127
2023-11-01,Store_B,Household,15.74,0,0,112
2023-11-02,Store_B,Household,16.2,0,0,118
2023-11-03,Store_B,Household,15.58,0,0,111
2023-11-04,Store_B,Household,15.73,0,0,139
2023-11-05,Store_B,Household,16.01,1,0,169
2023-11-06,Store_B,Household,17.52,1,0,142
2023-11-07,Store_B,Household,16.89,0,0,116
2023-11-08,Store_B,Household,16.53,0,0,99
2023-11-09,Store_B,Household,17.44,0,0,91
2023-11-10,Store_B,Household,18.82,0,0,75
2023-11-11,Store_B,Household,14.98,1,0,152
2023-11-12,Store_B,Household,16.33,1,0,155
2023-11-13,Store_B,Household,15.35,0,0,116
2023-11-14,Store_B,Household,15.34,0,0,116
2023-11-15,Store_B,Household,17.17,0,0,91
2023-11-16,Store_B,Household,16.13,0,0,92
2023-11-17,Store_B,Household,15.35,0,0,110
2023-11-18,Store_B,Household,15.41,0,0,126
2023-11-19,Store_B,Household,15.53,0,0,139
2023-11-20,Store_B,Household,16.29,1,1,176
2023-11-21,Store_B,Household,16.14,0,1,152
2023-11-22,Store_B,Household,15.54,0,1,153
2023-11-23,Store_B,Household,16.62,1,1,151
2023-11-24,Store_B,Household,14.88,0,1,136
2023-11-25,Store_B,Household,16.07,0,1,167
2023-11-26,Store_B,Household,15.28,0,1,188
2023-11-27,Store_B,Household,16.19,0,1,162
2023-11-28,Store_B,Household,15.98,0,1,163
2023-11-29,Store_B,Household,16.16,0,1,155
2023-11-30,Store_B,Household,15.35,0,1,142
2023-12-01,Store_B,Household,14.77,1,0,135
2023-12-02,Store_B,Household,14.93,0,0,156
2023-12-03,Store_B,Household,15.5,0,0,148
2023-12-04,Store_B,Household,15.77,0,0,139
2023-12-05,Store_B,Household,16.36,0,0,119
2023-12-06,Store_B,Household,15.6,0,0,98
2023-12-07,Store_B,Household,15.04,0,0,105
2023-12-08,Store_B,Household,16.97,0,0,103
2023-12-09,Store_B,Household,15.52,0,0,114
2023-12-10,Store_B,Household,15.06,1,0,164
2023-12-11,Store_B,Household,16.03,0,0,125
2023-12-12,Store_B,Household,15.1,1,0,144
2023-12-13,Store_B,Household,16.45,0,0,100
2023-12-14,Store_B,Household,16.41,1,0,114
2023-12-15,Store_B,Household,16.27,1,0,119
2023-12-16,Store_B,Household,16.12,0,0,135
2023-12-17,Store_B,Household,16.25,0,0,143
2023-12-18,Store_B,Household,15.98,0,0,128
2023-12-19,Store_B,Household,15.94,0,0,113
2023-12-20,Store_B,Household,14.19,0,1,147
2023-12-21,Store_B,Household,16.34,0,1,135
2023-12-22,Store_B,Household,16.41,0,1,145
2023-12-23,Store_B,Household,15.81,1,1,182
2023-12-24,Store_B,Household,14.65,1,1,213
2023-12-25,Store_B,Household,15.66,1,1,201
2023-12-26,Store_B,Household,15.64,0,1,165
2023-12-27,Store_B,Household,15.38,0,1,154
2023-12-28,Store_B,Household,16.06,0,1,144
2023-12-29,Store_B,Household,15.45,0,1,146
2023-12-30,Store_B,Household,16.08,0,1,172
2023-12-31,Store_B,Household,13.63,0,1,191
2022-01-01,Store_C,Beverages,10.94,0,0,135
2022-01-02,Store_C,Beverages,11.95,1,0,150
2022-01-03,Store_C,Beverages,11.73,0,0,106
2022-01-04,Store_C,Beverages,12.23,0,0,110
2022-01-05,Store_C,Beverages,10.82,0,0,102
2022-01-06,Store_C,Beverages,10.68,0,0,91
2022-01-07,Store_C,Beverages,11.68,0,0,100
2022-01-08,Store_C,Beverages,11.56,0,0,121
2022-01-09,Store_C,Beverages,12.39,1,0,138
2022-01-10,Store_C,Beverages,12.36,1,0,137
2022-01-11,Store_C,Beverages,12.27,1,0,128
2022-01-12,Store_C,Beverages,11.65,1,0,111
2022-01-13,Store_C,Beverages,12.2,0,0,80
2022-01-14,Store_C,Beverages,12.3,0,0,85
2022-01-15,Store_C,Beverages,11.59,0,0,103
2022-01-16,Store_C,Beverages,12.91,1,0,125
2022-01-17,Store_C,Beverages,11.45,0,0,104
2022-01-18,Store_C,Beverages,12.42,0,0,90
2022-01-19,Store_C,Beverages,12.15,0,0,91
2022-01-20,Store_C,Beverages,12.56,0,0,86
2022-01-21,Store_C,Beverages,12.93,0,0,72
2022-01-22,Store_C,Beverages,12.75,0,0,98
2022-01-23,Store_C,Beverages,12.85,0,0,122
2022-01-24,Store_C,Beverages,13.27,0,0,85
2022-01-25,Store_C,Beverages,12.56,0,0,93
2022-01-26,Store_C,Beverages,10.56,1,0,92
2022-01-27,Store_C,Beverages,11.89,0,0,66
2022-01-28,Store_C,Beverages,12.8,0,0,78
2022-01-29,Store_C,Beverages,12.22,0,0,117
2022-01-30,Store_C,Beverages,13.45,1,0,144
2022-01-31,Store_C,Beverages,11.42,1,0,119
2022-02-01,Store_C,Beverages,11.66,0,0,102
2022-02-02,Store_C,Beverages,10.98,0,0,93
2022-02-03,Store_C,Beverages,12.57,1,0,104
2022-02-04,Store_C,Beverages,12.2,0,0,95
2022-02-05,Store_C,Beverages,12.08,0,0,117
2022-02-06,Store_C,Beverages,11.54,0,0,137
2022-02-07,Store_C,Beverages,11.17,0,0,115
2022-02-08,Store_C,Beverages,12.06,0,0,105
2022-02-09,Store_C,Beverages,11.94,0,0,102
2022-02-10,Store_C,Beverages,12.39,1,0,110
2022-02-11,Store_C,Beverages,11.84,0,0,93
2022-02-12,Store_C,Beverages,11.39,0,0,111
2022-02-13,Store_C,Beverages,12.84,0,0,110
2022-02-14,Store_C,Beverages,11.72,0,0,101
2022-02-15,Store_C,Beverages,11.25,0,0,118
2022-02-16,Store_C,Beverages,12.69,0,0,86
2022-02-17,Store_C,Beverages,11.73,0,0,79
2022-02-18,Store_C,Beverages,10.97,0,0,74
2022-02-19,Store_C,Beverages,11.51,0,0,94
2022-02-20,Store_C,Beverages,10.67,0,0,125
2022-02-21,Store_C,Beverages,11.85,0,0,86
2022-02-22,Store_C,Beverages,12.63,0,0,85
2022-02-23,Store_C,Beverages,12.87,1,0,91
2022-02-24,Store_C,Beverages,11.33,1,0,90
2022-02-25,Store_C,Beverages,11.55,0,0,71
2022-02-26,Store_C,Beverages,12.64,0,0,104
2022-02-27,Store_C,Beverages,11.94,0,0,124
2022-02-28,Store_C,Beverages,11.88,0,0,109
2022-03-01,Store_C,Beverages,12.08,1,0,116
2022-03-02,Store_C,Beverages,11.61,0,0,83
2022-03-03,Store_C,Beverages,11.22,0,0,86
2022-03-04,Store_C,Beverages,12.08,1,0,109
2022-03-05,Store_C,Beverages,12.81,0,0,113
2022-03-06,Store_C,Beverages,12.59,0,0,144
2022-03-07,Store_C,Beverages,11.64,0,0,134
2022-03-08,Store_C,Beverages,12.13,0,0,114
2022-03-09,Store_C,Beverages,13.04,0,0,79
2022-03-10,Store_C,Beverages,11.72,0,0,79
2022-03-11,Store_C,Beverages,11.31,0,0,105
2022-03-12,Store_C,Beverages,11.31,0,0,113
2022-03-13,Store_C,Beverages,11.35,1,0,145
2022-03-14,Store_C,Beverages,12.23,1,0,145
2022-03-15,Store_C,Beverages,10.4,1,0,137
2022-03-16,Store_C,Beverages,12.03,0,0,102
2022-03-17,Store_C,Beverages,11.39,0,0,90
2022-03-18,Store_C,Beverages,12.19,0,0,72
2022-03-19,Store_C,Beverages,11.63,1,0,143
2022-03-20,Store_C,Beverages,12.79,0,0,131
2022-03-21,Store_C,Beverages,11.49,0,0,96
2022-03-22,Store_C,Beverages,11.91,1,0,113
2022-03-23,Store_C,Beverages,12.18,0,0,74
2022-03-24,Store_C,Beverages,12.09,0,0,81
2022-03-25,Store_C,Beverages,13.0,0,0,85
2022-03-26,Store_C,Beverages,10.94,0,0,115
2022-03-27,Store_C,Beverages,12.57,0,0,100
2022-03-28,Store_C,Beverages,13.06,0,0,93
2022-03-29,Store_C,Beverages,11.04,1,0,124
2022-03-30,Store_C,Beverages,11.98,0,0,79
2022-03-31,Store_C,Beverages,11.89,0,0,89
2022-04-01,Store_C,Beverages,12.14,0,0,90
2022-04-02,Store_C,Beverages,11.83,0,0,125
2022-04-03,Store_C,Beverages,12.23,0,0,124
2022-04-04,Store_C,Beverages,11.29,0,0,119
2022-04-05,Store_C,Beverages,12.45,0,0,104
2022-04-06,Store_C,Beverages,10.76,1,0,114
2022-04-07,Store_C,Beverages,12.18,1,0,124
2022-04-08,Store_C,Beverages,11.61,0,0,98
2022-04-09,Store_C,Beverages,12.21,0,0,113
2022-04-10,Store_C,Beverages,11.72,0,0,129
2022-04-11,Store_C,Beverages,11.92,0,0,115
2022-04-12,Store_C,Beverages,11.59,0,0,111
2022-04-13,Store_C,Beverages,11.89,0,0,98
2022-04-14,Store_C,Beverages,11.33,0,0,89
2022-04-15,Store_C,Beverages,13.1,0,0,84
2022-04-16,Store_C,Beverages,12.55,1,0,123
2022-04-17,Store_C,Beverages,12.42,1,0,152
2022-04-18,Store_C,Beverages,11.57,1,0,130
2022-04-19,Store_C,Beverages,13.19,1,0,120
2022-04-20,Store_C,Beverages,11.46,0,0,84
2022-04-21,Store_C,Beverages,11.82,0,0,67
2022-04-22,Store_C,Beverages,11.56,0,0,94
2022-04-23,Store_C,Beverages,12.13,0,0,111
2022-04-24,Store_C,Beverages,13.06,1,0,130
2022-04-25,Store_C,Beverages,10.84,0,0,117
2022-04-26,Store_C,Beverages,12.07,0,0,93
2022-04-27,Store_C,Beverages,12.31,0,0,79
2022-04-28,Store_C,Beverages,12.21,0,0,83
2022-04-29,Store_C,Beverages,11.05,0,0,96
2022-04-30,Store_C,Beverages,12.26,0,0,109
2022-05-01,Store_C,Beverages,12.26,0,0,123
2022-05-02,Store_C,Beverages,12.0,0,0,106
2022-05-03,Store_C,Beverages,12.04,1,0,132
2022-05-04,Store_C,Beverages,12.06,1,0,117
2022-05-05,Store_C,Beverages,12.6,0,0,87
2022-05-06,Store_C,Beverages,11.98,0,0,98
2022-05-07,Store_C,Beverages,12.83,1,0,127
2022-05-08,Store_C,Beverages,12.56,1,0,156
2022-05-09,Store_C,Beverages,10.96,0,0,126
2022-05-10,Store_C,Beverages,12.73,0,0,98
2022-05-11,Store_C,Beverages,11.89,0,0,97
2022-05-12,Store_C,Beverages,11.73,0,0,109
2022-05-13,Store_C,Beverages,10.97,0,0,103
2022-05-14,Store_C,Beverages,12.36,0,0,119
2022-05-15,Store_C,Beverages,13.16,1,0,155
2022-05-16,Store_C,Beverages,12.56,0,0,123
2022-05-17,Store_C,Beverages,11.72,1,0,126
2022-05-18,Store_C,Beverages,11.75,0,0,82
2022-05-19,Store_C,Beverages,10.98,0,0,73
2022-05-20,Store_C,Beverages,12.64,0,0,89
2022-05-21,Store_C,Beverages,12.62,1,0,131
2022-05-22,Store_C,Beverages,11.85,0,0,123
2022-05-23,Store_C,Beverages,11.53,0,0,120
2022-05-24,Store_C,Beverages,12.36,1,0,121
2022-05-25,Store_C,Beverages,11.84,0,0,89
2022-05-26,Store_C,Beverages,10.77,0,0,93
2022-05-27,Store_C,Beverages,12.69,0,0,81
2022-05-28,Store_C,Beverages,10.66,1,0,140
2022-05-29,Store_C,Beverages,10.5,0,0,124
2022-05-30,Store_C,Beverages,13.05,0,0,114
2022-05-31,Store_C,Beverages,13.49,0,0,112
2022-06-01,Store_C,Beverages,11.97,0,0,92
2022-06-02,Store_C,Beverages,11.75,1,0,110
2022-06-03,Store_C,Beverages,12.57,0,0,82
2022-06-04,Store_C,Beverages,12.5,0,0,123
2022-06-05,Store_C,Beverages,11.88,0,0,129
2022-06-06,Store_C,Beverages,12.21,0,0,128
2022-06-07,Store_C,Beverages,11.41,0,0,128
2022-06-08,Store_C,Beverages,11.06,0,0,110
2022-06-09,Store_C,Beverages,13.4,0,0,94
2022-06-10,Store_C,Beverages,10.75,0,0,105
2022-06-11,Store_C,Beverages,11.55,0,0,118
2022-06-12,Store_C,Beverages,12.98,0,0,131
2022-06-13,Store_C,Beverages,12.94,0,0,111
2022-06-14,Store_C,Beverages,12.47,0,0,112
2022-06-15,Store_C,Beverages,12.07,1,0,109
2022-06-16,Store_C,Beverages,12.19,0,0,73
2022-06-17,Store_C,Beverages,13.02,0,0,82
2022-06-18,Store_C,Beverages,12.12,0,0,118
2022-06-19,Store_C,Beverages,12.17,0,0,132
2022-06-20,Store_C,Beverages,11.41,1,0,146
2022-06-21,Store_C,Beverages,12.9,0,0,90
2022-06-22,Store_C,Beverages,12.25,0,0,79
2022-06-23,Store_C,Beverages,11.71,0,0,78
2022-06-24,Store_C,Beverages,12.58,1,0,106
2022-06-25,Store_C,Beverages,10.9,0,0,101
2022-06-26,Store_C,Beverages,12.48,0,0,131
2022-06-27,Store_C,Beverages,11.95,0,0,121
2022-06-28,Store_C,Beverages,11.53,0,0,93
2022-06-29,Store_C,Beverages,12.3,0,0,89
2022-06-30,Store_C,Beverages,11.77,0,0,91
2022-07-01,Store_C,Beverages,13.22,0,0,91
2022-07-02,Store_C,Beverages,13.03,0,0,112
2022-07-03,Store_C,Beverages,12.18,0,0,121
2022-07-04,Store_C,Beverages,13.45,0,0,103
2022-07-05,Store_C,Beverages,13.03,0,0,99
2022-07-06,Store_C,Beverages,11.15,1,0,118
2022-07-07,Store_C,Beverages,12.01,0,0,90
2022-07-08,Store_C,Beverages,10.7,0,0,107
2022-07-09,Store_C,Beverages,12.65,0,0,115
2022-07-10,Store_C,Beverages,11.75,0,0,136
2022-07-11,Store_C,Beverages,11.93,0,0,103
2022-07-12,Store_C,Beverages,11.1,1,0,147
2022-07-13,Store_C,Beverages,12.32,0,0,107
2022-07-14,Store_C,Beverages,10.48,0,0,85
2022-07-15,Store_C,Beverages,11.16,1,0,100
2022-07-16,Store_C,Beverages,11.77,1,0,139
2022-07-17,Store_C,Beverages,11.66,0,0,113
2022-07-18,Store_C,Beverages,11.79,0,0,103
2022-07-19,Store_C,Beverages,12.09,0,0,88
2022-07-20,Store_C,Beverages,12.66,0,0,85
2022-07-21,Store_C,Beverages,12.87,0,0,79
2022-07-22,Store_C,Beverages,11.69,0,0,74
2022-07-23,Store_C,Beverages,11.39,0,0,108
2022-07-24,Store_C,Beverages,12.34,0,0,125
2022-07-25,Store_C,Beverages,12.53,0,0,104
2022-07-26,Store_C,Beverages,11.46,0,0,89
2022-07-27,Store_C,Beverages,11.57,0,0,94
2022-07-28,Store_C,Beverages,13.75,0,0,77
2022-07-29,Store_C,Beverages,12.67,0,0,90
2022-07-30,Store_C,Beverages,11.94,0,0,123
2022-07-31,Store_C,Beverages,12.04,0,0,136
2022-08-01,Store_C,Beverages,10.52,0,0,126
2022-08-02,Store_C,Beverages,12.53,0,0,112
2022-08-03,Store_C,Beverages,11.38,0,0,116
2022-08-04,Store_C,Beverages,13.06,0,0,99
2022-08-05,Store_C,Beverages,11.4,1,0,120
2022-08-06,Store_C,Beverages,12.68,0,0,125
2022-08-07,Store_C,Beverages,12.28,0,0,145
2022-08-08,Store_C,Beverages,13.45,0,0,115
2022-08-09,Store_C,Beverages,11.22,0,0,119
2022-08-10,Store_C,Beverages,10.47,0,0,101
2022-08-11,Store_C,Beverages,13.13,1,0,98
2022-08-12,Store_C,Beverages,11.5,0,0,108
2022-08-13,Store_C,Beverages,12.01,0,0,130
2022-08-14,Store_C,Beverages,11.16,1,0,159
2022-08-15,Store_C,Beverages,10.62,0,0,115
2022-08-16,Store_C,Beverages,12.07,0,0,122
2022-08-17,Store_C,Beverages,10.81,0,0,109
2022-08-18,Store_C,Beverages,12.58,0,0,93
2022-08-19,Store_C,Beverages,11.6,0,0,83
2022-08-20,Store_C,Beverages,12.52,0,0,111
2022-08-21,Store_C,Beverages,11.58,0,0,115
2022-08-22,Store_C,Beverages,11.77,0,0,109
2022-08-23,Store_C,Beverages,13.07,0,0,91
2022-08-24,Store_C,Beverages,10.82,1,0,110
2022-08-25,Store_C,Beverages,12.1,0,0,88
2022-08-26,Store_C,Beverages,10.92,0,0,75
2022-08-27,Store_C,Beverages,11.78,0,0,105
2022-08-28,Store_C,Beverages,11.49,0,0,124
2022-08-29,Store_C,Beverages,12.78,0,0,119
2022-08-30,Store_C,Beverages,10.56,0,0,110
2022-08-31,Store_C,Beverages,12.97,1,0,103
2022-09-01,Store_C,Beverages,12.52,1,0,118
2022-09-02,Store_C,Beverages,12.41,1,0,120
2022-09-03,Store_C,Beverages,12.03,1,0,141
2022-09-04,Store_C,Beverages,10.26,0,0,133
2022-09-05,Store_C,Beverages,11.94,1,0,146
2022-09-06,Store_C,Beverages,12.26,0,0,122
2022-09-07,Store_C,Beverages,10.84,0,0,100
2022-09-08,Store_C,Beverages,11.94,1,0,117
2022-09-09,Store_C,Beverages,11.96,0,0,115
2022-09-10,Store_C,Beverages,11.5,0,0,110
2022-09-11,Store_C,Beverages,11.55,1,0,150
2022-09-12,Store_C,Beverages,12.29,0,0,109
2022-09-13,Store_C,Beverages,11.49,0,0,102
2022-09-14,Store_C,Beverages,12.77,0,0,95
2022-09-15,Store_C,Beverages,12.47,0,0,91
2022-09-16,Store_C,Beverages,11.91,0,0,92
2022-09-17,Store_C,Beverages,11.87,1,0,131
2022-09-18,Store_C,Beverages,12.05,0,0,127
2022-09-19,Store_C,Beverages,13.38,1,0,118
2022-09-20,Store_C,Beverages,12.73,0,0,85
2022-09-21,Store_C,Beverages,11.83,0,0,82
2022-09-22,Store_C,Beverages,12.26,0,0,76
2022-09-23,Store_C,Beverages,12.22,0,0,84
2022-09-24,Store_C,Beverages,11.81,0,0,123
2022-09-25,Store_C,Beverages,12.74,0,0,123
2022-09-26,Store_C,Beverages,12.85,0,0,105
2022-09-27,Store_C,Beverages,11.43,1,0,132
2022-09-28,Store_C,Beverages,11.96,0,0,105
2022-09-29,Store_C,Beverages,11.1,0,0,76
2022-09-30,Store_C,Beverages,11.71,0,0,92
2022-10-01,Store_C,Beverages,13.57,0,0,120
2022-10-02,Store_C,Beverages,11.81,0,0,132
2022-10-03,Store_C,Beverages,11.97,0,0,142
2022-10-04,Store_C,Beverages,11.67,0,0,117
2022-10-05,Store_C,Beverages,11.21,0,0,102
2022-10-06,Store_C,Beverages,12.95,0,0,80
2022-10-07,Store_C,Beverages,11.78,0,0,103
2022-10-08,Store_C,Beverages,11.19,0,0,128
2022-10-09,Store_C,Beverages,11.89,0,0,129
2022-10-10,Store_C,Beverages,13.26,1,0,144
2022-10-11,Store_C,Beverages,12.44,1,0,136
2022-10-12,Store_C,Beverages,11.05,0,0,114
2022-10-13,Store_C,Beverages,11.9,0,0,77
2022-10-14,Store_C,Beverages,12.06,0,0,85
2022-10-15,Store_C,Beverages,12.4,0,0,104
2022-10-16,Store_C,Beverages,10.84,0,0,127
2022-10-17,Store_C,Beverages,12.29,1,0,143
2022-10-18,Store_C,Beverages,12.65,0,0,104
2022-10-19,Store_C,Beverages,12.28,0,0,78
2022-10-20,Store_C,Beverages,12.25,0,0,82
2022-10-21,Store_C,Beverages,11.59,0,0,85
2022-10-22,Store_C,Beverages,13.21,0,0,113
2022-10-23,Store_C,Beverages,13.14,0,0,134
2022-10-24,Store_C,Beverages,13.57,1,0,121
2022-10-25,Store_C,Beverages,12.72,0,0,108
2022-10-26,Store_C,Beverages,12.16,0,0,98
2022-10-27,Store_C,Beverages,11.82,0,0,77
2022-10-28,Store_C,Beverages,11.84,0,0,92
2022-10-29,Store_C,Beverages,11.47,1,0,158
2022-10-30,Store_C,Beverages,13.12,0,0,122
2022-10-31,Store_C,Beverages,11.76,0,0,131
2022-11-01,Store_C,Beverages,12.33,0,0,130
2022-11-02,Store_C,Beverages,12.11,0,0,119
2022-11-03,Store_C,Beverages,12.78,1,0,106
2022-11-04,Store_C,Beverages,10.52,0,0,100
2022-11-05,Store_C,Beverages,12.33,0,0,124
2022-11-06,Store_C,Beverages,12.03,1,0,151
2022-11-07,Store_C,Beverages,11.78,1,0,160
2022-11-08,Store_C,Beverages,12.01,0,0,123
2022-11-09,Store_C,Beverages,11.82,0,0,104
2022-11-10,Store_C,Beverages,12.3,0,0,85
2022-11-11,Store_C,Beverages,12.47,0,0,102
2022-11-12,Store_C,Beverages,12.72,0,0,117
2022-11-13,Store_C,Beverages,11.55,0,0,129
2022-11-14,Store_C,Beverages,12.93,0,0,118
2022-11-15,Store_C,Beverages,11.16,0,0,110
2022-11-16,Store_C,Beverages,13.58,0,0,88
2022-11-17,Store_C,Beverages,11.5,0,0,77
2022-11-18,Store_C,Beverages,11.96,0,0,100
2022-11-19,Store_C,Beverages,11.75,0,0,128
2022-11-20,Store_C,Beverages,11.22,0,1,164
2022-11-21,Store_C,Beverages,13.04,0,1,147
2022-11-22,Store_C,Beverages,11.5,0,1,143
2022-11-23,Store_C,Beverages,11.59,0,1,124
2022-11-24,Store_C,Beverages,12.1,0,1,107
2022-11-25,Store_C,Beverages,13.48,0,1,115
2022-11-26,Store_C,Beverages,11.59,0,1,144
2022-11-27,Store_C,Beverages,12.03,0,1,162
2022-11-28,Store_C,Beverages,11.13,0,1,144
2022-11-29,Store_C,Beverages,11.13,0,1,156
2022-11-30,Store_C,Beverages,11.55,0,1,141
2022-12-01,Store_C,Beverages,12.06,1,0,106
2022-12-02,Store_C,Beverages,11.83,0,0,104
2022-12-03,Store_C,Beverages,11.09,0,0,144
2022-12-04,Store_C,Beverages,10.56,1,0,167
2022-12-05,Store_C,Beverages,11.98,0,0,127
2022-12-06,Store_C,Beverages,12.36,0,0,132
2022-12-07,Store_C,Beverages,13.0,0,0,100
2022-12-08,Store_C,Beverages,12.94,1,0,111
2022-12-09,Store_C,Beverages,12.43,0,0,100
2022-12-10,Store_C,Beverages,13.02,0,0,125
2022-12-11,Store_C,Beverages,10.59,0,0,137
2022-12-12,Store_C,Beverages,12.46,0,0,121
2022-12-13,Store_C,Beverages,12.79,0,0,112
2022-12-14,Store_C,Beverages,12.22,0,0,108
2022-12-15,Store_C,Beverages,11.7,0,0,97
2022-12-16,Store_C,Beverages,11.76,0,0,93
2022-12-17,Store_C,Beverages,11.22,0,0,111
2022-12-18,Store_C,Beverages,12.06,0,0,120
2022-12-19,Store_C,Beverages,12.46,0,0,103
2022-12-20,Store_C,Beverages,12.41,0,1,133
2022-12-21,Store_C,Beverages,11.91,0,1,133
2022-12-22,Store_C,Beverages,13.14,0,1,115
2022-12-23,Store_C,Beverages,11.37,1,1,156
2022-12-24,Store_C,Beverages,11.84,0,1,157
2022-12-25,Store_C,Beverages,13.02,0,1,157
2022-12-26,Store_C,Beverages,11.81,0,1,151
2022-12-27,Store_C,Beverages,13.65,0,1,143
2022-12-28,Store_C,Beverages,10.8,0,1,149
2022-12-29,Store_C,Beverages,11.54,0,1,125
2022-12-30,Store_C,Beverages,12.48,0,1,130
2022-12-31,Store_C,Beverages,12.82,0,1,173
2023-01-01,Store_C,Beverages,12.22,0,0,144
2023-01-02,Store_C,Beverages,12.45,0,0,137
2023-01-03,Store_C,Beverages,10.38,0,0,134
2023-01-04,Store_C,Beverages,11.36,0,0,109
2023-01-05,Store_C,Beverages,12.03,1,0,116
2023-01-06,Store_C,Beverages,12.46,1,0,124
2023-01-07,Store_C,Beverages,13.06,0,0,131
2023-01-08,Store_C,Beverages,12.22,0,0,136
2023-01-09,Store_C,Beverages,12.83,1,0,145
2023-01-10,Store_C,Beverages,12.74,1,0,132
2023-01-11,Store_C,Beverages,12.47,0,0,98
2023-01-12,Store_C,Beverages,12.18,1,0,118
2023-01-13,Store_C,Beverages,13.37,1,0,90
2023-01-14,Store_C,Beverages,14.23,0,0,121
2023-01-15,Store_C,Beverages,11.61,1,0,144
2023-01-16,Store_C,Beverages,13.69,0,0,103
2023-01-17,Store_C,Beverages,11.85,1,0,130
2023-01-18,Store_C,Beverages,12.62,0,0,90
2023-01-19,Store_C,Beverages,12.2,1,0,104
2023-01-20,Store_C,Beverages,12.97,0,0,89
2023-01-21,Store_C,Beverages,11.19,1,0,130
2023-01-22,Store_C,Beverages,11.39,0,0,131
2023-01-23,Store_C,Beverages,11.68,0,0,144
2023-01-24,Store_C,Beverages,11.32,0,0,115
2023-01-25,Store_C,Beverages,12.18,1,0,126
2023-01-26,Store_C,Beverages,12.27,0,0,107
2023-01-27,Store_C,Beverages,11.37,0,0,98
2023-01-28,Store_C,Beverages,12.32,0,0,151
2023-01-29,Store_C,Beverages,12.22,0,0,155
2023-01-30,Store_C,Beverages,12.31,0,0,133
2023-01-31,Store_C,Beverages,12.46,0,0,113
2023-02-01,Store_C,Beverages,11.09,0,0,117
2023-02-02,Store_C,Beverages,12.19,0,0,109
2023-02-03,Store_C,Beverages,11.3,0,0,98
2023-02-04,Store_C,Beverages,11.13,1,0,162
2023-02-05,Store_C,Beverages,11.85,0,0,140
2023-02-06,Store_C,Beverages,11.26,0,0,137
2023-02-07,Store_C,Beverages,12.46,0,0,122
2023-02-08,Store_C,Beverages,12.95,0,0,85
2023-02-09,Store_C,Beverages,11.33,0,0,108
2023-02-10,Store_C,Beverages,11.84,0,0,108
2023-02-11,Store_C,Beverages,12.74,1,0,129
2023-02-12,Store_C,Beverages,11.86,1,0,162
2023-02-13,Store_C,Beverages,12.29,0,0,120
2023-02-14,Store_C,Beverages,11.93,0,0,109
2023-02-15,Store_C,Beverages,10.88,0,0,103
2023-02-16,Store_C,Beverages,12.09,0,0,89
2023-02-17,Store_C,Beverages,12.05,0,0,95
2023-02-18,Store_C,Beverages,10.83,0,0,125
2023-02-19,Store_C,Beverages,12.68,0,0,120
2023-02-20,Store_C,Beverages,12.85,0,0,114
2023-02-21,Store_C,Beverages,13.2,0,0,108
2023-02-22,Store_C,Beverages,12.15,0,0,95
2023-02-23,Store_C,Beverages,11.14,0,0,81
2023-02-24,Store_C,Beverages,11.33,0,0,93
2023-02-25,Store_C,Beverages,12.31,0,0,127
2023-02-26,Store_C,Beverages,12.44,0,0,132
2023-02-27,Store_C,Beverages,11.47,0,0,123
2023-02-28,Store_C,Beverages,11.06,0,0,148
2023-03-01,Store_C,Beverages,11.7,0,0,105
2023-03-02,Store_C,Beverages,11.32,0,0,103
2023-03-03,Store_C,Beverages,12.93,0,0,108
2023-03-04,Store_C,Beverages,12.03,0,0,140
2023-03-05,Store_C,Beverages,11.91,0,0,155
2023-03-06,Store_C,Beverages,12.09,0,0,142
2023-03-07,Store_C,Beverages,11.03,0,0,146
2023-03-08,Store_C,Beverages,11.23,0,0,127
2023-03-09,Store_C,Beverages,12.22,0,0,98
2023-03-10,Store_C,Beverages,12.13,0,0,103
2023-03-11,Store_C,Beverages,12.85,1,0,136
2023-03-12,Store_C,Beverages,11.74,0,0,161
2023-03-13,Store_C,Beverages,12.22,0,0,127
2023-03-14,Store_C,Beverages,11.82,0,0,123
2023-03-15,Store_C,Beverages,10.61,0,0,112
2023-03-16,Store_C,Beverages,12.2,0,0,77
2023-03-17,Store_C,Beverages,12.38,0,0,96
2023-03-18,Store_C,Beverages,12.48,1,0,145
2023-03-19,Store_C,Beverages,11.82,0,0,139
2023-03-20,Store_C,Beverages,11.66,0,0,121
2023-03-21,Store_C,Beverages,11.58,0,0,113
2023-03-22,Store_C,Beverages,12.24,0,0,109
2023-03-23,Store_C,Beverages,13.14,0,0,90
2023-03-24,Store_C,Beverages,12.46,0,0,85
2023-03-25,Store_C,Beverages,11.42,0,0,144
2023-03-26,Store_C,Beverages,12.68,0,0,138
2023-03-27,Store_C,Beverages,12.46,0,0,118
2023-03-28,Store_C,Beverages,11.35,0,0,112
2023-03-29,Store_C,Beverages,11.31,0,0,126
2023-03-30,Store_C,Beverages,11.5,0,0,93
2023-03-31,Store_C,Beverages,10.87,0,0,129
2023-04-01,Store_C,Beverages,13.11,0,0,121
2023-04-02,Store_C,Beverages,12.09,0,0,136
2023-04-03,Store_C,Beverages,13.63,0,0,126
2023-04-04,Store_C,Beverages,11.11,0,0,128
2023-04-05,Store_C,Beverages,11.82,0,0,109
2023-04-06,Store_C,Beverages,12.42,0,0,115
2023-04-07,Store_C,Beverages,12.52,1,0,120
2023-04-08,Store_C,Beverages,12.03,0,0,134
2023-04-09,Store_C,Beverages,12.56,1,0,176
2023-04-10,Store_C,Beverages,11.86,0,0,140
2023-04-11,Store_C,Beverages,13.41,0,0,112
2023-04-12,Store_C,Beverages,12.76,0,0,102
2023-04-13,Store_C,Beverages,11.5,0,0,76
2023-04-14,Store_C,Beverages,13.61,0,0,90
2023-04-15,Store_C,Beverages,12.02,0,0,124
2023-04-16,Store_C,Beverages,12.52,1,0,157
2023-04-17,Store_C,Beverages,9.92,0,0,119
2023-04-18,Store_C,Beverages,12.94,0,0,109
2023-04-19,Store_C,Beverages,13.0,0,0,88
2023-04-20,Store_C,Beverages,12.59,0,0,84
2023-04-21,Store_C,Beverages,11.77,0,0,97
2023-04-22,Store_C,Beverages,11.61,0,0,124
2023-04-23,Store_C,Beverages,10.71,1,0,175
2023-04-24,Store_C,Beverages,12.85,0,0,128
2023-04-25,Store_C,Beverages,12.28,0,0,129
2023-04-26,Store_C,Beverages,12.14,1,0,121
2023-04-27,Store_C,Beverages,13.07,1,0,112
2023-04-28,Store_C,Beverages,11.37,0,0,100
2023-04-29,Store_C,Beverages,11.59,0,0,137
2023-04-30,Store_C,Beverages,10.98,0,0,146
2023-05-01,Store_C,Beverages,13.4,0,0,130
2023-05-02,Store_C,Beverages,11.74,0,0,121
2023-05-03,Store_C,Beverages,12.17,0,0,99
2023-05-04,Store_C,Beverages,11.94,0,0,93
2023-05-05,Store_C,Beverages,11.01,1,0,138
2023-05-06,Store_C,Beverages,12.3,0,0,131
2023-05-07,Store_C,Beverages,13.56,1,0,168
2023-05-08,Store_C,Beverages,11.33,0,0,132
2023-05-09,Store_C,Beverages,11.6,0,0,116
2023-05-10,Store_C,Beverages,12.47,0,0,111
2023-05-11,Store_C,Beverages,12.6,1,0,103
2023-05-12,Store_C,Beverages,11.41,0,0,105
2023-05-13,Store_C,Beverages,12.69,0,0,137
2023-05-14,Store_C,Beverages,12.81,0,0,114
2023-05-15,Store_C,Beverages,12.04,0,0,122
2023-05-16,Store_C,Beverages,11.95,0,0,125
2023-05-17,Store_C,Beverages,11.39,0,0,98
2023-05-18,Store_C,Beverages,11.07,1,0,121
2023-05-19,Store_C,Beverages,11.16,0,0,99
2023-05-20,Store_C,Beverages,12.25,0,0,127
2023-05-21,Store_C,Beverages,11.89,0,0,130
2023-05-22,Store_C,Beverages,11.33,0,0,122
2023-05-23,Store_C,Beverages,11.84,0,0,116
2023-05-24,Store_C,Beverages,12.17,0,0,108
2023-05-25,Store_C,Beverages,11.75,0,0,117
2023-05-26,Store_C,Beverages,10.87,0,0,114
2023-05-27,Store_C,Beverages,11.96,0,0,127
2023-05-28,Store_C,Beverages,12.6,0,0,148
2023-05-29,Store_C,Beverages,10.68,0,0,130
2023-05-30,Store_C,Beverages,11.58,0,0,133
2023-05-31,Store_C,Beverages,12.0,0,0,102
2023-06-01,Store_C,Beverages,11.18,0,0,100
2023-06-02,Store_C,Beverages,11.53,0,0,126
2023-06-03,Store_C,Beverages,12.06,0,0,136
2023-06-04,Store_C,Beverages,12.11,0,0,150
2023-06-05,Store_C,Beverages,12.01,0,0,147
2023-06-06,Store_C,Beverages,11.63,0,0,129
2023-06-07,Store_C,Beverages,12.67,0,0,95
2023-06-08,Store_C,Beverages,13.1,0,0,101
2023-06-09,Store_C,Beverages,12.68,0,0,113
2023-06-10,Store_C,Beverages,12.37,0,0,115
2023-06-11,Store_C,Beverages,11.41,1,0,172
2023-06-12,Store_C,Beverages,12.15,0,0,119
2023-06-13,Store_C,Beverages,11.67,0,0,115
2023-06-14,Store_C,Beverages,11.12,0,0,122
2023-06-15,Store_C,Beverages,12.53,0,0,87
2023-06-16,Store_C,Beverages,12.35,0,0,96
2023-06-17,Store_C,Beverages,12.08,0,0,123
2023-06-18,Store_C,Beverages,11.75,0,0,153
2023-06-19,Store_C,Beverages,12.74,0,0,119
2023-06-20,Store_C,Beverages,12.37,0,0,109
2023-06-21,Store_C,Beverages,11.1,0,0,119
2023-06-22,Store_C,Beverages,13.37,1,0,113
2023-06-23,Store_C,Beverages,12.75,0,0,91
2023-06-24,Store_C,Beverages,12.29,1,0,156
2023-06-25,Store_C,Beverages,13.07,0,0,141
2023-06-26,Store_C,Beverages,12.82,1,0,151
2023-06-27,Store_C,Beverages,11.45,1,0,151
2023-06-28,Store_C,Beverages,12.66,0,0,114
2023-06-29,Store_C,Beverages,11.73,1,0,126
2023-06-30,Store_C,Beverages,12.62,0,0,106
2023-07-01,Store_C,Beverages,11.4,0,0,160
2023-07-02,Store_C,Beverages,12.01,0,0,143
2023-07-03,Store_C,Beverages,12.12,1,0,152
2023-07-04,Store_C,Beverages,13.67,0,0,109
2023-07-05,Store_C,Beverages,10.71,0,0,131
2023-07-06,Store_C,Beverages,11.58,0,0,106
2023-07-07,Store_C,Beverages,12.41,0,0,98
2023-07-08,Store_C,Beverages,12.98,0,0,129
2023-07-09,Store_C,Beverages,10.56,0,0,151
2023-07-10,Store_C,Beverages,11.77,1,0,152
2023-07-11,Store_C,Beverages,11.44,0,0,120
2023-07-12,Store_C,Beverages,11.98,1,0,109
2023-07-13,Store_C,Beverages,11.9,0,0,92
2023-07-14,Store_C,Beverages,11.87,0,0,105
2023-07-15,Store_C,Beverages,12.32,0,0,124
2023-07-16,Store_C,Beverages,13.15,0,0,117
2023-07-17,Store_C,Beverages,11.86,0,0,111
2023-07-18,Store_C,Beverages,12.58,1,0,127
2023-07-19,Store_C,Beverages,11.35,0,0,113
2023-07-20,Store_C,Beverages,11.71,0,0,99
2023-07-21,Store_C,Beverages,12.24,0,0,96
2023-07-22,Store_C,Beverages,11.77,0,0,119
2023-07-23,Store_C,Beverages,13.0,0,0,127
2023-07-24,Store_C,Beverages,10.39,0,0,137
2023-07-25,Store_C,Beverages,10.8,0,0,115
2023-07-26,Store_C,Beverages,12.35,0,0,108
2023-07-27,Store_C,Beverages,11.87,0,0,105
2023-07-28,Store_C,Beverages,12.49,0,0,102
2023-07-29,Store_C,Beverages,11.74,0,0,136
2023-07-30,Store_C,Beverages,12.11,1,0,186
2023-07-31,Store_C,Beverages,11.13,0,0,154
2023-08-01,Store_C,Beverages,13.07,0,0,139
2023-08-02,Store_C,Beverages,11.56,0,0,123
2023-08-03,Store_C,Beverages,12.55,0,0,107
2023-08-04,Store_C,Beverages,11.9,1,0,128
2023-08-05,Store_C,Beverages,11.04,1,0,171
2023-08-06,Store_C,Beverages,12.66,0,0,152
2023-08-07,Store_C,Beverages,12.27,1,0,148
2023-08-08,Store_C,Beverages,11.33,0,0,115
2023-08-09,Store_C,Beverages,11.42,0,0,104
2023-08-10,Store_C,Beverages,13.31,0,0,98
2023-08-11,Store_C,Beverages,11.09,1,0,135
2023-08-12,Store_C,Beverages,11.52,1,0,163
2023-08-13,Store_C,Beverages,12.07,1,0,151
2023-08-14,Store_C,Beverages,12.19,0,0,129
2023-08-15,Store_C,Beverages,11.91,0,0,118
2023-08-16,Store_C,Beverages,12.11,0,0,94
2023-08-17,Store_C,Beverages,12.5,1,0,106
2023-08-18,Store_C,Beverages,12.35,1,0,110
2023-08-19,Store_C,Beverages,10.18,1,0,164
2023-08-20,Store_C,Beverages,12.2,0,0,133
2023-08-21,Store_C,Beverages,12.7,0,0,119
2023-08-22,Store_C,Beverages,11.74,1,0,128
2023-08-23,Store_C,Beverages,11.43,0,0,117
2023-08-24,Store_C,Beverages,11.62,0,0,107
2023-08-25,Store_C,Beverages,12.8,0,0,104
2023-08-26,Store_C,Beverages,11.38,0,0,131
2023-08-27,Store_C,Beverages,12.03,1,0,172
2023-08-28,Store_C,Beverages,12.12,0,0,135
2023-08-29,Store_C,Beverages,11.09,0,0,120
2023-08-30,Store_C,Beverages,12.55,0,0,119
2023-08-31,Store_C,Beverages,11.44,0,0,126
2023-09-01,Store_C,Beverages,12.15,0,0,127
2023-09-02,Store_C,Beverages,11.4,0,0,143
2023-09-03,Store_C,Beverages,12.31,0,0,149
2023-09-04,Store_C,Beverages,12.3,0,0,134
2023-09-05,Store_C,Beverages,11.4,1,0,154
2023-09-06,Store_C,Beverages,11.5,0,0,135
2023-09-07,Store_C,Beverages,12.0,0,0,103
2023-09-08,Store_C,Beverages,11.89,0,0,109
2023-09-09,Store_C,Beverages,11.57,0,0,140
2023-09-10,Store_C,Beverages,11.28,0,0,161
2023-09-11,Store_C,Beverages,12.16,0,0,121
2023-09-12,Store_C,Beverages,12.65,0,0,107
2023-09-13,Store_C,Beverages,11.64,0,0,109
2023-09-14,Store_C,Beverages,12.75,0,0,103
2023-09-15,Store_C,Beverages,12.27,0,0,106
2023-09-16,Store_C,Beverages,11.51,1,0,157
2023-09-17,Store_C,Beverages,12.77,0,0,137
2023-09-18,Store_C,Beverages,11.32,0,0,112
2023-09-19,Store_C,Beverages,12.06,0,0,110
2023-09-20,Store_C,Beverages,11.13,0,0,126
2023-09-21,Store_C,Beverages,10.56,0,0,96
2023-09-22,Store_C,Beverages,11.18,0,0,105
2023-09-23,Store_C,Beverages,12.74,0,0,133
2023-09-24,Store_C,Beverages,11.1,0,0,147
2023-09-25,Store_C,Beverages,11.5,0,0,145
2023-09-26,Store_C,Beverages,12.38,0,0,124
2023-09-27,Store_C,Beverages,11.93,0,0,107
2023-09-28,Store_C,Beverages,12.58,0,0,129
2023-09-29,Store_C,Beverages,12.42,0,0,122
2023-09-30,Store_C,Beverages,11.9,1,0,160
2023-10-01,Store_C,Beverages,11.57,0,0,160
2023-10-02,Store_C,Beverages,12.5,0,0,144
2023-10-03,Store_C,Beverages,12.33,0,0,118
2023-10-04,Store_C,Beverages,10.97,0,0,121
2023-10-05,Store_C,Beverages,12.09,0,0,120
2023-10-06,Store_C,Beverages,12.46,0,0,110
2023-10-07,Store_C,Beverages,12.35,0,0,143
2023-10-08,Store_C,Beverages,11.08,0,0,149
2023-10-09,Store_C,Beverages,12.45,0,0,133
2023-10-10,Store_C,Beverages,11.74,0,0,122
2023-10-11,Store_C,Beverages,12.25,0,0,119
2023-10-12,Store_C,Beverages,12.38,0,0,96
2023-10-13,Store_C,Beverages,12.87,0,0,99
2023-10-14,Store_C,Beverages,10.22,0,0,133
2023-10-15,Store_C,Beverages,11.44,0,0,137
2023-10-16,Store_C,Beverages,12.66,0,0,125
2023-10-17,Store_C,Beverages,11.8,1,0,140
2023-10-18,Store_C,Beverages,12.61,0,0,104
2023-10-19,Store_C,Beverages,11.68,0,0,96
2023-10-20,Store_C,Beverages,12.11,0,0,100
2023-10-21,Store_C,Beverages,11.2,0,0,140
2023-10-22,Store_C,Beverages,9.9,1,0,172
2023-10-23,Store_C,Beverages,12.41,0,0,125
2023-10-24,Store_C,Beverages,11.55,0,0,127
2023-10-25,Store_C,Beverages,11.3,0,0,115
2023-10-26,Store_C,Beverages,10.99,0,0,104
2023-10-27,Store_C,Beverages,12.4,1,0,127
2023-10-28,Store_C,Beverages,12.67,0,0,137
2023-10-29,Store_C,Beverages,13.09,0,0,133
2023-10-30,Store_C,Beverages,11.03,0,0,147
2023-10-31,Store_C,Beverages,11.49,1,0,160
2023-11-01,Store_C,Beverages,11.82,0,0,102
2023-11-02,Store_C,Beverages,12.98,1,0,138
2023-11-03,Store_C,Beverages,11.6,0,0,109
2023-11-04,Store_C,Beverages,11.81,0,0,122
2023-11-05,Store_C,Beverages,10.96,0,0,149
2023-11-06,Store_C,Beverages,12.86,0,0,144
2023-11-07,Store_C,Beverages,11.02,0,0,138
2023-11-08,Store_C,Beverages,12.09,0,0,124
2023-11-09,Store_C,Beverages,13.26,0,0,83
2023-11-10,Store_C,Beverages,12.77,0,0,110
2023-11-11,Store_C,Beverages,10.79,0,0,141
2023-11-12,Store_C,Beverages,12.58,0,0,122
2023-11-13,Store_C,Beverages,11.57,0,0,112
2023-11-14,Store_C,Beverages,11.43,0,0,121
2023-11-15,Store_C,Beverages,12.26,0,0,106
2023-11-16,Store_C,Beverages,12.82,0,0,96
2023-11-17,Store_C,Beverages,11.14,0,0,103
2023-11-18,Store_C,Beverages,12.93,0,0,124
2023-11-19,Store_C,Beverages,11.16,0,0,142
2023-11-20,Store_C,Beverages,12.09,0,1,163
2023-11-21,Store_C,Beverages,11.81,0,1,159
2023-11-22,Store_C,Beverages,11.25,1,1,171
2023-11-23,Store_C,Beverages,11.5,0,1,134
2023-11-24,Store_C,Beverages,11.81,0,1,145
2023-11-25,Store_C,Beverages,11.61,0,1,194
2023-11-26,Store_C,Beverages,11.51,1,1,224
2023-11-27,Store_C,Beverages,11.6,0,1,178
2023-11-28,Store_C,Beverages,11.8,0,1,164
2023-11-29,Store_C,Beverages,11.12,0,1,161
2023-11-30,Store_C,Beverages,12.65,0,1,139
2023-12-01,Store_C,Beverages,12.58,0,0,115
2023-12-02,Store_C,Beverages,12.36,0,0,148
2023-12-03,Store_C,Beverages,11.73,1,0,187
2023-12-04,Store_C,Beverages,12.63,0,0,148
2023-12-05,Store_C,Beverages,11.58,1,0,157
2023-12-06,Store_C,Beverages,13.99,0,0,122
2023-12-07,Store_C,Beverages,12.49,0,0,99
2023-12-08,Store_C,Beverages,12.25,1,0,124
2023-12-09,Store_C,Beverages,11.23,0,0,141
2023-12-10,Store_C,Beverages,12.32,0,0,139
2023-12-11,Store_C,Beverages,12.33,0,0,131
2023-12-12,Store_C,Beverages,12.67,1,0,130
2023-12-13,Store_C,Beverages,11.56,0,0,104
2023-12-14,Store_C,Beverages,12.55,1,0,121
2023-12-15,Store_C,Beverages,12.7,1,0,108
2023-12-16,Store_C,Beverages,11.7,0,0,132
2023-12-17,Store_C,Beverages,12.87,0,0,139
2023-12-18,Store_C,Beverages,12.63,0,0,140
2023-12-19,Store_C,Beverages,12.32,1,0,138
2023-12-20,Store_C,Beverages,11.14,0,1,149
2023-12-21,Store_C,Beverages,13.68,0,1,139
2023-12-22,Store_C,Beverages,12.29,0,1,137
2023-12-23,Store_C,Beverages,11.2,0,1,163
2023-12-24,Store_C,Beverages,12.61,0,1,175
2023-12-25,Store_C,Beverages,12.84,0,1,171
2023-12-26,Store_C,Beverages,12.27,1,1,195
2023-12-27,Store_C,Beverages,12.2,0,1,162
2023-12-28,Store_C,Beverages,12.86,0,1,154
2023-12-29,Store_C,Beverages,11.19,0,1,158
2023-12-30,Store_C,Beverages,12.61,0,1,184
2023-12-31,Store_C,Beverages,11.52,0,1,204
2022-01-01,Store_C,Snacks,14.24,0,0,117
2022-01-02,Store_C,Snacks,15.1,0,0,124
2022-01-03,Store_C,Snacks,13.52,0,0,89
2022-01-04,Store_C,Snacks,14.15,0,0,97
2022-01-05,Store_C,Snacks,14.17,0,0,100
2022-01-06,Store_C,Snacks,14.71,1,0,113
2022-01-07,Store_C,Snacks,13.34,0,0,100
2022-01-08,Store_C,Snacks,14.84,0,0,131
2022-01-09,Store_C,Snacks,13.68,0,0,137
2022-01-10,Store_C,Snacks,14.74,1,0,143
2022-01-11,Store_C,Snacks,13.54,0,0,121
2022-01-12,Store_C,Snacks,14.08,0,0,92
2022-01-13,Store_C,Snacks,15.11,1,0,94
2022-01-14,Store_C,Snacks,13.14,0,0,97
2022-01-15,Store_C,Snacks,13.94,0,0,120
2022-01-16,Store_C,Snacks,14.55,1,0,155
2022-01-17,Store_C,Snacks,13.62,0,0,125
2022-01-18,Store_C,Snacks,14.0,0,0,100
2022-01-19,Store_C,Snacks,14.02,0,0,77
2022-01-20,Store_C,Snacks,13.28,0,0,80
2022-01-21,Store_C,Snacks,13.56,0,0,73
2022-01-22,Store_C,Snacks,13.55,0,0,106
2022-01-23,Store_C,Snacks,14.8,1,0,134
2022-01-24,Store_C,Snacks,13.77,0,0,97
2022-01-25,Store_C,Snacks,13.41,0,0,100
2022-01-26,Store_C,Snacks,13.52,0,0,79
2022-01-27,Store_C,Snacks,13.87,0,0,74
2022-01-28,Store_C,Snacks,14.19,0,0,96
2022-01-29,Store_C,Snacks,14.22,0,0,108
2022-01-30,Store_C,Snacks,14.01,1,0,145
2022-01-31,Store_C,Snacks,14.28,0,0,92
2022-02-01,Store_C,Snacks,13.75,0,0,98
2022-02-02,Store_C,Snacks,14.13,0,0,87
2022-02-03,Store_C,Snacks,13.96,1,0,110
2022-02-04,Store_C,Snacks,14.09,0,0,92
2022-02-05,Store_C,Snacks,13.58,0,0,124
2022-02-06,Store_C,Snacks,13.71,0,0,136
2022-02-07,Store_C,Snacks,14.78,0,0,108
2022-02-08,Store_C,Snacks,13.15,0,0,110
2022-02-09,Store_C,Snacks,13.85,0,0,90
2022-02-10,Store_C,Snacks,13.9,0,0,93
2022-02-11,Store_C,Snacks,13.15,0,0,99
2022-02-12,Store_C,Snacks,14.29,0,0,124
2022-02-13,Store_C,Snacks,13.86,0,0,123
2022-02-14,Store_C,Snacks,14.76,0,0,115
2022-02-15,Store_C,Snacks,13.43,0,0,108
2022-02-16,Store_C,Snacks,14.27,0,0,85
2022-02-17,Store_C,Snacks,14.19,0,0,66
2022-02-18,Store_C,Snacks,14.96,0,0,70
2022-02-19,Store_C,Snacks,14.82,0,0,110
2022-02-20,Store_C,Snacks,12.87,0,0,122
2022-02-21,Store_C,Snacks,15.03,0,0,98
2022-02-22,Store_C,Snacks,14.23,0,0,89
2022-02-23,Store_C,Snacks,13.08,0,0,75
2022-02-24,Store_C,Snacks,13.81,1,0,95
2022-02-25,Store_C,Snacks,13.32,0,0,106
2022-02-26,Store_C,Snacks,14.06,0,0,114
2022-02-27,Store_C,Snacks,13.74,0,0,125
2022-02-28,Store_C,Snacks,14.73,0,0,94
2022-03-01,Store_C,Snacks,14.73,1,0,120
2022-03-02,Store_C,Snacks,13.15,0,0,89
2022-03-03,Store_C,Snacks,14.41,0,0,85
2022-03-04,Store_C,Snacks,14.31,1,0,113
2022-03-05,Store_C,Snacks,13.49,0,0,142
2022-03-06,Store_C,Snacks,14.6,0,0,123
2022-03-07,Store_C,Snacks,13.68,0,0,109
2022-03-08,Store_C,Snacks,15.51,0,0,101
2022-03-09,Store_C,Snacks,13.69,0,0,102
2022-03-10,Store_C,Snacks,13.6,0,0,99
2022-03-11,Store_C,Snacks,14.17,0,0,95
2022-03-12,Store_C,Snacks,13.74,1,0,142
2022-03-13,Store_C,Snacks,14.51,0,0,130
2022-03-14,Store_C,Snacks,14.78,1,0,140
2022-03-15,Store_C,Snacks,14.11,0,0,110
2022-03-16,Store_C,Snacks,14.5,0,0,103
2022-03-17,Store_C,Snacks,14.61,0,0,85
2022-03-18,Store_C,Snacks,13.33,0,0,77
2022-03-19,Store_C,Snacks,13.66,0,0,104
2022-03-20,Store_C,Snacks,13.5,0,0,120
2022-03-21,Store_C,Snacks,14.84,0,0,104
2022-03-22,Store_C,Snacks,13.48,0,0,107
2022-03-23,Store_C,Snacks,13.66,0,0,85
2022-03-24,Store_C,Snacks,14.27,0,0,72
2022-03-25,Store_C,Snacks,12.81,0,0,86
2022-03-26,Store_C,Snacks,14.43,0,0,100
2022-03-27,Store_C,Snacks,13.86,0,0,125
2022-03-28,Store_C,Snacks,14.65,0,0,109
2022-03-29,Store_C,Snacks,14.1,1,0,124
2022-03-30,Store_C,Snacks,14.41,0,0,95
2022-03-31,Store_C,Snacks,13.45,1,0,95
2022-04-01,Store_C,Snacks,13.93,0,0,86
2022-04-02,Store_C,Snacks,14.64,0,0,114
2022-04-03,Store_C,Snacks,13.49,0,0,135
2022-04-04,Store_C,Snacks,14.14,1,0,145
2022-04-05,Store_C,Snacks,13.61,0,0,125
2022-04-06,Store_C,Snacks,14.59,0,0,93
2022-04-07,Store_C,Snacks,14.53,0,0,107
2022-04-08,Store_C,Snacks,13.45,1,0,108
2022-04-09,Store_C,Snacks,12.67,0,0,146
2022-04-10,Store_C,Snacks,14.07,0,0,130
2022-04-11,Store_C,Snacks,13.21,0,0,129
2022-04-12,Store_C,Snacks,15.21,0,0,89
2022-04-13,Store_C,Snacks,15.06,0,0,93
2022-04-14,Store_C,Snacks,13.3,0,0,97
2022-04-15,Store_C,Snacks,13.18,0,0,98
2022-04-16,Store_C,Snacks,13.71,0,0,120
2022-04-17,Store_C,Snacks,13.94,1,0,148
2022-04-18,Store_C,Snacks,12.73,0,0,119
2022-04-19,Store_C,Snacks,13.37,0,0,101
2022-04-20,Store_C,Snacks,14.06,0,0,85
2022-04-21,Store_C,Snacks,13.35,1,0,98
2022-04-22,Store_C,Snacks,14.73,0,0,84
2022-04-23,Store_C,Snacks,14.08,0,0,108
2022-04-24,Store_C,Snacks,14.67,0,0,124
2022-04-25,Store_C,Snacks,12.7,1,0,134
2022-04-26,Store_C,Snacks,14.84,0,0,92
2022-04-27,Store_C,Snacks,14.55,0,0,93
2022-04-28,Store_C,Snacks,14.64,0,0,75
2022-04-29,Store_C,Snacks,15.52,0,0,86
2022-04-30,Store_C,Snacks,14.42,0,0,121
2022-05-01,Store_C,Snacks,15.62,0,0,128
2022-05-02,Store_C,Snacks,15.78,0,0,114
2022-05-03,Store_C,Snacks,13.98,0,0,112
2022-05-04,Store_C,Snacks,13.48,0,0,95
2022-05-05,Store_C,Snacks,14.17,1,0,132
2022-05-06,Store_C,Snacks,13.53,0,0,94
2022-05-07,Store_C,Snacks,12.95,0,0,123
2022-05-08,Store_C,Snacks,13.06,0,0,146
2022-05-09,Store_C,Snacks,13.92,1,0,143
2022-05-10,Store_C,Snacks,13.96,0,0,132
2022-05-11,Store_C,Snacks,13.55,1,0,113
2022-05-12,Store_C,Snacks,14.93,0,0,92
2022-05-13,Store_C,Snacks,12.46,0,0,100
2022-05-14,Store_C,Snacks,13.34,0,0,133
2022-05-15,Store_C,Snacks,14.46,0,0,126
2022-05-16,Store_C,Snacks,14.79,1,0,138
2022-05-17,Store_C,Snacks,14.68,0,0,98
2022-05-18,Store_C,Snacks,13.44,0,0,101
2022-05-19,Store_C,Snacks,15.13,0,0,81
2022-05-20,Store_C,Snacks,13.15,0,0,84
2022-05-21,Store_C,Snacks,14.35,0,0,111
2022-05-22,Store_C,Snacks,13.37,1,0,142
2022-05-23,Store_C,Snacks,15.07,1,0,129
2022-05-24,Store_C,Snacks,14.44,0,0,88
2022-05-25,Store_C,Snacks,13.13,0,0,102
2022-05-26,Store_C,Snacks,13.29,0,0,91
2022-05-27,Store_C,Snacks,13.52,0,0,73
2022-05-28,Store_C,Snacks,13.4,0,0,115
2022-05-29,Store_C,Snacks,13.78,0,0,139
2022-05-30,Store_C,Snacks,14.99,0,0,117
2022-05-31,Store_C,Snacks,13.9,0,0,114
2022-06-01,Store_C,Snacks,15.31,0,0,75
2022-06-02,Store_C,Snacks,14.34,0,0,106
2022-06-03,Store_C,Snacks,14.57,0,0,99
2022-06-04,Store_C,Snacks,14.85,0,0,119
2022-06-05,Store_C,Snacks,14.15,0,0,140
2022-06-06,Store_C,Snacks,13.75,1,0,164
2022-06-07,Store_C,Snacks,14.38,0,0,111
2022-06-08,Store_C,Snacks,14.33,1,0,134
2022-06-09,Store_C,Snacks,13.26,0,0,102
2022-06-10,Store_C,Snacks,13.19,0,0,98
2022-06-11,Store_C,Snacks,14.78,0,0,126
2022-06-12,Store_C,Snacks,13.88,0,0,143
2022-06-13,Store_C,Snacks,14.09,0,0,120
2022-06-14,Store_C,Snacks,13.59,0,0,110
2022-06-15,Store_C,Snacks,14.17,0,0,88
2022-06-16,Store_C,Snacks,14.33,0,0,92
2022-06-17,Store_C,Snacks,14.59,0,0,92
2022-06-18,Store_C,Snacks,14.03,0,0,120
2022-06-19,Store_C,Snacks,12.75,0,0,129
2022-06-20,Store_C,Snacks,13.6,0,0,98
2022-06-21,Store_C,Snacks,13.18,0,0,93
2022-06-22,Store_C,Snacks,14.66,0,0,69
2022-06-23,Store_C,Snacks,15.5,0,0,82
2022-06-24,Store_C,Snacks,13.32,1,0,108
2022-06-25,Store_C,Snacks,15.16,0,0,110
2022-06-26,Store_C,Snacks,14.2,0,0,114
2022-06-27,Store_C,Snacks,14.93,0,0,100
2022-06-28,Store_C,Snacks,14.34,0,0,98
2022-06-29,Store_C,Snacks,14.29,1,0,97
2022-06-30,Store_C,Snacks,16.26,0,0,80
2022-07-01,Store_C,Snacks,14.52,0,0,93
2022-07-02,Store_C,Snacks,14.04,0,0,134
2022-07-03,Store_C,Snacks,13.51,0,0,135
2022-07-04,Store_C,Snacks,14.08,0,0,141
2022-07-05,Store_C,Snacks,12.94,0,0,120
2022-07-06,Store_C,Snacks,14.67,1,0,130
2022-07-07,Store_C,Snacks,13.92,0,0,90
2022-07-08,Store_C,Snacks,14.93,0,0,106
2022-07-09,Store_C,Snacks,14.89,1,0,133
2022-07-10,Store_C,Snacks,14.19,0,0,147
2022-07-11,Store_C,Snacks,14.77,0,0,113
2022-07-12,Store_C,Snacks,13.4,0,0,121
2022-07-13,Store_C,Snacks,13.6,0,0,106
2022-07-14,Store_C,Snacks,14.32,1,0,113
2022-07-15,Store_C,Snacks,15.01,0,0,86
2022-07-16,Store_C,Snacks,15.05,0,0,106
2022-07-17,Store_C,Snacks,14.61,0,0,128
2022-07-18,Store_C,Snacks,15.32,0,0,102
2022-07-19,Store_C,Snacks,13.45,0,0,119
2022-07-20,Store_C,Snacks,13.64,0,0,105
2022-07-21,Store_C,Snacks,14.59,0,0,78
2022-07-22,Store_C,Snacks,14.3,1,0,94
2022-07-23,Store_C,Snacks,13.27,0,0,111
2022-07-24,Store_C,Snacks,13.48,0,0,143
2022-07-25,Store_C,Snacks,14.05,0,0,94
2022-07-26,Store_C,Snacks,14.64,0,0,100
2022-07-27,Store_C,Snacks,13.76,0,0,99
2022-07-28,Store_C,Snacks,14.41,0,0,95
2022-07-29,Store_C,Snacks,14.03,0,0,91
2022-07-30,Store_C,Snacks,13.0,0,0,118
2022-07-31,Store_C,Snacks,13.95,0,0,151
2022-08-01,Store_C,Snacks,13.88,0,0,116
2022-08-02,Store_C,Snacks,14.82,0,0,104
2022-08-03,Store_C,Snacks,12.97,0,0,126
2022-08-04,Store_C,Snacks,13.67,1,0,127
2022-08-05,Store_C,Snacks,14.08,0,0,93
2022-08-06,Store_C,Snacks,14.93,1,0,153
2022-08-07,Store_C,Snacks,14.55,0,0,153
2022-08-08,Store_C,Snacks,13.86,0,0,124
2022-08-09,Store_C,Snacks,14.29,1,0,143
2022-08-10,Store_C,Snacks,14.1,0,0,121
2022-08-11,Store_C,Snacks,13.48,0,0,101
2022-08-12,Store_C,Snacks,12.49,0,0,98
2022-08-13,Store_C,Snacks,14.1,0,0,127
2022-08-14,Store_C,Snacks,13.03,0,0,127
2022-08-15,Store_C,Snacks,13.71,0,0,106
2022-08-16,Store_C,Snacks,14.96,0,0,110
2022-08-17,Store_C,Snacks,13.04,0,0,104
2022-08-18,Store_C,Snacks,14.4,0,0,105
2022-08-19,Store_C,Snacks,12.65,0,0,86
2022-08-20,Store_C,Snacks,13.88,0,0,117
2022-08-21,Store_C,Snacks,14.18,1,0,140
2022-08-22,Store_C,Snacks,14.13,0,0,103
2022-08-23,Store_C,Snacks,12.74,0,0,101
2022-08-24,Store_C,Snacks,14.52,0,0,96
2022-08-25,Store_C,Snacks,12.93,0,0,80
2022-08-26,Store_C,Snacks,15.41,0,0,69
2022-08-27,Store_C,Snacks,14.85,0,0,117
2022-08-28,Store_C,Snacks,14.03,0,0,124
2022-08-29,Store_C,Snacks,13.84,0,0,124
2022-08-30,Store_C,Snacks,13.16,1,0,146
2022-08-31,Store_C,Snacks,14.69,0,0,100
2022-09-01,Store_C,Snacks,14.83,0,0,101
2022-09-02,Store_C,Snacks,13.79,1,0,120
2022-09-03,Store_C,Snacks,14.86,0,0,136
2022-09-04,Store_C,Snacks,14.51,0,0,140
2022-09-05,Store_C,Snacks,13.17,0,0,128
2022-09-06,Store_C,Snacks,14.12,0,0,121
2022-09-07,Store_C,Snacks,14.86,0,0,94
2022-09-08,Store_C,Snacks,14.55,0,0,98
2022-09-09,Store_C,Snacks,13.19,0,0,99
2022-09-10,Store_C,Snacks,13.67,0,0,126
2022-09-11,Store_C,Snacks,13.52,0,0,134
2022-09-12,Store_C,Snacks,14.06,1,0,140
2022-09-13,Store_C,Snacks,13.73,0,0,108
2022-09-14,Store_C,Snacks,14.3,0,0,91
2022-09-15,Store_C,Snacks,15.44,0,0,93
2022-09-16,Store_C,Snacks,13.43,0,0,93
2022-09-17,Store_C,Snacks,12.93,0,0,122
2022-09-18,Store_C,Snacks,12.93,0,0,116
2022-09-19,Store_C,Snacks,13.33,0,0,117
2022-09-20,Store_C,Snacks,15.03,1,0,122
2022-09-21,Store_C,Snacks,14.69,0,0,78
2022-09-22,Store_C,Snacks,14.33,0,0,85
2022-09-23,Store_C,Snacks,14.91,0,0,72
2022-09-24,Store_C,Snacks,13.34,0,0,120
2022-09-25,Store_C,Snacks,13.66,0,0,127
2022-09-26,Store_C,Snacks,15.38,0,0,122
2022-09-27,Store_C,Snacks,13.31,0,0,115
2022-09-28,Store_C,Snacks,13.58,0,0,114
2022-09-29,Store_C,Snacks,12.72,0,0,105
2022-09-30,Store_C,Snacks,12.23,0,0,97
2022-10-01,Store_C,Snacks,14.65,0,0,129
2022-10-02,Store_C,Snacks,14.16,1,0,158
2022-10-03,Store_C,Snacks,14.27,0,0,130
2022-10-04,Store_C,Snacks,13.75,1,0,150
2022-10-05,Store_C,Snacks,15.29,1,0,122
2022-10-06,Store_C,Snacks,13.77,0,0,102
2022-10-07,Store_C,Snacks,13.83,1,0,133
2022-10-08,Store_C,Snacks,14.18,0,0,114
2022-10-09,Store_C,Snacks,14.61,1,0,164
2022-10-10,Store_C,Snacks,14.75,0,0,108
2022-10-11,Store_C,Snacks,13.11,0,0,123
2022-10-12,Store_C,Snacks,13.87,0,0,103
2022-10-13,Store_C,Snacks,13.06,0,0,90
2022-10-14,Store_C,Snacks,15.07,0,0,110
2022-10-15,Store_C,Snacks,13.98,0,0,111
2022-10-16,Store_C,Snacks,13.62,0,0,136
2022-10-17,Store_C,Snacks,14.07,1,0,135
2022-10-18,Store_C,Snacks,15.91,0,0,93
2022-10-19,Store_C,Snacks,14.28,0,0,77
2022-10-20,Store_C,Snacks,13.85,1,0,103
2022-10-21,Store_C,Snacks,14.21,0,0,97
2022-10-22,Store_C,Snacks,13.89,0,0,124
2022-10-23,Store_C,Snacks,14.76,0,0,125
2022-10-24,Store_C,Snacks,13.43,0,0,116
2022-10-25,Store_C,Snacks,14.56,0,0,90
2022-10-26,Store_C,Snacks,14.76,0,0,94
2022-10-27,Store_C,Snacks,14.04,0,0,100
2022-10-28,Store_C,Snacks,13.99,0,0,98
2022-10-29,Store_C,Snacks,14.09,1,0,159
2022-10-30,Store_C,Snacks,13.77,0,0,141
2022-10-31,Store_C,Snacks,15.34,0,0,125
2022-11-01,Store_C,Snacks,16.56,0,0,113
2022-11-02,Store_C,Snacks,13.46,0,0,104
2022-11-03,Store_C,Snacks,14.51,1,0,129
2022-11-04,Store_C,Snacks,13.55,0,0,97
2022-11-05,Store_C,Snacks,13.23,0,0,149
2022-11-06,Store_C,Snacks,12.91,0,0,157
2022-11-07,Store_C,Snacks,13.89,0,0,117
2022-11-08,Store_C,Snacks,14.66,0,0,119
2022-11-09,Store_C,Snacks,14.89,0,0,100
2022-11-10,Store_C,Snacks,14.61,0,0,101
2022-11-11,Store_C,Snacks,14.83,0,0,94
2022-11-12,Store_C,Snacks,14.37,0,0,115
2022-11-13,Store_C,Snacks,15.47,0,0,123
2022-11-14,Store_C,Snacks,13.32,0,0,127
2022-11-15,Store_C,Snacks,12.91,0,0,106
2022-11-16,Store_C,Snacks,13.06,0,0,106
2022-11-17,Store_C,Snacks,13.55,0,0,83
2022-11-18,Store_C,Snacks,14.14,0,0,84
2022-11-19,Store_C,Snacks,13.49,0,0,115
2022-11-20,Store_C,Snacks,12.92,0,1,159
2022-11-21,Store_C,Snacks,13.06,0,1,142
2022-11-22,Store_C,Snacks,14.94,0,1,141
2022-11-23,Store_C,Snacks,14.88,0,1,126
2022-11-24,Store_C,Snacks,14.65,0,1,129
2022-11-25,Store_C,Snacks,12.88,0,1,140
2022-11-26,Store_C,Snacks,14.3,1,1,179
2022-11-27,Store_C,Snacks,13.5,1,1,179
2022-11-28,Store_C,Snacks,13.66,0,1,155
2022-11-29,Store_C,Snacks,14.25,0,1,150
2022-11-30,Store_C,Snacks,14.6,0,1,133
2022-12-01,Store_C,Snacks,13.69,1,0,131
2022-12-02,Store_C,Snacks,14.97,1,0,124
2022-12-03,Store_C,Snacks,14.12,0,0,125
2022-12-04,Store_C,Snacks,14.36,0,0,151
2022-12-05,Store_C,Snacks,13.84,0,0,130
2022-12-06,Store_C,Snacks,13.82,1,0,154
2022-12-07,Store_C,Snacks,14.31,0,0,110
2022-12-08,Store_C,Snacks,13.88,0,0,117
2022-12-09,Store_C,Snacks,14.14,1,0,120
2022-12-10,Store_C,Snacks,13.43,0,0,123
2022-12-11,Store_C,Snacks,14.14,0,0,151
2022-12-12,Store_C,Snacks,14.53,0,0,113
2022-12-13,Store_C,Snacks,14.58,0,0,111
2022-12-14,Store_C,Snacks,13.58,1,0,125
2022-12-15,Store_C,Snacks,12.42,0,0,97
2022-12-16,Store_C,Snacks,14.73,1,0,109
2022-12-17,Store_C,Snacks,14.01,0,0,120
2022-12-18,Store_C,Snacks,12.89,0,0,127
2022-12-19,Store_C,Snacks,13.74,0,0,113
2022-12-20,Store_C,Snacks,13.71,0,1,142
2022-12-21,Store_C,Snacks,13.56,1,1,159
2022-12-22,Store_C,Snacks,13.35,0,1,133
2022-12-23,Store_C,Snacks,13.27,0,1,117
2022-12-24,Store_C,Snacks,14.35,0,1,152
2022-12-25,Store_C,Snacks,14.53,0,1,161
2022-12-26,Store_C,Snacks,14.88,1,1,172
2022-12-27,Store_C,Snacks,13.72,0,1,144
2022-12-28,Store_C,Snacks,13.99,0,1,151
2022-12-29,Store_C,Snacks,14.85,0,1,144
2022-12-30,Store_C,Snacks,14.55,0,1,141
2022-12-31,Store_C,Snacks,13.75,0,1,169
2023-01-01,Store_C,Snacks,13.12,0,0,146
2023-01-02,Store_C,Snacks,13.21,0,0,130
2023-01-03,Store_C,Snacks,12.95,0,0,125
2023-01-04,Store_C,Snacks,14.35,0,0,115
2023-01-05,Store_C,Snacks,12.75,0,0,112
2023-01-06,Store_C,Snacks,13.61,0,0,105
2023-01-07,Store_C,Snacks,14.28,0,0,134
2023-01-08,Store_C,Snacks,14.24,0,0,147
2023-01-09,Store_C,Snacks,13.45,0,0,134
2023-01-10,Store_C,Snacks,14.68,0,0,114
2023-01-11,Store_C,Snacks,13.58,0,0,105
2023-01-12,Store_C,Snacks,13.92,1,0,125
2023-01-13,Store_C,Snacks,14.15,0,0,93
2023-01-14,Store_C,Snacks,14.12,1,0,150
2023-01-15,Store_C,Snacks,13.74,0,0,126
2023-01-16,Store_C,Snacks,12.92,0,0,120
2023-01-17,Store_C,Snacks,13.83,0,0,112
2023-01-18,Store_C,Snacks,13.04,0,0,100
2023-01-19,Store_C,Snacks,14.55,0,0,79
2023-01-20,Store_C,Snacks,14.53,0,0,86
2023-01-21,Store_C,Snacks,13.5,0,0,116
2023-01-22,Store_C,Snacks,13.86,0,0,126
2023-01-23,Store_C,Snacks,13.96,0,0,113
2023-01-24,Store_C,Snacks,14.74,0,0,122
2023-01-25,Store_C,Snacks,14.69,0,0,101
2023-01-26,Store_C,Snacks,13.43,0,0,97
2023-01-27,Store_C,Snacks,13.37,0,0,111
2023-01-28,Store_C,Snacks,13.76,0,0,144
2023-01-29,Store_C,Snacks,14.5,0,0,157
2023-01-30,Store_C,Snacks,14.65,0,0,124
2023-01-31,Store_C,Snacks,13.66,0,0,124
2023-02-01,Store_C,Snacks,14.37,0,0,104
2023-02-02,Store_C,Snacks,15.03,0,0,111
2023-02-03,Store_C,Snacks,13.1,0,0,110
2023-02-04,Store_C,Snacks,14.43,0,0,129
2023-02-05,Store_C,Snacks,13.93,1,0,165
2023-02-06,Store_C,Snacks,13.97,0,0,115
2023-02-07,Store_C,Snacks,13.1,1,0,161
2023-02-08,Store_C,Snacks,15.73,1,0,112
2023-02-09,Store_C,Snacks,13.68,0,0,99
2023-02-10,Store_C,Snacks,12.87,0,0,104
2023-02-11,Store_C,Snacks,13.95,0,0,115
2023-02-12,Store_C,Snacks,13.83,0,0,140
2023-02-13,Store_C,Snacks,14.46,0,0,112
2023-02-14,Store_C,Snacks,15.11,0,0,97
2023-02-15,Store_C,Snacks,13.47,1,0,133
2023-02-16,Store_C,Snacks,14.72,0,0,82
2023-02-17,Store_C,Snacks,14.4,0,0,90
2023-02-18,Store_C,Snacks,14.58,0,0,111
2023-02-19,Store_C,Snacks,13.23,0,0,132
2023-02-20,Store_C,Snacks,14.66,0,0,111
2023-02-21,Store_C,Snacks,13.87,0,0,105
2023-02-22,Store_C,Snacks,13.19,0,0,91
2023-02-23,Store_C,Snacks,12.65,0,0,106
2023-02-24,Store_C,Snacks,14.13,0,0,94
2023-02-25,Store_C,Snacks,14.17,0,0,127
2023-02-26,Store_C,Snacks,13.62,1,0,176
2023-02-27,Store_C,Snacks,12.71,1,0,154
2023-02-28,Store_C,Snacks,13.42,0,0,126
2023-03-01,Store_C,Snacks,13.02,0,0,116
2023-03-02,Store_C,Snacks,14.0,1,0,132
2023-03-03,Store_C,Snacks,14.35,0,0,94
2023-03-04,Store_C,Snacks,14.97,0,0,146
2023-03-05,Store_C,Snacks,14.08,0,0,152
2023-03-06,Store_C,Snacks,13.06,0,0,140
2023-03-07,Store_C,Snacks,14.39,1,0,135
2023-03-08,Store_C,Snacks,14.69,1,0,140
2023-03-09,Store_C,Snacks,14.87,0,0,111
2023-03-10,Store_C,Snacks,13.46,0,0,122
2023-03-11,Store_C,Snacks,13.91,0,0,133
2023-03-12,Store_C,Snacks,13.22,0,0,137
2023-03-13,Store_C,Snacks,13.85,0,0,126
2023-03-14,Store_C,Snacks,15.05,0,0,108
2023-03-15,Store_C,Snacks,13.51,0,0,101
2023-03-16,Store_C,Snacks,14.78,0,0,95
2023-03-17,Store_C,Snacks,12.79,0,0,96
2023-03-18,Store_C,Snacks,14.88,0,0,117
2023-03-19,Store_C,Snacks,15.03,0,0,108
2023-03-20,Store_C,Snacks,14.28,0,0,123
2023-03-21,Store_C,Snacks,13.62,0,0,125
2023-03-22,Store_C,Snacks,14.21,0,0,121
2023-03-23,Store_C,Snacks,14.12,0,0,96
2023-03-24,Store_C,Snacks,13.02,1,0,115
2023-03-25,Store_C,Snacks,14.05,0,0,125
2023-03-26,Store_C,Snacks,14.78,0,0,136
2023-03-27,Store_C,Snacks,14.14,0,0,139
2023-03-28,Store_C,Snacks,15.41,0,0,126
2023-03-29,Store_C,Snacks,14.58,1,0,134
2023-03-30,Store_C,Snacks,14.16,0,0,101
2023-03-31,Store_C,Snacks,13.85,0,0,117
2023-04-01,Store_C,Snacks,13.91,0,0,131
2023-04-02,Store_C,Snacks,14.8,0,0,153
2023-04-03,Store_C,Snacks,13.5,0,0,139
2023-04-04,Store_C,Snacks,14.92,0,0,115
2023-04-05,Store_C,Snacks,14.52,0,0,119
2023-04-06,Store_C,Snacks,13.55,0,0,95
2023-04-07,Store_C,Snacks,13.74,0,0,105
2023-04-08,Store_C,Snacks,13.98,0,0,164
2023-04-09,Store_C,Snacks,14.06,0,0,149
2023-04-10,Store_C,Snacks,12.8,0,0,134
2023-04-11,Store_C,Snacks,14.95,0,0,124
2023-04-12,Store_C,Snacks,13.8,0,0,105
2023-04-13,Store_C,Snacks,12.08,0,0,110
2023-04-14,Store_C,Snacks,13.03,0,0,98
2023-04-15,Store_C,Snacks,13.27,0,0,137
2023-04-16,Store_C,Snacks,13.82,0,0,141
2023-04-17,Store_C,Snacks,13.74,1,0,144
2023-04-18,Store_C,Snacks,14.34,0,0,102
2023-04-19,Store_C,Snacks,14.17,1,0,119
2023-04-20,Store_C,Snacks,12.94,1,0,113
2023-04-21,Store_C,Snacks,13.66,1,0,127
2023-04-22,Store_C,Snacks,13.78,0,0,122
2023-04-23,Store_C,Snacks,14.19,0,0,150
2023-04-24,Store_C,Snacks,14.51,0,0,117
2023-04-25,Store_C,Snacks,13.93,0,0,119
2023-04-26,Store_C,Snacks,13.33,1,0,135
2023-04-27,Store_C,Snacks,13.84,0,0,110
2023-04-28,Store_C,Snacks,15.45,1,0,143
2023-04-29,Store_C,Snacks,14.31,0,0,150
2023-04-30,Store_C,Snacks,15.07,0,0,144
2023-05-01,Store_C,Snacks,13.63,0,0,137
2023-05-02,Store_C,Snacks,14.37,0,0,122
2023-05-03,Store_C,Snacks,13.27,0,0,119
2023-05-04,Store_C,Snacks,13.8,0,0,133
2023-05-05,Store_C,Snacks,13.02,0,0,102
2023-05-06,Store_C,Snacks,14.82,1,0,166
2023-05-07,Store_C,Snacks,13.73,0,0,159
2023-05-08,Store_C,Snacks,15.03,0,0,131
2023-05-09,Store_C,Snacks,14.14,1,0,138
2023-05-10,Store_C,Snacks,13.91,0,0,116
2023-05-11,Store_C,Snacks,14.44,0,0,101
2023-05-12,Store_C,Snacks,14.23,0,0,105
2023-05-13,Store_C,Snacks,14.56,1,0,152
2023-05-14,Store_C,Snacks,14.08,0,0,136
2023-05-15,Store_C,Snacks,14.93,1,0,139
2023-05-16,Store_C,Snacks,13.84,0,0,130
2023-05-17,Store_C,Snacks,13.19,0,0,101
2023-05-18,Store_C,Snacks,13.54,0,0,93
2023-05-19,Store_C,Snacks,13.27,0,0,113
2023-05-20,Store_C,Snacks,14.7,0,0,117
2023-05-21,Store_C,Snacks,13.95,0,0,126
2023-05-22,Store_C,Snacks,14.52,0,0,125
2023-05-23,Store_C,Snacks,14.36,1,0,123
2023-05-24,Store_C,Snacks,14.63,0,0,99
2023-05-25,Store_C,Snacks,13.65,0,0,105
2023-05-26,Store_C,Snacks,13.59,0,0,113
2023-05-27,Store_C,Snacks,14.2,0,0,148
2023-05-28,Store_C,Snacks,14.92,0,0,147
2023-05-29,Store_C,Snacks,13.94,0,0,139
2023-05-30,Store_C,Snacks,13.6,0,0,122
2023-05-31,Store_C,Snacks,13.04,0,0,128
2023-06-01,Store_C,Snacks,13.35,0,0,111
2023-06-02,Store_C,Snacks,13.06,0,0,114
2023-06-03,Store_C,Snacks,13.99,0,0,145
2023-06-04,Store_C,Snacks,14.32,1,0,162
2023-06-05,Store_C,Snacks,14.09,0,0,141
2023-06-06,Store_C,Snacks,14.45,0,0,133
2023-06-07,Store_C,Snacks,14.69,0,0,126
2023-06-08,Store_C,Snacks,14.11,0,0,111
2023-06-09,Store_C,Snacks,15.29,0,0,111
2023-06-10,Store_C,Snacks,14.35,0,0,137
2023-06-11,Store_C,Snacks,14.24,0,0,137
2023-06-12,Store_C,Snacks,12.59,0,0,132
2023-06-13,Store_C,Snacks,14.88,1,0,136
2023-06-14,Store_C,Snacks,13.6,0,0,98
2023-06-15,Store_C,Snacks,13.89,0,0,93
2023-06-16,Store_C,Snacks,14.28,0,0,84
2023-06-17,Store_C,Snacks,13.65,1,0,141
2023-06-18,Store_C,Snacks,14.44,1,0,155
2023-06-19,Store_C,Snacks,13.5,0,0,136
2023-06-20,Store_C,Snacks,12.88,0,0,132
2023-06-21,Store_C,Snacks,13.87,0,0,102
2023-06-22,Store_C,Snacks,13.11,0,0,112
2023-06-23,Store_C,Snacks,13.14,0,0,109
2023-06-24,Store_C,Snacks,13.31,1,0,161
2023-06-25,Store_C,Snacks,14.8,0,0,147
2023-06-26,Store_C,Snacks,12.88,0,0,144
2023-06-27,Store_C,Snacks,14.64,0,0,136
2023-06-28,Store_C,Snacks,13.84,0,0,124
2023-06-29,Store_C,Snacks,15.81,0,0,118
2023-06-30,Store_C,Snacks,15.11,0,0,118
2023-07-01,Store_C,Snacks,14.09,1,0,165
2023-07-02,Store_C,Snacks,12.55,0,0,168
2023-07-03,Store_C,Snacks,13.08,0,0,149
2023-07-04,Store_C,Snacks,13.04,0,0,145
2023-07-05,Store_C,Snacks,13.41,1,0,125
2023-07-06,Store_C,Snacks,13.27,0,0,115
2023-07-07,Store_C,Snacks,13.55,1,0,143
2023-07-08,Store_C,Snacks,14.07,0,0,131
2023-07-09,Store_C,Snacks,12.79,0,0,165
2023-07-10,Store_C,Snacks,14.64,0,0,139
2023-07-11,Store_C,Snacks,14.26,1,0,149
2023-07-12,Store_C,Snacks,14.23,0,0,114
2023-07-13,Store_C,Snacks,13.7,0,0,98
2023-07-14,Store_C,Snacks,12.37,0,0,107
2023-07-15,Store_C,Snacks,14.27,1,0,151
2023-07-16,Store_C,Snacks,15.37,0,0,141
2023-07-17,Store_C,Snacks,13.36,0,0,118
2023-07-18,Store_C,Snacks,13.61,0,0,120
2023-07-19,Store_C,Snacks,14.41,0,0,98
2023-07-20,Store_C,Snacks,14.25,0,0,83
2023-07-21,Store_C,Snacks,13.24,0,0,101
2023-07-22,Store_C,Snacks,14.12,1,0,165
2023-07-23,Store_C,Snacks,12.95,1,0,175
2023-07-24,Store_C,Snacks,14.4,0,0,132
2023-07-25,Store_C,Snacks,14.63,0,0,123
2023-07-26,Store_C,Snacks,14.21,0,0,118
2023-07-27,Store_C,Snacks,13.75,0,0,104
2023-07-28,Store_C,Snacks,13.02,0,0,109
2023-07-29,Store_C,Snacks,13.82,0,0,147
2023-07-30,Store_C,Snacks,14.66,0,0,167
2023-07-31,Store_C,Snacks,14.85,0,0,146
2023-08-01,Store_C,Snacks,14.85,0,0,130
2023-08-02,Store_C,Snacks,14.44,0,0,113
2023-08-03,Store_C,Snacks,14.39,0,0,110
2023-08-04,Store_C,Snacks,12.75,0,0,118
2023-08-05,Store_C,Snacks,14.02,0,0,145
2023-08-06,Store_C,Snacks,13.64,0,0,156
2023-08-07,Store_C,Snacks,13.58,0,0,130
2023-08-08,Store_C,Snacks,15.14,0,0,111
2023-08-09,Store_C,Snacks,15.81,0,0,117
2023-08-10,Store_C,Snacks,13.72,0,0,95
2023-08-11,Store_C,Snacks,14.21,0,0,103
2023-08-12,Store_C,Snacks,14.27,0,0,131
2023-08-13,Store_C,Snacks,13.99,0,0,130
2023-08-14,Store_C,Snacks,14.26,1,0,144
2023-08-15,Store_C,Snacks,14.17,0,0,112
2023-08-16,Store_C,Snacks,13.21,0,0,112
2023-08-17,Store_C,Snacks,13.11,0,0,111
2023-08-18,Store_C,Snacks,14.0,0,0,108
2023-08-19,Store_C,Snacks,13.1,0,0,131
2023-08-20,Store_C,Snacks,13.87,0,0,140
2023-08-21,Store_C,Snacks,13.82,1,0,148
2023-08-22,Store_C,Snacks,12.91,1,0,149
2023-08-23,Store_C,Snacks,13.68,0,0,122
2023-08-24,Store_C,Snacks,14.9,0,0,104
2023-08-25,Store_C,Snacks,15.9,0,0,104
2023-08-26,Store_C,Snacks,13.87,0,0,135
2023-08-27,Store_C,Snacks,15.54,0,0,149
2023-08-28,Store_C,Snacks,14.12,1,0,176
2023-08-29,Store_C,Snacks,13.82,0,0,133
2023-08-30,Store_C,Snacks,13.5,0,0,127
2023-08-31,Store_C,Snacks,13.43,0,0,114
2023-09-01,Store_C,Snacks,13.99,0,0,116
2023-09-02,Store_C,Snacks,14.12,0,0,156
2023-09-03,Store_C,Snacks,14.12,1,0,179
2023-09-04,Store_C,Snacks,14.15,0,0,134
2023-09-05,Store_C,Snacks,14.7,0,0,122
2023-09-06,Store_C,Snacks,12.91,1,0,151
2023-09-07,Store_C,Snacks,14.32,0,0,112
2023-09-08,Store_C,Snacks,14.06,0,0,113
2023-09-09,Store_C,Snacks,14.69,0,0,132
2023-09-10,Store_C,Snacks,15.02,0,0,147
2023-09-11,Store_C,Snacks,13.61,0,0,138
2023-09-12,Store_C,Snacks,15.01,0,0,124
2023-09-13,Store_C,Snacks,14.67,0,0,118
2023-09-14,Store_C,Snacks,14.18,0,0,101
2023-09-15,Store_C,Snacks,14.2,0,0,94
2023-09-16,Store_C,Snacks,13.96,0,0,131
2023-09-17,Store_C,Snacks,13.87,0,0,155
2023-09-18,Store_C,Snacks,13.92,0,0,124
2023-09-19,Store_C,Snacks,14.91,0,0,115
2023-09-20,Store_C,Snacks,14.56,0,0,110
2023-09-21,Store_C,Snacks,13.38,0,0,93
2023-09-22,Store_C,Snacks,14.72,0,0,111
2023-09-23,Store_C,Snacks,12.59,0,0,128
2023-09-24,Store_C,Snacks,13.54,0,0,157
2023-09-25,Store_C,Snacks,13.61,0,0,140
2023-09-26,Store_C,Snacks,13.38,0,0,145
2023-09-27,Store_C,Snacks,14.18,0,0,122
2023-09-28,Store_C,Snacks,13.59,0,0,115
2023-09-29,Store_C,Snacks,14.31,0,0,120
2023-09-30,Store_C,Snacks,15.74,0,0,129
2023-10-01,Store_C,Snacks,13.48,0,0,157
2023-10-02,Store_C,Snacks,14.38,0,0,147
2023-10-03,Store_C,Snacks,13.07,1,0,155
2023-10-04,Store_C,Snacks,14.56,0,0,121
2023-10-05,Store_C,Snacks,13.65,0,0,125
2023-10-06,Store_C,Snacks,13.2,0,0,108
2023-10-07,Store_C,Snacks,14.16,0,0,145
2023-10-08,Store_C,Snacks,13.5,0,0,155
2023-10-09,Store_C,Snacks,14.19,0,0,130
2023-10-10,Store_C,Snacks,13.93,0,0,134
2023-10-11,Store_C,Snacks,14.11,0,0,104
2023-10-12,Store_C,Snacks,15.48,0,0,105
2023-10-13,Store_C,Snacks,14.33,0,0,91
2023-10-14,Store_C,Snacks,14.13,0,0,130
2023-10-15,Store_C,Snacks,12.15,0,0,160
2023-10-16,Store_C,Snacks,16.26,1,0,143
2023-10-17,Store_C,Snacks,13.01,0,0,121
2023-10-18,Store_C,Snacks,14.23,0,0,108
2023-10-19,Store_C,Snacks,13.43,0,0,106
2023-10-20,Store_C,Snacks,14.38,0,0,100
2023-10-21,Store_C,Snacks,15.08,1,0,158
2023-10-22,Store_C,Snacks,13.12,1,0,172
2023-10-23,Store_C,Snacks,13.02,0,0,148
2023-10-24,Store_C,Snacks,14.17,0,0,123
2023-10-25,Store_C,Snacks,12.28,1,0,149
2023-10-26,Store_C,Snacks,13.54,0,0,122
2023-10-27,Store_C,Snacks,13.61,0,0,116
2023-10-28,Store_C,Snacks,13.56,0,0,140
2023-10-29,Store_C,Snacks,14.47,0,0,164
2023-10-30,Store_C,Snacks,13.72,0,0,139
2023-10-31,Store_C,Snacks,14.02,0,0,121
2023-11-01,Store_C,Snacks,14.24,0,0,120
2023-11-02,Store_C,Snacks,13.23,0,0,127
2023-11-03,Store_C,Snacks,12.57,0,0,127
2023-11-04,Store_C,Snacks,13.34,0,0,136
2023-11-05,Store_C,Snacks,13.57,0,0,167
2023-11-06,Store_C,Snacks,13.33,0,0,144
2023-11-07,Store_C,Snacks,13.8,0,0,131
2023-11-08,Store_C,Snacks,14.12,0,0,111
2023-11-09,Store_C,Snacks,12.96,0,0,114
2023-11-10,Store_C,Snacks,13.85,0,0,102
2023-11-11,Store_C,Snacks,13.7,0,0,131
2023-11-12,Store_C,Snacks,13.39,0,0,146
2023-11-13,Store_C,Snacks,14.47,1,0,148
2023-11-14,Store_C,Snacks,13.9,0,0,108
2023-11-15,Store_C,Snacks,13.03,0,0,122
2023-11-16,Store_C,Snacks,13.63,0,0,118
2023-11-17,Store_C,Snacks,13.05,0,0,106
2023-11-18,Store_C,Snacks,14.73,0,0,140
2023-11-19,Store_C,Snacks,13.98,0,0,156
2023-11-20,Store_C,Snacks,14.5,0,1,159
2023-11-21,Store_C,Snacks,14.02,0,1,155
2023-11-22,Store_C,Snacks,13.4,0,1,148
2023-11-23,Store_C,Snacks,14.98,0,1,149
2023-11-24,Store_C,Snacks,12.33,0,1,154
2023-11-25,Store_C,Snacks,13.53,0,1,194
2023-11-26,Store_C,Snacks,13.01,0,1,202
2023-11-27,Store_C,Snacks,14.72,0,1,174
2023-11-28,Store_C,Snacks,15.18,0,1,172
2023-11-29,Store_C,Snacks,14.48,0,1,164
2023-11-30,Store_C,Snacks,13.05,0,1,153
2023-12-01,Store_C,Snacks,14.31,0,0,115
2023-12-02,Store_C,Snacks,14.2,0,0,153
2023-12-03,Store_C,Snacks,13.04,0,0,172
2023-12-04,Store_C,Snacks,13.7,0,0,137
2023-12-05,Store_C,Snacks,14.72,0,0,123
2023-12-06,Store_C,Snacks,13.61,0,0,117
2023-12-07,Store_C,Snacks,13.16,0,0,106
2023-12-08,Store_C,Snacks,13.95,0,0,121
2023-12-09,Store_C,Snacks,14.25,0,0,147
2023-12-10,Store_C,Snacks,13.66,0,0,129
2023-12-11,Store_C,Snacks,14.31,0,0,135
2023-12-12,Store_C,Snacks,12.95,0,0,128
2023-12-13,Store_C,Snacks,14.35,0,0,98
2023-12-14,Store_C,Snacks,13.78,0,0,97
2023-12-15,Store_C,Snacks,14.82,0,0,100
2023-12-16,Store_C,Snacks,13.77,0,0,139
2023-12-17,Store_C,Snacks,13.64,0,0,135
2023-12-18,Store_C,Snacks,14.29,0,0,123
2023-12-19,Store_C,Snacks,13.64,0,0,130
2023-12-20,Store_C,Snacks,14.52,0,1,149
2023-12-21,Store_C,Snacks,14.16,1,1,159
2023-12-22,Store_C,Snacks,14.17,0,1,151
2023-12-23,Store_C,Snacks,15.27,0,1,173
2023-12-24,Store_C,Snacks,13.43,0,1,208
2023-12-25,Store_C,Snacks,13.37,0,1,177
2023-12-26,Store_C,Snacks,13.45,0,1,185
2023-12-27,Store_C,Snacks,14.91,0,1,147
2023-12-28,Store_C,Snacks,15.26,0,1,158
2023-12-29,Store_C,Snacks,14.1,1,1,168
2023-12-30,Store_C,Snacks,13.63,1,1,221
2023-12-31,Store_C,Snacks,14.62,0,1,196
2022-01-01,Store_C,Household,15.37,0,0,112
2022-01-02,Store_C,Household,15.83,0,0,134
2022-01-03,Store_C,Household,16.02,0,0,111
2022-01-04,Store_C,Household,15.74,0,0,107
2022-01-05,Store_C,Household,14.75,0,0,120
2022-01-06,Store_C,Household,16.25,0,0,93
2022-01-07,Store_C,Household,16.1,0,0,96
2022-01-08,Store_C,Household,16.62,0,0,125
2022-01-09,Store_C,Household,16.44,0,0,134
2022-01-10,Store_C,Household,16.23,0,0,116
2022-01-11,Store_C,Household,15.85,1,0,130
2022-01-12,Store_C,Household,16.14,0,0,90
2022-01-13,Store_C,Household,15.17,1,0,117
2022-01-14,Store_C,Household,15.15,0,0,93
2022-01-15,Store_C,Household,15.89,1,0,136
2022-01-16,Store_C,Household,15.12,0,0,131
2022-01-17,Store_C,Household,16.11,0,0,112
2022-01-18,Store_C,Household,17.35,1,0,130
2022-01-19,Store_C,Household,16.75,0,0,92
2022-01-20,Store_C,Household,15.73,1,0,106
2022-01-21,Store_C,Household,16.15,0,0,80
2022-01-22,Store_C,Household,16.29,0,0,116
2022-01-23,Store_C,Household,16.93,0,0,126
2022-01-24,Store_C,Household,16.53,0,0,103
2022-01-25,Store_C,Household,15.87,0,0,83
2022-01-26,Store_C,Household,16.45,0,0,92
2022-01-27,Store_C,Household,14.84,0,0,98
2022-01-28,Store_C,Household,16.12,0,0,79
2022-01-29,Store_C,Household,16.07,0,0,117
2022-01-30,Store_C,Household,16.34,0,0,122
2022-01-31,Store_C,Household,16.03,1,0,140
2022-02-01,Store_C,Household,15.14,0,0,114
2022-02-02,Store_C,Household,17.05,0,0,86
2022-02-03,Store_C,Household,15.3,0,0,82
2022-02-04,Store_C,Household,17.12,1,0,101
2022-02-05,Store_C,Household,14.46,0,0,130
2022-02-06,Store_C,Household,16.06,0,0,120
2022-02-07,Store_C,Household,16.89,0,0,110
2022-02-08,Store_C,Household,17.17,1,0,155
2022-02-09,Store_C,Household,14.47,1,0,131
2022-02-10,Store_C,Household,16.94,0,0,84
2022-02-11,Store_C,Household,17.38,1,0,111
2022-02-12,Store_C,Household,16.81,1,0,151
2022-02-13,Store_C,Household,15.95,0,0,142
2022-02-14,Store_C,Household,16.05,0,0,125
2022-02-15,Store_C,Household,15.97,0,0,102
2022-02-16,Store_C,Household,15.3,1,0,129
2022-02-17,Store_C,Household,16.64,0,0,83
2022-02-18,Store_C,Household,17.61,1,0,104
2022-02-19,Store_C,Household,16.21,0,0,114
2022-02-20,Store_C,Household,16.01,1,0,141
2022-02-21,Store_C,Household,16.2,0,0,125
2022-02-22,Store_C,Household,15.73,0,0,120
2022-02-23,Store_C,Household,15.17,0,0,95
2022-02-24,Store_C,Household,16.81,1,0,97
2022-02-25,Store_C,Household,16.26,0,0,84
2022-02-26,Store_C,Household,16.58,1,0,128
2022-02-27,Store_C,Household,16.36,0,0,132
2022-02-28,Store_C,Household,16.52,0,0,109
2022-03-01,Store_C,Household,15.23,0,0,112
2022-03-02,Store_C,Household,16.11,0,0,103
2022-03-03,Store_C,Household,15.51,0,0,90
2022-03-04,Store_C,Household,15.42,0,0,99
2022-03-05,Store_C,Household,15.37,0,0,119
2022-03-06,Store_C,Household,15.95,0,0,131
2022-03-07,Store_C,Household,17.04,0,0,116
2022-03-08,Store_C,Household,16.17,1,0,146
2022-03-09,Store_C,Household,16.3,1,0,134
2022-03-10,Store_C,Household,16.36,0,0,116
2022-03-11,Store_C,Household,15.48,0,0,107
2022-03-12,Store_C,Household,16.98,0,0,124
2022-03-13,Store_C,Household,16.33,0,0,136
2022-03-14,Store_C,Household,15.98,0,0,132
2022-03-15,Store_C,Household,16.75,0,0,98
2022-03-16,Store_C,Household,16.69,0,0,105
2022-03-17,Store_C,Household,16.24,1,0,114
2022-03-18,Store_C,Household,16.75,0,0,103
2022-03-19,Store_C,Household,15.54,0,0,116
2022-03-20,Store_C,Household,15.48,0,0,129
2022-03-21,Store_C,Household,17.09,0,0,110
2022-03-22,Store_C,Household,15.76,1,0,146
2022-03-23,Store_C,Household,16.8,1,0,114
2022-03-24,Store_C,Household,15.42,0,0,97
2022-03-25,Store_C,Household,15.35,1,0,121
2022-03-26,Store_C,Household,16.07,0,0,99
2022-03-27,Store_C,Household,15.81,0,0,127
2022-03-28,Store_C,Household,16.08,1,0,140
2022-03-29,Store_C,Household,16.49,1,0,133
2022-03-30,Store_C,Household,17.64,1,0,113
2022-03-31,Store_C,Household,16.19,0,0,98
2022-04-01,Store_C,Household,15.92,0,0,89
2022-04-02,Store_C,Household,16.69,0,0,127
2022-04-03,Store_C,Household,15.33,1,0,165
2022-04-04,Store_C,Household,16.37,0,0,139
2022-04-05,Store_C,Household,17.12,0,0,109
2022-04-06,Store_C,Household,14.7,0,0,113
2022-04-07,Store_C,Household,15.59,1,0,134
2022-04-08,Store_C,Household,15.81,0,0,101
2022-04-09,Store_C,Household,17.08,0,0,109
2022-04-10,Store_C,Household,16.8,1,0,153
2022-04-11,Store_C,Household,16.09,0,0,121
2022-04-12,Store_C,Household,16.95,0,0,114
2022-04-13,Store_C,Household,15.98,1,0,111
2022-04-14,Store_C,Household,15.25,0,0,99
2022-04-15,Store_C,Household,16.16,0,0,84
2022-04-16,Store_C,Household,17.05,0,0,128
2022-04-17,Store_C,Household,13.63,0,0,140
2022-04-18,Store_C,Household,14.74,0,0,123
2022-04-19,Store_C,Household,16.25,0,0,98
2022-04-20,Store_C,Household,15.66,0,0,91
2022-04-21,Store_C,Household,14.69,0,0,92
2022-04-22,Store_C,Household,16.65,0,0,92
2022-04-23,Store_C,Household,17.02,1,0,138
2022-04-24,Store_C,Household,15.99,0,0,118
2022-04-25,Store_C,Household,14.63,0,0,106
2022-04-26,Store_C,Household,15.64,0,0,100
2022-04-27,Store_C,Household,14.67,0,0,96
2022-04-28,Store_C,Household,16.48,0,0,85
2022-04-29,Store_C,Household,16.61,0,0,87
2022-04-30,Store_C,Household,15.5,1,0,139
2022-05-01,Store_C,Household,15.63,0,0,127
2022-05-02,Store_C,Household,16.0,0,0,124
2022-05-03,Store_C,Household,15.88,0,0,114
2022-05-04,Store_C,Household,16.17,1,0,142
2022-05-05,Store_C,Household,16.49,0,0,82
2022-05-06,Store_C,Household,15.36,0,0,98
2022-05-07,Store_C,Household,17.25,1,0,146
2022-05-08,Store_C,Household,16.98,0,0,140
2022-05-09,Store_C,Household,14.71,0,0,137
2022-05-10,Store_C,Household,17.07,1,0,125
2022-05-11,Store_C,Household,16.91,0,0,100
2022-05-12,Store_C,Household,16.24,0,0,101
2022-05-13,Store_C,Household,16.07,0,0,93
2022-05-14,Store_C,Household,15.49,0,0,122
2022-05-15,Store_C,Household,15.33,0,0,135
2022-05-16,Store_C,Household,15.27,1,0,165
2022-05-17,Store_C,Household,16.75,0,0,118
2022-05-18,Store_C,Household,15.83,1,0,112
2022-05-19,Store_C,Household,16.28,1,0,103
2022-05-20,Store_C,Household,16.93,1,0,101
2022-05-21,Store_C,Household,16.0,1,0,145
2022-05-22,Store_C,Household,16.68,0,0,124
2022-05-23,Store_C,Household,16.09,0,0,109
2022-05-24,Store_C,Household,16.65,0,0,108
2022-05-25,Store_C,Household,15.39,0,0,107
2022-05-26,Store_C,Household,16.51,0,0,69
2022-05-27,Store_C,Household,15.4,0,0,84
2022-05-28,Store_C,Household,15.87,0,0,123
2022-05-29,Store_C,Household,15.48,0,0,148
2022-05-30,Store_C,Household,16.36,0,0,121
2022-05-31,Store_C,Household,16.33,1,0,137
2022-06-01,Store_C,Household,15.82,0,0,104
2022-06-02,Store_C,Household,16.27,0,0,91
2022-06-03,Store_C,Household,15.43,0,0,100
2022-06-04,Store_C,Household,16.14,0,0,130
2022-06-05,Store_C,Household,15.27,0,0,156
2022-06-06,Store_C,Household,16.68,1,0,135
2022-06-07,Store_C,Household,16.67,0,0,135
2022-06-08,Store_C,Household,16.7,0,0,109
2022-06-09,Store_C,Household,15.16,1,0,124
2022-06-10,Store_C,Household,15.52,0,0,107
2022-06-11,Store_C,Household,15.56,0,0,148
2022-06-12,Store_C,Household,16.61,1,0,159
2022-06-13,Store_C,Household,16.94,0,0,136
2022-06-14,Store_C,Household,15.57,0,0,121
2022-06-15,Store_C,Household,15.14,0,0,115
2022-06-16,Store_C,Household,17.03,0,0,84
2022-06-17,Store_C,Household,17.12,1,0,108
2022-06-18,Store_C,Household,16.61,0,0,122
2022-06-19,Store_C,Household,15.03,0,0,132
2022-06-20,Store_C,Household,16.25,1,0,121
2022-06-21,Store_C,Household,16.54,0,0,105
2022-06-22,Store_C,Household,15.66,0,0,86
2022-06-23,Store_C,Household,15.54,1,0,108
2022-06-24,Store_C,Household,16.12,0,0,71
2022-06-25,Store_C,Household,17.08,0,0,114
2022-06-26,Store_C,Household,16.21,1,0,153
2022-06-27,Store_C,Household,15.52,1,0,149
2022-06-28,Store_C,Household,16.04,0,0,114
2022-06-29,Store_C,Household,15.36,0,0,117
2022-06-30,Store_C,Household,16.61,0,0,112
2022-07-01,Store_C,Household,16.78,0,0,90
2022-07-02,Store_C,Household,15.57,0,0,140
2022-07-03,Store_C,Household,16.89,0,0,141
2022-07-04,Store_C,Household,15.56,1,0,147
2022-07-05,Store_C,Household,15.77,0,0,118
2022-07-06,Store_C,Household,15.11,0,0,118
2022-07-07,Store_C,Household,16.13,0,0,99
2022-07-08,Store_C,Household,16.4,0,0,118
2022-07-09,Store_C,Household,15.87,0,0,148
2022-07-10,Store_C,Household,15.38,0,0,146
2022-07-11,Store_C,Household,16.23,0,0,117
2022-07-12,Store_C,Household,15.51,0,0,120
2022-07-13,Store_C,Household,16.05,0,0,109
2022-07-14,Store_C,Household,16.17,0,0,87
2022-07-15,Store_C,Household,15.27,0,0,92
2022-07-16,Store_C,Household,15.1,0,0,111
2022-07-17,Store_C,Household,15.73,0,0,123
2022-07-18,Store_C,Household,16.68,1,0,140
2022-07-19,Store_C,Household,16.68,0,0,120
2022-07-20,Store_C,Household,15.56,0,0,90
2022-07-21,Store_C,Household,15.02,0,0,90
2022-07-22,Store_C,Household,16.01,0,0,86
2022-07-23,Store_C,Household,15.34,0,0,116
2022-07-24,Store_C,Household,15.89,0,0,127
2022-07-25,Store_C,Household,15.5,0,0,122
2022-07-26,Store_C,Household,16.19,1,0,134
2022-07-27,Store_C,Household,15.96,0,0,102
2022-07-28,Store_C,Household,16.28,0,0,99
2022-07-29,Store_C,Household,15.15,0,0,99
2022-07-30,Store_C,Household,16.8,0,0,133
2022-07-31,Store_C,Household,15.43,0,0,141
2022-08-01,Store_C,Household,16.76,0,0,119
2022-08-02,Store_C,Household,16.0,1,0,137
2022-08-03,Store_C,Household,15.9,0,0,111
2022-08-04,Store_C,Household,15.77,0,0,103
2022-08-05,Store_C,Household,15.33,0,0,109
2022-08-06,Store_C,Household,16.21,0,0,134
2022-08-07,Store_C,Household,15.58,0,0,147
2022-08-08,Store_C,Household,16.24,0,0,139
2022-08-09,Store_C,Household,16.08,0,0,112
2022-08-10,Store_C,Household,16.15,0,0,110
2022-08-11,Store_C,Household,16.04,0,0,110
2022-08-12,Store_C,Household,15.99,0,0,95
2022-08-13,Store_C,Household,16.91,0,0,120
2022-08-14,Store_C,Household,16.49,1,0,143
2022-08-15,Store_C,Household,15.81,0,0,126
2022-08-16,Store_C,Household,15.64,0,0,108
2022-08-17,Store_C,Household,17.05,0,0,95
2022-08-18,Store_C,Household,16.18,1,0,107
2022-08-19,Store_C,Household,16.38,0,0,88
2022-08-20,Store_C,Household,16.67,0,0,112
2022-08-21,Store_C,Household,16.35,1,0,158
2022-08-22,Store_C,Household,16.8,1,0,135
2022-08-23,Store_C,Household,15.82,1,0,121
2022-08-24,Store_C,Household,14.36,0,0,99
2022-08-25,Store_C,Household,16.21,0,0,98
2022-08-26,Store_C,Household,15.56,0,0,89
2022-08-27,Store_C,Household,16.86,0,0,121
2022-08-28,Store_C,Household,16.53,0,0,121
2022-08-29,Store_C,Household,15.72,0,0,108
2022-08-30,Store_C,Household,16.29,0,0,126
2022-08-31,Store_C,Household,17.01,0,0,96
2022-09-01,Store_C,Household,14.94,0,0,95
2022-09-02,Store_C,Household,16.29,0,0,105
2022-09-03,Store_C,Household,17.15,0,0,137
2022-09-04,Store_C,Household,16.33,0,0,149
2022-09-05,Store_C,Household,15.82,0,0,143
2022-09-06,Store_C,Household,16.24,0,0,120
2022-09-07,Store_C,Household,15.56,0,0,106
2022-09-08,Store_C,Household,15.8,0,0,101
2022-09-09,Store_C,Household,15.51,0,0,108
2022-09-10,Store_C,Household,15.74,0,0,131
2022-09-11,Store_C,Household,16.75,0,0,150
2022-09-12,Store_C,Household,15.96,0,0,126
2022-09-13,Store_C,Household,16.16,0,0,116
2022-09-14,Store_C,Household,16.14,0,0,99
2022-09-15,Store_C,Household,15.48,0,0,82
2022-09-16,Store_C,Household,14.4,0,0,98
2022-09-17,Store_C,Household,16.65,0,0,118
2022-09-18,Store_C,Household,16.14,0,0,117
2022-09-19,Store_C,Household,16.53,0,0,114
2022-09-20,Store_C,Household,15.59,0,0,118
2022-09-21,Store_C,Household,16.42,0,0,93
2022-09-22,Store_C,Household,16.33,0,0,86
2022-09-23,Store_C,Household,15.75,0,0,75
2022-09-24,Store_C,Household,15.15,0,0,126
2022-09-25,Store_C,Household,16.47,1,0,158
2022-09-26,Store_C,Household,15.67,1,0,159
2022-09-27,Store_C,Household,16.17,0,0,123
2022-09-28,Store_C,Household,15.47,0,0,101
2022-09-29,Store_C,Household,16.37,0,0,109
2022-09-30,Store_C,Household,15.4,0,0,116
2022-10-01,Store_C,Household,15.53,0,0,134
2022-10-02,Store_C,Household,16.01,0,0,142
2022-10-03,Store_C,Household,15.63,0,0,127
2022-10-04,Store_C,Household,15.98,1,0,156
2022-10-05,Store_C,Household,16.89,0,0,122
2022-10-06,Store_C,Household,15.09,1,0,134
2022-10-07,Store_C,Household,16.64,0,0,101
2022-10-08,Store_C,Household,14.44,0,0,135
2022-10-09,Store_C,Household,16.29,0,0,151
2022-10-10,Store_C,Household,15.38,0,0,135
2022-10-11,Store_C,Household,16.06,0,0,115
2022-10-12,Store_C,Household,16.64,0,0,102
2022-10-13,Store_C,Household,15.95,0,0,104
2022-10-14,Store_C,Household,15.73,0,0,92
2022-10-15,Store_C,Household,16.96,0,0,113
2022-10-16,Store_C,Household,15.4,0,0,142
2022-10-17,Store_C,Household,16.5,0,0,118
2022-10-18,Store_C,Household,16.32,0,0,94
2022-10-19,Store_C,Household,16.14,0,0,100
2022-10-20,Store_C,Household,15.06,1,0,122
2022-10-21,Store_C,Household,15.5,0,0,84
2022-10-22,Store_C,Household,15.51,0,0,129
2022-10-23,Store_C,Household,17.12,0,0,136
2022-10-24,Store_C,Household,16.0,0,0,115
2022-10-25,Store_C,Household,16.81,0,0,114
2022-10-26,Store_C,Household,15.37,0,0,99
2022-10-27,Store_C,Household,15.92,0,0,88
2022-10-28,Store_C,Household,16.36,0,0,99
2022-10-29,Store_C,Household,15.02,0,0,129
2022-10-30,Store_C,Household,17.17,0,0,125
2022-10-31,Store_C,Household,15.99,0,0,130
2022-11-01,Store_C,Household,16.18,0,0,127
2022-11-02,Store_C,Household,16.83,0,0,104
2022-11-03,Store_C,Household,16.37,0,0,101
2022-11-04,Store_C,Household,16.2,0,0,106
2022-11-05,Store_C,Household,15.11,0,0,144
2022-11-06,Store_C,Household,16.0,0,0,154
2022-11-07,Store_C,Household,16.31,0,0,129
2022-11-08,Store_C,Household,16.03,0,0,110
2022-11-09,Store_C,Household,16.59,0,0,122
2022-11-10,Store_C,Household,16.81,0,0,106
2022-11-11,Store_C,Household,16.43,0,0,110
2022-11-12,Store_C,Household,16.1,0,0,128
2022-11-13,Store_C,Household,15.34,0,0,147
2022-11-14,Store_C,Household,16.58,0,0,118
2022-11-15,Store_C,Household,15.85,0,0,103
2022-11-16,Store_C,Household,15.49,0,0,101
2022-11-17,Store_C,Household,16.55,0,0,79
2022-11-18,Store_C,Household,15.12,1,0,112
2022-11-19,Store_C,Household,15.84,0,0,127
2022-11-20,Store_C,Household,16.1,1,1,184
2022-11-21,Store_C,Household,15.19,0,1,146
2022-11-22,Store_C,Household,16.57,1,1,162
2022-11-23,Store_C,Household,15.68,0,1,133
2022-11-24,Store_C,Household,17.1,0,1,110
2022-11-25,Store_C,Household,16.03,0,1,136
2022-11-26,Store_C,Household,16.16,0,1,168
2022-11-27,Store_C,Household,15.86,0,1,180
2022-11-28,Store_C,Household,16.07,0,1,164
2022-11-29,Store_C,Household,16.12,0,1,159
2022-11-30,Store_C,Household,15.55,0,1,142
2022-12-01,Store_C,Household,15.54,0,0,98
2022-12-02,Store_C,Household,16.13,0,0,107
2022-12-03,Store_C,Household,15.5,1,0,160
2022-12-04,Store_C,Household,16.14,1,0,173
2022-12-05,Store_C,Household,15.57,0,0,146
2022-12-06,Store_C,Household,16.35,0,0,134
2022-12-07,Store_C,Household,16.09,0,0,110
2022-12-08,Store_C,Household,15.09,0,0,110
2022-12-09,Store_C,Household,16.06,1,0,122
2022-12-10,Store_C,Household,15.49,0,0,133
2022-12-11,Store_C,Household,15.52,0,0,153
2022-12-12,Store_C,Household,15.76,0,0,116
2022-12-13,Store_C,Household,16.64,1,0,146
2022-12-14,Store_C,Household,16.37,0,0,107
2022-12-15,Store_C,Household,15.82,0,0,95
2022-12-16,Store_C,Household,15.93,0,0,93
2022-12-17,Store_C,Household,15.71,0,0,137
2022-12-18,Store_C,Household,14.62,0,0,142
2022-12-19,Store_C,Household,15.36,0,0,115
2022-12-20,Store_C,Household,16.32,0,1,154
2022-12-21,Store_C,Household,14.87,1,1,170
2022-12-22,Store_C,Household,16.55,0,1,128
2022-12-23,Store_C,Household,17.39,0,1,117
2022-12-24,Store_C,Household,15.24,1,1,200
2022-12-25,Store_C,Household,15.73,1,1,200
2022-12-26,Store_C,Household,16.57,0,1,156
2022-12-27,Store_C,Household,16.37,0,1,148
2022-12-28,Store_C,Household,15.4,0,1,142
2022-12-29,Store_C,Household,16.38,0,1,128
2022-12-30,Store_C,Household,16.88,1,1,160
2022-12-31,Store_C,Household,15.53,0,1,182
2023-01-01,Store_C,Household,15.42,0,0,153
2023-01-02,Store_C,Household,16.05,0,0,149
2023-01-03,Store_C,Household,15.15,0,0,137
2023-01-04,Store_C,Household,16.7,0,0,113
2023-01-05,Store_C,Household,16.47,0,0,104
2023-01-06,Store_C,Household,14.68,1,0,144
2023-01-07,Store_C,Household,14.75,0,0,142
2023-01-08,Store_C,Household,15.78,0,0,137
2023-01-09,Store_C,Household,15.99,0,0,137
2023-01-10,Store_C,Household,16.28,0,0,117
2023-01-11,Store_C,Household,15.8,0,0,104
2023-01-12,Store_C,Household,15.34,0,0,103
2023-01-13,Store_C,Household,16.35,0,0,96
2023-01-14,Store_C,Household,15.86,0,0,133
2023-01-15,Store_C,Household,15.91,0,0,139
2023-01-16,Store_C,Household,17.19,0,0,105
2023-01-17,Store_C,Household,16.98,0,0,113
2023-01-18,Store_C,Household,16.11,0,0,104
2023-01-19,Store_C,Household,17.31,0,0,84
2023-01-20,Store_C,Household,17.55,0,0,98
2023-01-21,Store_C,Household,15.93,0,0,125
2023-01-22,Store_C,Household,15.07,0,0,138
2023-01-23,Store_C,Household,15.75,0,0,146
2023-01-24,Store_C,Household,16.46,0,0,117
2023-01-25,Store_C,Household,16.89,0,0,100
2023-01-26,Store_C,Household,15.76,0,0,105
2023-01-27,Store_C,Household,15.8,0,0,113
2023-01-28,Store_C,Household,15.97,0,0,149
2023-01-29,Store_C,Household,15.7,0,0,156
2023-01-30,Store_C,Household,14.46,0,0,131
2023-01-31,Store_C,Household,15.63,0,0,114
2023-02-01,Store_C,Household,16.74,1,0,147
2023-02-02,Store_C,Household,15.18,1,0,137
2023-02-03,Store_C,Household,15.99,0,0,117
2023-02-04,Store_C,Household,17.44,0,0,148
2023-02-05,Store_C,Household,14.9,0,0,159
2023-02-06,Store_C,Household,15.1,0,0,136
2023-02-07,Store_C,Household,16.48,0,0,145
2023-02-08,Store_C,Household,15.11,0,0,106
2023-02-09,Store_C,Household,16.92,0,0,86
2023-02-10,Store_C,Household,13.86,0,0,116
2023-02-11,Store_C,Household,15.71,0,0,139
2023-02-12,Store_C,Household,14.62,1,0,170
2023-02-13,Store_C,Household,15.87,0,0,120
2023-02-14,Store_C,Household,16.52,0,0,113
2023-02-15,Store_C,Household,16.26,0,0,98
2023-02-16,Store_C,Household,15.61,0,0,79
2023-02-17,Store_C,Household,16.21,0,0,95
2023-02-18,Store_C,Household,15.15,1,0,150
2023-02-19,Store_C,Household,16.37,0,0,131
2023-02-20,Store_C,Household,15.81,0,0,117
2023-02-21,Store_C,Household,16.35,0,0,105
2023-02-22,Store_C,Household,15.82,0,0,105
2023-02-23,Store_C,Household,15.88,1,0,121
2023-02-24,Store_C,Household,14.83,0,0,111
2023-02-25,Store_C,Household,15.9,0,0,144
2023-02-26,Store_C,Household,15.57,0,0,148
2023-02-27,Store_C,Household,15.76,1,0,147
2023-02-28,Store_C,Household,16.01,0,0,113
2023-03-01,Store_C,Household,16.4,1,0,121
2023-03-02,Store_C,Household,16.41,0,0,116
2023-03-03,Store_C,Household,15.78,0,0,121
2023-03-04,Store_C,Household,15.52,0,0,135
2023-03-05,Store_C,Household,14.28,0,0,152
2023-03-06,Store_C,Household,16.12,0,0,140
2023-03-07,Store_C,Household,15.8,0,0,139
2023-03-08,Store_C,Household,15.65,0,0,107
2023-03-09,Store_C,Household,17.07,0,0,114
2023-03-10,Store_C,Household,17.17,0,0,105
2023-03-11,Store_C,Household,15.59,0,0,128
2023-03-12,Store_C,Household,16.39,0,0,135
2023-03-13,Store_C,Household,14.52,0,0,134
2023-03-14,Store_C,Household,16.18,0,0,104
2023-03-15,Store_C,Household,15.8,0,0,106
2023-03-16,Store_C,Household,16.85,1,0,116
2023-03-17,Store_C,Household,15.92,0,0,95
2023-03-18,Store_C,Household,17.52,0,0,116
2023-03-19,Store_C,Household,16.45,0,0,153
2023-03-20,Store_C,Household,15.82,0,0,117
2023-03-21,Store_C,Household,15.15,0,0,130
2023-03-22,Store_C,Household,16.2,0,0,103
2023-03-23,Store_C,Household,16.19,0,0,100
2023-03-24,Store_C,Household,16.15,0,0,102
2023-03-25,Store_C,Household,16.07,0,0,120
2023-03-26,Store_C,Household,16.38,0,0,142
2023-03-27,Store_C,Household,15.22,0,0,133
2023-03-28,Store_C,Household,15.69,1,0,158
2023-03-29,Store_C,Household,17.25,0,0,117
2023-03-30,Store_C,Household,15.97,0,0,99
2023-03-31,Store_C,Household,17.62,0,0,107
2023-04-01,Store_C,Household,16.07,0,0,147
2023-04-02,Store_C,Household,15.45,0,0,166
2023-04-03,Store_C,Household,16.4,1,0,156
2023-04-04,Store_C,Household,16.01,1,0,135
2023-04-05,Store_C,Household,16.11,0,0,119
2023-04-06,Store_C,Household,16.29,0,0,116
2023-04-07,Store_C,Household,16.29,0,0,115
2023-04-08,Store_C,Household,17.48,0,0,134
2023-04-09,Store_C,Household,15.62,0,0,161
2023-04-10,Store_C,Household,16.24,0,0,118
2023-04-11,Store_C,Household,16.54,1,0,158
2023-04-12,Store_C,Household,15.37,0,0,100
2023-04-13,Store_C,Household,15.58,0,0,99
2023-04-14,Store_C,Household,15.79,0,0,103
2023-04-15,Store_C,Household,16.05,0,0,129
2023-04-16,Store_C,Household,17.36,0,0,139
2023-04-17,Store_C,Household,15.78,0,0,121
2023-04-18,Store_C,Household,16.14,1,0,142
2023-04-19,Store_C,Household,15.39,0,0,111
2023-04-20,Store_C,Household,16.88,0,0,95
2023-04-21,Store_C,Household,15.35,0,0,111
2023-04-22,Store_C,Household,16.16,1,0,148
2023-04-23,Store_C,Household,16.39,0,0,136
2023-04-24,Store_C,Household,15.13,0,0,141
2023-04-25,Store_C,Household,16.53,0,0,113
2023-04-26,Store_C,Household,16.33,1,0,151
2023-04-27,Store_C,Household,15.42,0,0,109
2023-04-28,Store_C,Household,15.25,0,0,122
2023-04-29,Store_C,Household,14.56,0,0,154
2023-04-30,Store_C,Household,15.26,0,0,150
2023-05-01,Store_C,Household,17.73,0,0,131
2023-05-02,Store_C,Household,15.88,0,0,142
2023-05-03,Store_C,Household,16.17,0,0,130
2023-05-04,Store_C,Household,16.5,0,0,109
2023-05-05,Store_C,Household,15.42,1,0,153
2023-05-06,Store_C,Household,15.96,1,0,151
2023-05-07,Store_C,Household,15.66,1,0,186
2023-05-08,Store_C,Household,15.17,0,0,153
2023-05-09,Store_C,Household,16.29,0,0,138
2023-05-10,Store_C,Household,15.48,0,0,109
2023-05-11,Store_C,Household,16.16,0,0,110
2023-05-12,Store_C,Household,15.62,0,0,106
2023-05-13,Store_C,Household,16.71,0,0,133
2023-05-14,Store_C,Household,17.19,0,0,133
2023-05-15,Store_C,Household,14.58,0,0,143
2023-05-16,Store_C,Household,15.66,0,0,99
2023-05-17,Store_C,Household,15.7,0,0,101
2023-05-18,Store_C,Household,15.33,0,0,99
2023-05-19,Store_C,Household,15.69,1,0,125
2023-05-20,Store_C,Household,15.65,0,0,121
2023-05-21,Store_C,Household,14.57,0,0,149
2023-05-22,Store_C,Household,16.11,1,0,150
2023-05-23,Store_C,Household,16.05,1,0,136
2023-05-24,Store_C,Household,15.34,0,0,106
2023-05-25,Store_C,Household,15.55,0,0,107
2023-05-26,Store_C,Household,16.51,0,0,91
2023-05-27,Store_C,Household,16.58,0,0,143
2023-05-28,Store_C,Household,15.58,1,0,161
2023-05-29,Store_C,Household,16.37,0,0,132
2023-05-30,Store_C,Household,15.66,1,0,153
2023-05-31,Store_C,Household,16.55,0,0,132
2023-06-01,Store_C,Household,16.61,0,0,114
2023-06-02,Store_C,Household,14.62,0,0,124
2023-06-03,Store_C,Household,15.26,0,0,148
2023-06-04,Store_C,Household,14.92,0,0,164
2023-06-05,Store_C,Household,15.56,0,0,138
2023-06-06,Store_C,Household,15.63,1,0,159
2023-06-07,Store_C,Household,16.16,0,0,113
2023-06-08,Store_C,Household,16.01,0,0,113
2023-06-09,Store_C,Household,16.62,0,0,120
2023-06-10,Store_C,Household,15.61,0,0,132
2023-06-11,Store_C,Household,15.92,0,0,143
2023-06-12,Store_C,Household,16.43,0,0,122
2023-06-13,Store_C,Household,15.46,0,0,126
2023-06-14,Store_C,Household,16.09,0,0,94
2023-06-15,Store_C,Household,17.78,0,0,86
2023-06-16,Store_C,Household,15.79,1,0,123
2023-06-17,Store_C,Household,15.96,0,0,140
2023-06-18,Store_C,Household,16.28,0,0,139
2023-06-19,Store_C,Household,16.19,0,0,144
2023-06-20,Store_C,Household,15.53,0,0,122
2023-06-21,Store_C,Household,14.65,0,0,125
2023-06-22,Store_C,Household,16.04,0,0,104
2023-06-23,Store_C,Household,16.98,0,0,88
2023-06-24,Store_C,Household,16.08,0,0,136
2023-06-25,Store_C,Household,16.22,0,0,155
2023-06-26,Store_C,Household,17.09,0,0,137
2023-06-27,Store_C,Household,14.77,1,0,165
2023-06-28,Store_C,Household,15.82,0,0,120
2023-06-29,Store_C,Household,16.84,0,0,106
2023-06-30,Store_C,Household,16.69,0,0,107
2023-07-01,Store_C,Household,15.99,0,0,150
2023-07-02,Store_C,Household,16.84,0,0,151
2023-07-03,Store_C,Household,16.29,0,0,147
2023-07-04,Store_C,Household,14.77,0,0,135
2023-07-05,Store_C,Household,15.69,0,0,131
2023-07-06,Store_C,Household,15.45,0,0,138
2023-07-07,Store_C,Household,15.43,0,0,132
2023-07-08,Store_C,Household,15.95,0,0,130
2023-07-09,Store_C,Household,15.82,0,0,145
2023-07-10,Store_C,Household,16.02,1,0,162
2023-07-11,Store_C,Household,15.84,0,0,124
2023-07-12,Store_C,Household,17.12,1,0,127
2023-07-13,Store_C,Household,17.06,0,0,118
2023-07-14,Store_C,Household,16.35,0,0,108
2023-07-15,Store_C,Household,17.37,1,0,145
2023-07-16,Store_C,Household,14.94,0,0,140
2023-07-17,Store_C,Household,15.72,0,0,142
2023-07-18,Store_C,Household,15.65,0,0,128
2023-07-19,Store_C,Household,17.49,0,0,122
2023-07-20,Store_C,Household,17.7,0,0,103
2023-07-21,Store_C,Household,16.35,0,0,108
2023-07-22,Store_C,Household,15.4,0,0,148
2023-07-23,Store_C,Household,14.84,0,0,155
2023-07-24,Store_C,Household,15.71,0,0,143
2023-07-25,Store_C,Household,17.09,0,0,117
2023-07-26,Store_C,Household,16.3,1,0,131
2023-07-27,Store_C,Household,15.38,0,0,119
2023-07-28,Store_C,Household,15.18,1,0,134
2023-07-29,Store_C,Household,15.52,0,0,145
2023-07-30,Store_C,Household,16.25,0,0,176
2023-07-31,Store_C,Household,14.51,1,0,162
2023-08-01,Store_C,Household,16.1,0,0,131
2023-08-02,Store_C,Household,15.62,1,0,151
2023-08-03,Store_C,Household,17.16,1,0,131
2023-08-04,Store_C,Household,16.22,0,0,117
2023-08-05,Store_C,Household,15.89,0,0,139
2023-08-06,Store_C,Household,16.24,0,0,162
2023-08-07,Store_C,Household,15.04,0,0,147
2023-08-08,Store_C,Household,16.78,0,0,141
2023-08-09,Store_C,Household,15.84,0,0,118
2023-08-10,Store_C,Household,15.87,0,0,112
2023-08-11,Store_C,Household,15.92,0,0,101
2023-08-12,Store_C,Household,15.49,0,0,125
2023-08-13,Store_C,Household,16.0,0,0,143
2023-08-14,Store_C,Household,16.73,0,0,139
2023-08-15,Store_C,Household,15.13,0,0,123
2023-08-16,Store_C,Household,17.17,0,0,107
2023-08-17,Store_C,Household,16.75,0,0,83
2023-08-18,Store_C,Household,15.36,0,0,100
2023-08-19,Store_C,Household,16.9,0,0,137
2023-08-20,Store_C,Household,15.28,0,0,154
2023-08-21,Store_C,Household,17.51,0,0,125
2023-08-22,Store_C,Household,16.69,0,0,121
2023-08-23,Store_C,Household,15.68,0,0,127
2023-08-24,Store_C,Household,16.4,0,0,101
2023-08-25,Store_C,Household,15.74,1,0,142
2023-08-26,Store_C,Household,15.74,0,0,141
2023-08-27,Store_C,Household,16.28,0,0,148
2023-08-28,Store_C,Household,15.77,0,0,145
2023-08-29,Store_C,Household,16.26,0,0,140
2023-08-30,Store_C,Household,15.14,0,0,116
2023-08-31,Store_C,Household,16.58,0,0,126
2023-09-01,Store_C,Household,16.05,0,0,116
2023-09-02,Store_C,Household,15.98,1,0,160
2023-09-03,Store_C,Household,14.1,0,0,179
2023-09-04,Store_C,Household,15.85,0,0,153
2023-09-05,Store_C,Household,16.59,1,0,166
2023-09-06,Store_C,Household,15.69,0,0,114
2023-09-07,Store_C,Household,15.95,0,0,109
2023-09-08,Store_C,Household,15.7,0,0,124
2023-09-09,Store_C,Household,15.88,0,0,145
2023-09-10,Store_C,Household,16.32,0,0,148
2023-09-11,Store_C,Household,15.64,0,0,127
2023-09-12,Store_C,Household,15.24,0,0,118
2023-09-13,Store_C,Household,16.94,0,0,109
2023-09-14,Store_C,Household,15.37,1,0,138
2023-09-15,Store_C,Household,15.51,0,0,115
2023-09-16,Store_C,Household,14.61,0,0,154
2023-09-17,Store_C,Household,15.74,0,0,139
2023-09-18,Store_C,Household,16.34,0,0,131
2023-09-19,Store_C,Household,17.04,0,0,125
2023-09-20,Store_C,Household,15.75,1,0,147
2023-09-21,Store_C,Household,15.62,0,0,118
2023-09-22,Store_C,Household,15.44,1,0,145
2023-09-23,Store_C,Household,16.0,0,0,142
2023-09-24,Store_C,Household,16.07,0,0,153
2023-09-25,Store_C,Household,16.56,0,0,143
2023-09-26,Store_C,Household,15.63,1,0,161
2023-09-27,Store_C,Household,15.93,0,0,130
2023-09-28,Store_C,Household,15.03,0,0,119
2023-09-29,Store_C,Household,16.69,0,0,129
2023-09-30,Store_C,Household,16.3,1,0,168
2023-10-01,Store_C,Household,15.61,0,0,176
2023-10-02,Store_C,Household,16.72,0,0,139
2023-10-03,Store_C,Household,15.37,0,0,135
2023-10-04,Store_C,Household,15.87,0,0,114
2023-10-05,Store_C,Household,17.17,0,0,124
2023-10-06,Store_C,Household,16.36,0,0,101
2023-10-07,Store_C,Household,16.44,0,0,149
2023-10-08,Store_C,Household,15.4,0,0,159
2023-10-09,Store_C,Household,15.12,0,0,142
2023-10-10,Store_C,Household,14.4,0,0,131
2023-10-11,Store_C,Household,16.31,0,0,111
2023-10-12,Store_C,Household,17.38,0,0,93
2023-10-13,Store_C,Household,16.64,0,0,102
2023-10-14,Store_C,Household,15.23,0,0,138
2023-10-15,Store_C,Household,15.82,0,0,147
2023-10-16,Store_C,Household,16.34,0,0,127
2023-10-17,Store_C,Household,15.92,1,0,141
2023-10-18,Store_C,Household,16.56,0,0,109
2023-10-19,Store_C,Household,16.55,0,0,116
2023-10-20,Store_C,Household,16.35,0,0,109
2023-10-21,Store_C,Household,16.34,0,0,139
2023-10-22,Store_C,Household,16.78,0,0,161
2023-10-23,Store_C,Household,14.39,0,0,161
2023-10-24,Store_C,Household,15.55,0,0,133
2023-10-25,Store_C,Household,15.06,1,0,161
2023-10-26,Store_C,Household,15.3,1,0,137
2023-10-27,Store_C,Household,16.45,0,0,132
2023-10-28,Store_C,Household,15.08,0,0,173
2023-10-29,Store_C,Household,15.65,0,0,172
2023-10-30,Store_C,Household,17.29,0,0,158
2023-10-31,Store_C,Household,14.68,0,0,151
2023-11-01,Store_C,Household,16.8,0,0,124
2023-11-02,Store_C,Household,15.08,0,0,131
2023-11-03,Store_C,Household,16.51,0,0,114
2023-11-04,Store_C,Household,15.2,0,0,152
2023-11-05,Store_C,Household,16.13,0,0,158
2023-11-06,Store_C,Household,15.84,0,0,157
2023-11-07,Store_C,Household,15.68,0,0,142
2023-11-08,Store_C,Household,16.16,0,0,116
2023-11-09,Store_C,Household,15.24,0,0,114
2023-11-10,Store_C,Household,15.51,1,0,123
2023-11-11,Store_C,Household,14.71,0,0,138
2023-11-12,Store_C,Household,16.72,0,0,156
2023-11-13,Store_C,Household,16.95,0,0,132
2023-11-14,Store_C,Household,16.92,0,0,122
2023-11-15,Store_C,Household,16.17,1,0,132
2023-11-16,Store_C,Household,17.22,0,0,102
2023-11-17,Store_C,Household,16.46,1,0,118
2023-11-18,Store_C,Household,16.55,0,0,141
2023-11-19,Store_C,Household,16.15,0,0,162
2023-11-20,Store_C,Household,14.87,0,1,174
2023-11-21,Store_C,Household,14.98,0,1,169
2023-11-22,Store_C,Household,16.43,0,1,147
2023-11-23,Store_C,Household,15.93,0,1,153
2023-11-24,Store_C,Household,16.31,0,1,147
2023-11-25,Store_C,Household,16.0,0,1,188
2023-11-26,Store_C,Household,15.61,0,1,192
2023-11-27,Store_C,Household,15.91,0,1,184
2023-11-28,Store_C,Household,16.73,0,1,180
2023-11-29,Store_C,Household,15.44,0,1,174
2023-11-30,Store_C,Household,16.02,0,1,141
2023-12-01,Store_C,Household,16.98,0,0,134
2023-12-02,Store_C,Household,15.21,0,0,150
2023-12-03,Store_C,Household,16.39,0,0,173
2023-12-04,Store_C,Household,16.12,0,0,145
2023-12-05,Store_C,Household,16.68,1,0,166
2023-12-06,Store_C,Household,17.02,0,0,115
2023-12-07,Store_C,Household,17.09,1,0,149
2023-12-08,Store_C,Household,16.0,0,0,111
2023-12-09,Store_C,Household,16.14,0,0,143
2023-12-10,Store_C,Household,17.05,0,0,148
2023-12-11,Store_C,Household,17.67,0,0,122
2023-12-12,Store_C,Household,15.66,0,0,121
2023-12-13,Store_C,Household,16.94,0,0,107
2023-12-14,Store_C,Household,16.14,0,0,110
2023-12-15,Store_C,Household,16.25,0,0,119
2023-12-16,Store_C,Household,16.02,0,0,144
2023-12-17,Store_C,Household,15.88,0,0,146
2023-12-18,Store_C,Household,16.9,1,0,166
2023-12-19,Store_C,Household,16.01,0,0,125
2023-12-20,Store_C,Household,16.89,0,1,145
2023-12-21,Store_C,Household,16.23,1,1,176
2023-12-22,Store_C,Household,17.0,0,1,148
2023-12-23,Store_C,Household,16.77,0,1,175
2023-12-24,Store_C,Household,15.74,1,1,218
2023-12-25,Store_C,Household,15.99,1,1,200
2023-12-26,Store_C,Household,16.87,1,1,198
2023-12-27,Store_C,Household,17.08,0,1,162
2023-12-28,Store_C,Household,15.4,0,1,175
2023-12-29,Store_C,Household,14.7,1,1,178
2023-12-30,Store_C,Household,15.74,1,1,230
2023-12-31,Store_C,Household,17.37,0,1,185
